<?xml version="1.1" encoding="UTF-8"?>

<externalNode i18n.job.component.parameters="Component Parameters:" i18n.job.properties="Properties" i18n.job.values="Values" i18n.mapper.table.for="Mapper table for " i18n.mapper.table.properties="Mapper table Properties" i18n.job.name="Name" i18n.tmap.matching.mode="Matching-mode" i18n.mapper.table.isminimized="isMinimized" i18n.tmap.isreject="isReject" i18n.tmap.isrejectinnnerjoin="isRejectInnerJoin" i18n.tmap.isinnerjoin="isInnerJoin" i18n.tmap.expressionfilter="expressionFilter" i18n.mapper.table.metadata.entries="Metadata Table Entries" i18n.job.type="Type" i18n.mapper.table.expression="Expression" i18n.tmap.isnullable="isNullable" i18n.tmap.constraint.entries="Constraint Table Entries" name="tMap_9" preview="pictures/_wero4HIZEe2a8MelJg2PBQ-tMap_9-PREVIEW.bmp">
  <parameters>
    <column name="tStatCatcher Statistics">false</column>
    <column name="Mapping links display as:">AUTO</column>
    <column name="Temp data directory path:"></column>
    <column name="Max buffer size (nb of rows):">2000000</column>
    <column name="Ignore trailing zeros for BigDecimal">true</column>
    <column name="Show Information">false</column>
    <column name="Comment"><![CDATA[]]></column>
    <column name="Use an existing validation rule">false</column>
  </parameters>
  <mapperTable type="input">
    <table name="eac2_facility_extract" matching-mode="UNIQUE_MATCH" lookup-mode="LOAD_ONCE" isMinimized="false" isReject="false" isRejectInnerJoin="false" isInnerJoin="false" isPersistent="false" expressionFilter="null" activateExpressionFilter="false" activateCondensedTool="false" activateColumnNameFilter="false" columnNameFilter="null">
      <metadataTableEntries>
        <entry name="id" type="int" expression="" isNullable="false"/>
        <entry name="created_date" type="java.util.Date" expression="" isNullable="true"/>
        <entry name="last_modified_date" type="java.util.Date" expression="" isNullable="true"/>
        <entry name="created_by" type="String" expression="" isNullable="true"/>
        <entry name="last_modified_by" type="String" expression="" isNullable="true"/>
        <entry name="eac_id" type="String" expression="" isNullable="false"/>
        <entry name="archived" type="Integer" expression="" isNullable="true"/>
        <entry name="status" type="String" expression="" isNullable="true"/>
        <entry name="uuid" type="String" expression="" isNullable="true"/>
        <entry name="eac_session_date" type="java.util.Date" expression="" isNullable="true"/>
        <entry name="person_uuid" type="String" expression="" isNullable="true"/>
        <entry name="facility_id" type="int" expression="" isNullable="false"/>
      </metadataTableEntries>
    </table>
    <table name="row3" matching-mode="UNIQUE_MATCH" lookup-mode="LOAD_ONCE" isMinimized="false" isReject="false" isRejectInnerJoin="false" isInnerJoin="false" isPersistent="false" expressionFilter="null" activateExpressionFilter="false" activateCondensedTool="false" activateColumnNameFilter="false" columnNameFilter="null">
      <metadataTableEntries>
        <entry name="visit_id" type="String" expression="" isNullable="false"/>
        <entry name="visit_start_date" type="java.util.Date" expression="eac2_facility_extract.eac_session_date " isNullable="false"/>
        <entry name="person_uuid" type="String" expression="eac2_facility_extract.person_uuid " isNullable="false"/>
      </metadataTableEntries>
    </table>
  </mapperTable>
  <mapperTable type="output">
    <table name="copyOfeac2_visit" isMinimized="false" isReject="false" isRejectInnerJoin="false" isInnerJoin="false" isPersistent="false" expressionFilter="null" activateExpressionFilter="false" activateCondensedTool="false" activateColumnNameFilter="false" columnNameFilter="null">
      <metadataTableEntries>
        <entry name="id" type="int" expression="eac2_facility_extract.id " isNullable="false"/>
        <entry name="created_date" type="java.util.Date" expression="eac2_facility_extract.created_date " isNullable="true"/>
        <entry name="last_modified_date" type="java.util.Date" expression="eac2_facility_extract.last_modified_date " isNullable="true"/>
        <entry name="created_by" type="String" expression="eac2_facility_extract.created_by " isNullable="true"/>
        <entry name="last_modified_by" type="String" expression="eac2_facility_extract.last_modified_by " isNullable="true"/>
        <entry name="eac_id" type="String" expression="eac2_facility_extract.eac_id " isNullable="false"/>
        <entry name="archived" type="Integer" expression="eac2_facility_extract.archived " isNullable="true"/>
        <entry name="status" type="String" expression="eac2_facility_extract.status " isNullable="true"/>
        <entry name="uuid" type="String" expression="eac2_facility_extract.uuid " isNullable="true"/>
        <entry name="eac_session_date" type="java.util.Date" expression="eac2_facility_extract.eac_session_date " isNullable="true"/>
        <entry name="person_uuid" type="String" expression="eac2_facility_extract.person_uuid " isNullable="true"/>
        <entry name="facility_id" type="int" expression="eac2_facility_extract.facility_id " isNullable="false"/>
        <entry name="visit_id" type="String" expression="row3.visit_id " isNullable="false"/>
      </metadataTableEntries>
    </table>
  </mapperTable>
  <mapperTable type="var">
    <table name="Var" isMinimized="true" isReject="false" isRejectInnerJoin="false" isInnerJoin="false" isPersistent="false" expressionFilter="null" activateExpressionFilter="false" activateCondensedTool="false" activateColumnNameFilter="false" columnNameFilter="null"/>
  </mapperTable>
</externalNode>
