<?xml version="1.1" encoding="UTF-8"?>

<externalNode i18n.job.component.parameters="Component Parameters:" i18n.job.properties="Properties" i18n.job.values="Values" i18n.mapper.table.for="Mapper table for " i18n.mapper.table.properties="Mapper table Properties" i18n.job.name="Name" i18n.tmap.matching.mode="Matching-mode" i18n.mapper.table.isminimized="isMinimized" i18n.tmap.isreject="isReject" i18n.tmap.isrejectinnnerjoin="isRejectInnerJoin" i18n.tmap.isinnerjoin="isInnerJoin" i18n.tmap.expressionfilter="expressionFilter" i18n.mapper.table.metadata.entries="Metadata Table Entries" i18n.job.type="Type" i18n.mapper.table.expression="Expression" i18n.tmap.isnullable="isNullable" i18n.tmap.constraint.entries="Constraint Table Entries" name="tMap_3" preview="pictures/_wero4HIZEe2a8MelJg2PBQ-tMap_3-PREVIEW.bmp">
  <parameters>
    <column name="tStatCatcher Statistics">false</column>
    <column name="Mapping links display as:">AUTO</column>
    <column name="Temp data directory path:"></column>
    <column name="Max buffer size (nb of rows):">2000000</column>
    <column name="Ignore trailing zeros for BigDecimal">true</column>
    <column name="Show Information">false</column>
    <column name="Comment"><![CDATA[]]></column>
    <column name="Use an existing validation rule">false</column>
  </parameters>
  <mapperTable type="input">
    <table name="eac_extract" matching-mode="UNIQUE_MATCH" lookup-mode="LOAD_ONCE" isMinimized="false" isReject="false" isRejectInnerJoin="false" isInnerJoin="false" isPersistent="false" expressionFilter="null" activateExpressionFilter="false" activateCondensedTool="false" activateColumnNameFilter="false" columnNameFilter="null">
      <metadataTableEntries>
        <entry name="id" type="int" expression="" isNullable="false"/>
        <entry name="created_date" type="java.util.Date" expression="" isNullable="false"/>
        <entry name="last_modified_date" type="java.util.Date" expression="" isNullable="false"/>
        <entry name="created_by" type="String" expression="" isNullable="false"/>
        <entry name="last_modified_by" type="String" expression="" isNullable="false"/>
        <entry name="last_viral_load" type="Double" expression="" isNullable="true"/>
        <entry name="date_of_last_viral_load" type="java.util.Date" expression="" isNullable="true"/>
        <entry name="uuid" type="String" expression="" isNullable="false"/>
        <entry name="archived" type="int" expression="" isNullable="false"/>
        <entry name="status" type="String" expression="" isNullable="true"/>
        <entry name="date_eac" type="java.util.Date" expression="" isNullable="true"/>
        <entry name="person_uuid" type="String" expression="" isNullable="false"/>
        <entry name="datim_id" type="String" expression="" isNullable="false"/>
      </metadataTableEntries>
    </table>
    <table name="facility_records" matching-mode="UNIQUE_MATCH" lookup-mode="LOAD_ONCE" isMinimized="false" isReject="false" isRejectInnerJoin="false" isInnerJoin="false" isPersistent="false" expressionFilter="null" activateExpressionFilter="false" activateCondensedTool="false" activateColumnNameFilter="false" columnNameFilter="null">
      <metadataTableEntries>
        <entry name="id" type="int" expression="" isNullable="false"/>
        <entry name="facility_name" type="String" expression="" isNullable="false"/>
        <entry name="lga_name" type="String" expression="" isNullable="false"/>
        <entry name="datim_id" type="String" expression="eac_extract.datim_id " isNullable="false"/>
      </metadataTableEntries>
    </table>
  </mapperTable>
  <mapperTable type="output">
    <table name="eac_facility_extract" isMinimized="false" isReject="false" isRejectInnerJoin="false" isInnerJoin="false" isPersistent="false" expressionFilter="null" activateExpressionFilter="false" activateCondensedTool="false" activateColumnNameFilter="false" columnNameFilter="null">
      <metadataTableEntries>
        <entry name="id" type="int" expression="eac_extract.id " isNullable="false"/>
        <entry name="person_uuid" type="String" expression="eac_extract.person_uuid " isNullable="false"/>
        <entry name="facility_id" type="int" expression="facility_records.id " isNullable="false"/>
        <entry name="created_date" type="java.util.Date" expression="eac_extract.created_date" isNullable="false"/>
        <entry name="last_modified_date" type="java.util.Date" expression="eac_extract.last_modified_date" isNullable="false"/>
        <entry name="archived" type="int" expression="eac_extract.archived " isNullable="false"/>
        <entry name="created_by" type="String" expression="eac_extract.created_by" isNullable="false"/>
        <entry name="last_modified_by" type="String" expression="eac_extract.last_modified_by" isNullable="false"/>
        <entry name="last_viral_load" type="Double" expression="eac_extract.last_viral_load " isNullable="true"/>
        <entry name="date_of_last_viral_load" type="java.util.Date" expression="eac_extract.date_of_last_viral_load " isNullable="true"/>
        <entry name="uuid" type="String" expression="eac_extract.uuid " isNullable="false"/>
        <entry name="status" type="String" expression="eac_extract.status " isNullable="true"/>
        <entry name="date_eac" type="java.util.Date" expression="eac_extract.date_eac " isNullable="true"/>
      </metadataTableEntries>
    </table>
  </mapperTable>
  <mapperTable type="var">
    <table name="Var" isMinimized="true" isReject="false" isRejectInnerJoin="false" isInnerJoin="false" isPersistent="false" expressionFilter="null" activateExpressionFilter="false" activateCondensedTool="false" activateColumnNameFilter="false" columnNameFilter="null"/>
  </mapperTable>
</externalNode>
