<?xml version="1.1" encoding="UTF-8"?>

<project i18n.job.generated.documetation="Generated documentation" i18n.job.project.name="Project Name" i18n.job.generated.date="GENERATION DATE" i18n.job.author="AUTHOR" i18n.job.summary="Summary" i18n.job.project.description="Project Description" i18n.job.job.description="Description" i18n.job.job.preview.picture="Preview Picture" i18n.job.job.setting="Settings" i18n.job.context.list="Context List" i18n.job.component.list="Component List" i18n.job.components.description="Components Description" i18n.job.source.code="Source Code" i18n.job.properties="Properties" i18n.job.values="Values" i18n.job.name="Name" i18n.job.language="Language" i18n.job.description="Description" i18n.job.author.min="Author" i18n.job.version="Version" i18n.job.purpose="Purpose" i18n.job.status="Status" i18n.job.creation="Creation" i18n.job.modification="Modification" i18n.job.extract.settings="Extra settings" i18n.job.value="Value" i18n.job.stats.logs="Status &amp; Logs" i18n.job.context="Context" i18n.job.promt="Prompt" i18n.job.need.promt="Need Prompt?" i18n.job.type="Type" i18n.job.source="Source" i18n.job.component.name="Component Name" i18n.job.component.type="Component Type" i18n.job.component="Component" i18n.job.unique.name="UNIQUE NAME" i18n.job.input="INPUT(S)" i18n.job.label="LABEL" i18n.job.output="OUTPUT(S)" i18n.job.component.parameters="Component Parameters:" i18n.job.schema.for="Schema for " i18n.job.column="Column" i18n.job.key="Key" i18n.job.length="Length" i18n.job.precision="Precision" i18n.job.nullable="Nullable" i18n.job.comment="Comment" i18n.job.original.function.parameters="Original Function Parameters:" i18n.job.ended="ended" i18n.job.content="content" i18n.route.manifest.type="Type" i18n.route.manifest.value="Value" i18n.route.resource.name="Name" i18n.route.resource.version="Version" i18n.route.resource.path="Path" name="LAMISPlus_ETL" logo="pictures/logo.jpg" title="Generated by Talend Open Studio for Big Data" link="http://www.talend.com" language="java" generatedDate="Mar 20, 2023 10:50:10 PM" versionName="Talend Open Studio VERSION " version="7.3.1.20200219_1130" docType="Jobs" company="">
  <pro-description><![CDATA[]]></pro-description>
  <job name="N_PrEP_Clinic" author="user@talend.com" i18n.job.extract.settings.type="i18n.job.extract.settings" i18n.job.stats.logs.type="i18n.job.stats.logs" version="6.0" purpose="ETL Tool for PrEP_Clinic migration" status="" creation="Feb 1, 2023 11:16:56 PM" modification="Mar 20, 2023 10:49:58 PM">
    <description><![CDATA[This ETL tool is used for the migration of PrEP clinic records from LAMIS 3 to LAMISPlus prep_clinic table<br/>]]></description>
    <preview picture="pictures/N_PrEP_Clinic_6.0.png"/>
    <contextList>
      <context name="Default">
        <contextParameter name="LAMIS3_Database" prompt="LAMIS3_Database?" promptNeeded="true" type="id_String" value="lamis-aminu" source="LAMIS3"/>
        <contextParameter name="LAMIS3_Port" prompt="LAMIS3_Port?" promptNeeded="false" type="id_String" value="5432" source="LAMIS3"/>
        <contextParameter name="LAMIS3_AdditionalParams" prompt="LAMIS3_AdditionalParams?" promptNeeded="false" type="id_String" value="" source="LAMIS3"/>
        <contextParameter name="LAMIS3_Schema" prompt="LAMIS3_Schema?" promptNeeded="false" type="id_String" value="public" source="LAMIS3"/>
        <contextParameter name="LAMIS3_Password" prompt="LAMIS3_Password?" promptNeeded="true" type="id_Password" value="*****" source="LAMIS3"/>
        <contextParameter name="LAMIS3_Server" prompt="LAMIS3_Server?" promptNeeded="false" type="id_String" value="localhost" source="LAMIS3"/>
        <contextParameter name="LAMIS3_Login" prompt="LAMIS3_Login?" promptNeeded="false" type="id_String" value="postgres" source="LAMIS3"/>
        <contextParameter name="LAMISPlus_Port" prompt="LAMISPlus_Port?" promptNeeded="false" type="id_String" value="5432"/>
        <contextParameter name="LAMISPlus_Server" prompt="LAMISPlus_Server?" promptNeeded="false" type="id_String" value="localhost"/>
        <contextParameter name="LAMISPlus_Schema" prompt="LAMISPlus_Schema?" promptNeeded="false" type="id_String" value="public"/>
        <contextParameter name="LAMISPlus_Login" prompt="LAMISPlus_Login?" promptNeeded="false" type="id_String" value="postgres"/>
        <contextParameter name="LAMISPlus_AdditionalParams" prompt="LAMISPlus_AdditionalParams?" promptNeeded="false" type="id_String" value=""/>
        <contextParameter name="LAMISPlus_Password" prompt="LAMISPlus_Password?" promptNeeded="true" type="id_Password" value="*****"/>
        <contextParameter name="LAMISPlus_Database" prompt="LAMISPlus_Database?" promptNeeded="true" type="id_String" value="test"/>
      </context>
      <context name="LAMIS3">
        <contextParameter name="LAMIS3_Database" prompt="LAMIS3_Database?" promptNeeded="true" type="id_String" value="lamis-aminu" source="LAMIS3"/>
        <contextParameter name="LAMIS3_Port" prompt="LAMIS3_Port?" promptNeeded="false" type="id_String" value="5432" source="LAMIS3"/>
        <contextParameter name="LAMIS3_AdditionalParams" prompt="LAMIS3_AdditionalParams?" promptNeeded="false" type="id_String" value="" source="LAMIS3"/>
        <contextParameter name="LAMIS3_Schema" prompt="LAMIS3_Schema?" promptNeeded="false" type="id_String" value="public" source="LAMIS3"/>
        <contextParameter name="LAMIS3_Password" prompt="LAMIS3_Password?" promptNeeded="true" type="id_Password" value="*****" source="LAMIS3"/>
        <contextParameter name="LAMIS3_Server" prompt="LAMIS3_Server?" promptNeeded="false" type="id_String" value="localhost" source="LAMIS3"/>
        <contextParameter name="LAMIS3_Login" prompt="LAMIS3_Login?" promptNeeded="false" type="id_String" value="postgres" source="LAMIS3"/>
        <contextParameter name="LAMISPlus_Port" prompt="LAMISPlus_Port?" promptNeeded="false" type="id_String" value="5432"/>
        <contextParameter name="LAMISPlus_Server" prompt="LAMISPlus_Server?" promptNeeded="false" type="id_String" value="localhost"/>
        <contextParameter name="LAMISPlus_Schema" prompt="LAMISPlus_Schema?" promptNeeded="false" type="id_String" value="public"/>
        <contextParameter name="LAMISPlus_Login" prompt="LAMISPlus_Login?" promptNeeded="false" type="id_String" value="postgres"/>
        <contextParameter name="LAMISPlus_AdditionalParams" prompt="LAMISPlus_AdditionalParams?" promptNeeded="false" type="id_String" value=""/>
        <contextParameter name="LAMISPlus_Password" prompt="LAMISPlus_Password?" promptNeeded="true" type="id_Password" value="*****"/>
        <contextParameter name="LAMISPlus_Database" prompt="LAMISPlus_Database?" promptNeeded="true" type="id_String" value="test"/>
      </context>
      <context name="Lamisplus">
        <contextParameter name="LAMISPlus_Schema" prompt="LAMISPlus_Schema?" promptNeeded="false" type="id_String" value="public"/>
        <contextParameter name="LAMISPlus_AdditionalParams" prompt="LAMISPlus_AdditionalParams?" promptNeeded="false" type="id_String" value=""/>
        <contextParameter name="LAMISPlus_Database" prompt="LAMISPlus_Database?" promptNeeded="true" type="id_String" value="test"/>
        <contextParameter name="LAMISPlus_Login" prompt="LAMISPlus_Login?" promptNeeded="false" type="id_String" value="postgres"/>
        <contextParameter name="LAMISPlus_Server" prompt="LAMISPlus_Server?" promptNeeded="false" type="id_String" value="localhost"/>
        <contextParameter name="LAMISPlus_Password" prompt="LAMISPlus_Password?" promptNeeded="true" type="id_Password" value="*****"/>
        <contextParameter name="LAMISPlus_Port" prompt="LAMISPlus_Port?" promptNeeded="false" type="id_String" value="5432"/>
        <contextParameter name="LAMIS3_Login" prompt="LAMIS3_Login?" promptNeeded="false" type="id_String" value="postgres" source="LAMIS3"/>
        <contextParameter name="LAMIS3_Port" prompt="LAMIS3_Port?" promptNeeded="false" type="id_String" value="5432" source="LAMIS3"/>
        <contextParameter name="LAMIS3_AdditionalParams" prompt="LAMIS3_AdditionalParams?" promptNeeded="false" type="id_String" value="" source="LAMIS3"/>
        <contextParameter name="LAMIS3_Database" prompt="LAMIS3_Database?" promptNeeded="true" type="id_String" value="lamis-aminu" source="LAMIS3"/>
        <contextParameter name="LAMIS3_Password" prompt="LAMIS3_Password?" promptNeeded="true" type="id_Password" value="*****" source="LAMIS3"/>
        <contextParameter name="LAMIS3_Server" prompt="LAMIS3_Server?" promptNeeded="false" type="id_String" value="localhost" source="LAMIS3"/>
        <contextParameter name="LAMIS3_Schema" prompt="LAMIS3_Schema?" promptNeeded="false" type="id_String" value="public" source="LAMIS3"/>
      </context>
    </contextList>
    <jobSetting>
      <extra>
        <jobParameter name="COMP_DEFAULT_FILE_DIR" value=""/>
        <jobParameter name="Multi thread execution" value="false"/>
        <jobParameter name="Implicit tContextLoad" value="false"/>
      </extra>
      <Statslogs>
        <jobParameter name="Use statistics (tStatCatcher)" value="false"/>
        <jobParameter name="Use logs (tLogCatcher)" value="false"/>
        <jobParameter name="Use volumetrics (tFlowMeterCatcher)" value="false"/>
        <jobParameter name="On Console" value="false"/>
        <jobParameter name="On Files" value="false"/>
        <jobParameter name="On Databases" value="false"/>
        <jobParameter name="Catch components statistics" value="false"/>
        <jobParameter name="Catch runtime errors" value="true"/>
        <jobParameter name="Catch user errors" value="true"/>
        <jobParameter name="Catch user warnings" value="true"/>
      </Statslogs>
    </jobSetting>
    <componentList>
      <componentItem name="tDBInput_1" link="tDBInput_1" type="tPostgresqlInput" leftTopX="224" leftTopY="224" rightBottomX="256" rightBottomY="256"/>
      <componentItem name="tDBInput_2" link="tDBInput_2" type="tPostgresqlInput" leftTopX="320" leftTopY="320" rightBottomX="352" rightBottomY="352"/>
      <componentItem name="tDBInput_3" link="tDBInput_3" type="tPostgresqlInput" leftTopX="224" leftTopY="416" rightBottomX="256" rightBottomY="448"/>
      <componentItem name="tDBInput_4" link="tDBInput_4" type="tPostgresqlInput" leftTopX="704" leftTopY="96" rightBottomX="736" rightBottomY="128"/>
      <componentItem name="tDBInput_5" link="tDBInput_5" type="tPostgresqlInput" leftTopX="352" leftTopY="64" rightBottomX="384" rightBottomY="96"/>
      <componentItem name="tDBInput_7" link="tDBInput_7" type="tPostgresqlInput" leftTopX="544" leftTopY="320" rightBottomX="576" rightBottomY="352"/>
      <componentItem name="tDBInput_8" link="tDBInput_8" type="tPostgresqlInput" leftTopX="832" leftTopY="320" rightBottomX="864" rightBottomY="352"/>
      <componentItem name="tDBInput_9" link="tDBInput_9" type="tPostgresqlInput" leftTopX="256" leftTopY="128" rightBottomX="288" rightBottomY="160"/>
      <componentItem name="tDBOutput_1" link="tDBOutput_1" type="tPostgresqlOutput" leftTopX="768" leftTopY="416" rightBottomX="800" rightBottomY="448"/>
      <componentItem name="tDBOutput_3" link="tDBOutput_3" type="tPostgresqlOutput" leftTopX="832" leftTopY="224" rightBottomX="864" rightBottomY="256"/>
      <componentItem name="tJava_1" link="tJava_1" type="tJava" leftTopX="32" leftTopY="256" rightBottomX="64" rightBottomY="288"/>
      <componentItem name="tJava_2" link="tJava_2" type="tJava" leftTopX="896" leftTopY="384" rightBottomX="928" rightBottomY="416"/>
      <componentItem name="tMap_1" link="tMap_1" type="tMap" leftTopX="544" leftTopY="224" rightBottomX="576" rightBottomY="256"/>
      <componentItem name="tMap_2" link="tMap_2" type="tMap" leftTopX="512" leftTopY="416" rightBottomX="544" rightBottomY="448"/>
    </componentList>
    <internalNodeComponents>
      <component icon="pictures/tDBInput_1.png" uniqueName="tDBInput_1" label="PrEP_Patient">
        <input>none</input>
        <output link="tMap_1">tMap_1</output>
        <output link="tDBInput_3">tDBInput_3</output>
        <output link="tJava_1">tJava_1</output>
        <componentType>tPostgresqlInput</componentType>
        <parameters>
          <column name="Database" value="tPostgresqlInput"/>
          <column name="Unique Name" value="tDBInput_1"/>
          <column name="Component Name" value="tPostgresqlInput"/>
          <column name="Version" value="0.102 (ALPHA)"/>
          <column name="Family" value="Databases/DB Specifics/PostgreSQL"/>
          <column name="Start" value="true"/>
          <column name="Startable" value="true"/>
          <column name="SUBTREE_START" value="true"/>
          <column name="END_OF_FLOW" value="false"/>
          <column name="Activate" value="true"/>
          <column name="DUMMY" value="false"/>
          <column name="tStatCatcher Statistics" value="false"/>
          <column name="Help" value="org.talend.help.tPostgresqlInput"/>
          <column name="Update components" value="true"/>
          <column name="IREPORT_PATH" value=""/>
          <column name="JAVA_LIBRARY_PATH" value="C:\Users\A\Documents\TOS_BD-20200219_1130-V7.3.1\configuration\lib\java"/>
          <column name="Subjob color" value=""/>
          <column name="Title color" value=""/>
          <column name="Property Type" value="repository: DB (POSTGRESQL):LAMIS3"/>
          <column name="Use an existing connection" value="false"/>
          <column name="Component List" value=""/>
          <column name="DB Version" value="V9_X"/>
          <column name="Host" value="context.LAMIS3_Server"/>
          <column name="Database Driver" value="POSTGRESQL"/>
          <column name="Port" value="context.LAMIS3_Port"/>
          <column name="Database" value="context.LAMIS3_Database"/>
          <column name="Schema" value="context.LAMIS3_Schema"/>
          <column name="Username" value="context.LAMIS3_Login"/>
          <column name="Password" value="context.LAMIS3_Password"/>
          <column name="REPOSITORY_ALLOW_AUTO_SWITCH" value="true"/>
          <column name="Schema" value="Built-In"/>
          <column name="Table Name" value="&quot;&quot;"/>
          <column name="Query Type" value="Built-In"/>
          <column name="Guess Schema" value="&quot;&quot;"/>
          <column name="Query" value="&quot;SELECT p.uuid as person_uuid, 
	c.date_visit::timestamp as encounter_date, 
	CASE WHEN re.description IS NOT NULL THEN c.date_visit::timestamp ELSE NULL END AS date_prep_given,
	c.last_modified as date_created, 
	c.last_modified as date_modified,
	'ETL' AS created_by,
	'ETL' AS modified_by,
c.extra,
	CONCAT(c.id, c.uuid, c.id)::VARCHAR as uuid,
    c.archived::integer, 
	c.body_weight, 
	NULLIF(regexp_replace((case when length(split_part(c.bp, '/', 1))&gt;1 then cast(split_part(c.bp, '/', 1)as varchar) else null end), '\\D','','g'), '')::double precision as systolic,
   	NULLIF(regexp_replace((case when length(split_part(c.bp, '/', 2))&gt;1 then cast(split_part(c.bp, '/', 2)as varchar) else null end), '\\D','','g'), '')::double precision as diastolic, 
	  CASE
    WHEN c.height is not null AND POSITION('.' IN c.height::VARCHAR) &gt; 0 THEN (c.height * 100)
	WHEN LENGTH(c.height::VARCHAR) &lt;= 2 THEN (c.height * 10)

	ELSE
	c.height
  END 
  AS height,
  c.commence AS is_commencement,
  c.next_appointment,
  re.description,
  c.adherence_level,
  lower(left(c.extra-&gt;'prep'-&gt;&gt;'hivTestResult',3)) AS hiv_test_result,
  CAST(pr_ph.refill_period AS INTEGER) as duration,
  (CASE WHEN c.pregnant IS NULL THEN NULL
  WHEN c.pregnant IS true THEN 'PREGANACY_STATUS_PREGNANT'
  ELSE 'PREGANACY_STATUS_NOT_PREGNANT'
  END) pregnant,
    n.datim_id AS datim_id
    FROM clinic c 
    INNER JOIN patient p 
    ON p.id=c.patient_id
	INNER JOIN pharmacy ph ON ph.patient_id=c.patient_id AND ph.date_visit = c.date_visit
    INNER JOIN ndr_facility n 
    ON n.id=p.facility_id
	
	INNER JOIN (SELECT DISTINCT id, arr.line-&gt;&gt;'duration'::VARCHAR as refill_period, arr.line-&gt;&gt;'regimen_id'::VARCHAR AS regimen_id
FROM pharmacy,
jsonb_array_elements(lines) with ordinality arr(line, position)) pr_ph ON pr_ph.id=ph.id
INNER JOIN regimen re ON pr_ph.regimen_id=re.id::VARCHAR
WHERE p.extra-&gt;&gt;'art'!='true' AND re.regimen_type_id IN (30)
GROUP BY p.uuid, c.id, c.uuid, c.date_visit, re.description, c.last_modified, c.extra,
pr_ph.refill_period, n.datim_id&quot;"/>
          <column name="Specify a data source alias" value="false"/>
          <column name="Data source alias" value="&quot;&quot;"/>
          <column name="Mapping" value="postgres_id"/>
          <column name="Additional JDBC Parameters" value="context.LAMIS3_AdditionalParams"/>
          <column name="Encoding" value="&quot;ISO-8859-15&quot;"/>
          <column name="Use fetch size" value="false"/>
          <column name="Fetch size" value="1000"/>
          <column name="Trim all the String/Char columns" value="false"/>
          <column name="Trim column" value="[{SCHEMA_COLUMN=person_uuid, TRIM=false}, {SCHEMA_COLUMN=encounter_date, TRIM=false}, {SCHEMA_COLUMN=date_prep_given, TRIM=false}, {SCHEMA_COLUMN=date_created, TRIM=false}, {SCHEMA_COLUMN=date_modified, TRIM=false}, {SCHEMA_COLUMN=created_by, TRIM=false}, {SCHEMA_COLUMN=modified_by, TRIM=false}, {SCHEMA_COLUMN=extra, TRIM=false}, {SCHEMA_COLUMN=uuid, TRIM=false}, {SCHEMA_COLUMN=archived, TRIM=false}, {SCHEMA_COLUMN=body_weight, TRIM=false}, {SCHEMA_COLUMN=systolic, TRIM=false}, {SCHEMA_COLUMN=diastolic, TRIM=false}, {SCHEMA_COLUMN=height, TRIM=false}, {SCHEMA_COLUMN=is_commencement, TRIM=false}, {SCHEMA_COLUMN=next_appointment, TRIM=false}, {SCHEMA_COLUMN=description, TRIM=false}, {SCHEMA_COLUMN=adherence_level, TRIM=false}, {SCHEMA_COLUMN=hiv_test_result, TRIM=false}, {SCHEMA_COLUMN=duration, TRIM=false}, {SCHEMA_COLUMN=pregnant, TRIM=false}, {SCHEMA_COLUMN=datim_id, TRIM=false}]"/>
          <column name="Label format" value="PrEP_Patient"/>
          <column name="Hint format" value="&lt;b&gt;__UNIQUE_NAME__&lt;/b&gt;&lt;br&gt;__COMMENT__"/>
          <column name="Connection format" value="row"/>
          <column name="Show Information" value="false"/>
          <column name="Comment" value=""/>
          <column name="Use an existing validation rule" value="false"/>
          <column name="Validation Rule Type" value=""/>
        </parameters>
        <schemas>
          <schema name="tDBInput_1">
            <column name="person_uuid" key="false" type="String" length="36" precision="" nullable="true" comment=""/>
            <column name="encounter_date" key="false" type="java.util.Date" length="29" precision="6" nullable="true" comment=""/>
            <column name="date_prep_given" key="false" type="java.util.Date" length="29" precision="6" nullable="true" comment=""/>
            <column name="date_created" key="false" type="java.util.Date" length="29" precision="6" nullable="true" comment=""/>
            <column name="date_modified" key="false" type="java.util.Date" length="29" precision="6" nullable="true" comment=""/>
            <column name="created_by" key="false" type="String" length="100" precision="" nullable="true" comment=""/>
            <column name="modified_by" key="false" type="String" length="100" precision="" nullable="true" comment=""/>
            <column name="extra" key="false" type="String" length="100" precision="" nullable="true" comment=""/>
            <column name="uuid" key="true" type="String" length="1000" precision="" nullable="true" comment=""/>
            <column name="archived" key="false" type="Integer" length="10" precision="" nullable="true" comment=""/>
            <column name="body_weight" key="false" type="Double" length="17" precision="17" nullable="true" comment=""/>
            <column name="systolic" key="false" type="Double" length="17" precision="17" nullable="true" comment=""/>
            <column name="diastolic" key="false" type="Double" length="17" precision="17" nullable="true" comment=""/>
            <column name="height" key="false" type="Double" length="17" precision="17" nullable="true" comment=""/>
            <column name="is_commencement" key="false" type="boolean" length="1" precision="" nullable="false" comment=""/>
            <column name="next_appointment" key="false" type="java.util.Date" length="13" precision="" nullable="true" comment=""/>
            <column name="description" key="false" type="String" length="100" precision="" nullable="false" comment=""/>
            <column name="adherence_level" key="false" type="String" length="15" precision="" nullable="true" comment=""/>
            <column name="hiv_test_result" key="false" type="String" length="100" precision="" nullable="true" comment=""/>
            <column name="duration" key="false" type="Integer" length="10" precision="" nullable="true" comment=""/>
            <column name="pregnant" key="false" type="String" length="100" precision="" nullable="true" comment=""/>
            <column name="datim_id" key="false" type="String" length="32" precision="" nullable="false" comment=""/>
          </schema>
        </schemas>
      </component>
      <component icon="pictures/tDBInput_2.png" uniqueName="tDBInput_2" label="Prep_Regimen">
        <input>none</input>
        <output link="tMap_1">tMap_1</output>
        <componentType>tPostgresqlInput</componentType>
        <parameters>
          <column name="Database" value="tPostgresqlInput"/>
          <column name="Unique Name" value="tDBInput_2"/>
          <column name="Component Name" value="tPostgresqlInput"/>
          <column name="Version" value="0.102 (ALPHA)"/>
          <column name="Family" value="Databases/DB Specifics/PostgreSQL"/>
          <column name="Start" value="false"/>
          <column name="Startable" value="true"/>
          <column name="SUBTREE_START" value="false"/>
          <column name="END_OF_FLOW" value="false"/>
          <column name="Activate" value="true"/>
          <column name="DUMMY" value="false"/>
          <column name="tStatCatcher Statistics" value="false"/>
          <column name="Help" value="org.talend.help.tPostgresqlInput"/>
          <column name="Update components" value="true"/>
          <column name="IREPORT_PATH" value=""/>
          <column name="JAVA_LIBRARY_PATH" value="C:\Users\A\Documents\TOS_BD-20200219_1130-V7.3.1\configuration\lib\java"/>
          <column name="Subjob color" value=""/>
          <column name="Title color" value=""/>
          <column name="Property Type" value="repository: DB (POSTGRESQL):LAMISPlus"/>
          <column name="Use an existing connection" value="false"/>
          <column name="Component List" value=""/>
          <column name="DB Version" value="V9_X"/>
          <column name="Host" value="context.LAMISPlus_Server"/>
          <column name="Database Driver" value="POSTGRESQL"/>
          <column name="Port" value="context.LAMISPlus_Port"/>
          <column name="Database" value="context.LAMISPlus_Database"/>
          <column name="Schema" value="context.LAMISPlus_Schema"/>
          <column name="Username" value="context.LAMISPlus_Login"/>
          <column name="Password" value="context.LAMISPlus_Password"/>
          <column name="REPOSITORY_ALLOW_AUTO_SWITCH" value="true"/>
          <column name="Schema" value="Built-In"/>
          <column name="Table Name" value="&quot;&quot;"/>
          <column name="Query Type" value="Built-In"/>
          <column name="Guess Schema" value="&quot;&quot;"/>
          <column name="Query" value="&quot;SELECT id, regimen FROM prep_regimen&quot;"/>
          <column name="Specify a data source alias" value="false"/>
          <column name="Data source alias" value="&quot;&quot;"/>
          <column name="Mapping" value="postgres_id"/>
          <column name="Additional JDBC Parameters" value="context.LAMISPlus_AdditionalParams"/>
          <column name="Encoding" value="&quot;ISO-8859-15&quot;"/>
          <column name="Use fetch size" value="false"/>
          <column name="Fetch size" value="1000"/>
          <column name="Trim all the String/Char columns" value="false"/>
          <column name="Trim column" value="[{SCHEMA_COLUMN=id, TRIM=false}, {SCHEMA_COLUMN=regimen, TRIM=false}]"/>
          <column name="Label format" value="Prep_Regimen"/>
          <column name="Hint format" value="&lt;b&gt;__UNIQUE_NAME__&lt;/b&gt;&lt;br&gt;__COMMENT__"/>
          <column name="Connection format" value="row"/>
          <column name="Show Information" value="false"/>
          <column name="Comment" value=""/>
          <column name="Use an existing validation rule" value="false"/>
          <column name="Validation Rule Type" value=""/>
        </parameters>
        <schemas>
          <schema name="tDBInput_2">
            <column name="id" key="true" type="long" length="" precision="" nullable="false" comment=""/>
            <column name="regimen" key="false" type="String" length="" precision="" nullable="false" comment=""/>
          </schema>
        </schemas>
      </component>
      <component icon="pictures/tDBInput_3.png" uniqueName="tDBInput_3" label="Sequence_Update">
        <input link="tDBInput_1">tDBInput_1</input>
        <output link="tMap_2">tMap_2</output>
        <componentType>tPostgresqlInput</componentType>
        <parameters>
          <column name="Database" value="tPostgresqlInput"/>
          <column name="Unique Name" value="tDBInput_3"/>
          <column name="Component Name" value="tPostgresqlInput"/>
          <column name="Version" value="0.102 (ALPHA)"/>
          <column name="Family" value="Databases/DB Specifics/PostgreSQL"/>
          <column name="Start" value="false"/>
          <column name="Startable" value="true"/>
          <column name="SUBTREE_START" value="true"/>
          <column name="END_OF_FLOW" value="false"/>
          <column name="Activate" value="true"/>
          <column name="DUMMY" value="false"/>
          <column name="tStatCatcher Statistics" value="false"/>
          <column name="Help" value="org.talend.help.tPostgresqlInput"/>
          <column name="Update components" value="true"/>
          <column name="IREPORT_PATH" value=""/>
          <column name="JAVA_LIBRARY_PATH" value="C:\Users\A\Documents\TOS_BD-20200219_1130-V7.3.1\configuration\lib\java"/>
          <column name="Subjob color" value=""/>
          <column name="Title color" value=""/>
          <column name="Property Type" value="repository: DB (POSTGRESQL):LAMISPlus"/>
          <column name="Use an existing connection" value="false"/>
          <column name="Component List" value=""/>
          <column name="DB Version" value="V9_X"/>
          <column name="Host" value="context.LAMISPlus_Server"/>
          <column name="Database Driver" value="POSTGRESQL"/>
          <column name="Port" value="context.LAMISPlus_Port"/>
          <column name="Database" value="context.LAMISPlus_Database"/>
          <column name="Schema" value="context.LAMISPlus_Schema"/>
          <column name="Username" value="context.LAMISPlus_Login"/>
          <column name="Password" value="context.LAMISPlus_Password"/>
          <column name="REPOSITORY_ALLOW_AUTO_SWITCH" value="true"/>
          <column name="Schema" value="Built-In"/>
          <column name="Table Name" value="&quot;&quot;"/>
          <column name="Query Type" value="Built-In"/>
          <column name="Guess Schema" value="&quot;&quot;"/>
          <column name="Query" value="&quot;SELECT pg_catalog.setval('prep_clinic_id_seq', (SELECT MAX(id) FROM prep_clinic), true)&quot;"/>
          <column name="Specify a data source alias" value="false"/>
          <column name="Data source alias" value="&quot;&quot;"/>
          <column name="Mapping" value="postgres_id"/>
          <column name="Additional JDBC Parameters" value="context.LAMISPlus_AdditionalParams"/>
          <column name="Encoding" value="&quot;ISO-8859-15&quot;"/>
          <column name="Use fetch size" value="false"/>
          <column name="Fetch size" value="1000"/>
          <column name="Trim all the String/Char columns" value="false"/>
          <column name="Trim column" value="[{SCHEMA_COLUMN=sequence_count, TRIM=false}]"/>
          <column name="Label format" value="Sequence_Update"/>
          <column name="Hint format" value="&lt;b&gt;__UNIQUE_NAME__&lt;/b&gt;&lt;br&gt;__COMMENT__"/>
          <column name="Connection format" value="row"/>
          <column name="Show Information" value="false"/>
          <column name="Comment" value=""/>
          <column name="Use an existing validation rule" value="false"/>
          <column name="Validation Rule Type" value=""/>
        </parameters>
        <schemas>
          <schema name="tDBInput_3">
            <column name="sequence_count" key="false" type="Long" length="19" precision="" nullable="true" comment=""/>
          </schema>
        </schemas>
      </component>
      <component icon="pictures/tDBInput_4.png" uniqueName="tDBInput_4" label="Facility">
        <input>none</input>
        <output link="tMap_1">tMap_1</output>
        <componentType>tPostgresqlInput</componentType>
        <parameters>
          <column name="Database" value="tPostgresqlInput"/>
          <column name="Unique Name" value="tDBInput_4"/>
          <column name="Component Name" value="tPostgresqlInput"/>
          <column name="Version" value="0.102 (ALPHA)"/>
          <column name="Family" value="Databases/DB Specifics/PostgreSQL"/>
          <column name="Start" value="false"/>
          <column name="Startable" value="true"/>
          <column name="SUBTREE_START" value="false"/>
          <column name="END_OF_FLOW" value="false"/>
          <column name="Activate" value="true"/>
          <column name="DUMMY" value="false"/>
          <column name="tStatCatcher Statistics" value="false"/>
          <column name="Help" value="org.talend.help.tPostgresqlInput"/>
          <column name="Update components" value="true"/>
          <column name="IREPORT_PATH" value=""/>
          <column name="JAVA_LIBRARY_PATH" value="C:\Users\A\Documents\TOS_BD-20200219_1130-V7.3.1\configuration\lib\java"/>
          <column name="Subjob color" value=""/>
          <column name="Title color" value=""/>
          <column name="Property Type" value="repository: DB (POSTGRESQL):LAMISPlus"/>
          <column name="Use an existing connection" value="false"/>
          <column name="Component List" value=""/>
          <column name="DB Version" value="V9_X"/>
          <column name="Host" value="context.LAMISPlus_Server"/>
          <column name="Database Driver" value="POSTGRESQL"/>
          <column name="Port" value="context.LAMISPlus_Port"/>
          <column name="Database" value="context.LAMISPlus_Database"/>
          <column name="Schema" value="context.LAMISPlus_Schema"/>
          <column name="Username" value="context.LAMISPlus_Login"/>
          <column name="Password" value="context.LAMISPlus_Password"/>
          <column name="REPOSITORY_ALLOW_AUTO_SWITCH" value="true"/>
          <column name="Schema" value="Built-In"/>
          <column name="Table Name" value="&quot;&quot;"/>
          <column name="Query Type" value="Built-In"/>
          <column name="Guess Schema" value="&quot;&quot;"/>
          <column name="Query" value="&quot;SELECT iden.organisation_unit_id as id, ef.facility_name, ef.lga_name, ef.datim_id FROM etl_facility ef 
INNER JOIN base_organisation_unit_identifier iden ON iden.code = ef.datim_id&quot;"/>
          <column name="Specify a data source alias" value="false"/>
          <column name="Data source alias" value="&quot;&quot;"/>
          <column name="Mapping" value="postgres_id"/>
          <column name="Additional JDBC Parameters" value="context.LAMISPlus_AdditionalParams"/>
          <column name="Encoding" value="&quot;ISO-8859-15&quot;"/>
          <column name="Use fetch size" value="false"/>
          <column name="Fetch size" value="1000"/>
          <column name="Trim all the String/Char columns" value="false"/>
          <column name="Trim column" value="[{SCHEMA_COLUMN=id, TRIM=false}, {SCHEMA_COLUMN=facility_name, TRIM=false}, {SCHEMA_COLUMN=lga_name, TRIM=false}, {SCHEMA_COLUMN=datim_id, TRIM=false}]"/>
          <column name="Label format" value="Facility"/>
          <column name="Hint format" value="&lt;b&gt;__UNIQUE_NAME__&lt;/b&gt;&lt;br&gt;__COMMENT__"/>
          <column name="Connection format" value="row"/>
          <column name="Show Information" value="false"/>
          <column name="Comment" value=""/>
          <column name="Use an existing validation rule" value="false"/>
          <column name="Validation Rule Type" value=""/>
        </parameters>
        <schemas>
          <schema name="tDBInput_4">
            <column name="id" key="true" type="Integer" length="19" precision="" nullable="true" comment=""/>
            <column name="facility_name" key="false" type="String" length="100" precision="" nullable="false" comment=""/>
            <column name="lga_name" key="false" type="String" length="45" precision="" nullable="false" comment=""/>
            <column name="datim_id" key="false" type="String" length="32" precision="" nullable="false" comment=""/>
          </schema>
        </schemas>
      </component>
      <component icon="pictures/tDBInput_5.png" uniqueName="tDBInput_5" label="Patient_Visit">
        <input>none</input>
        <output link="tMap_1">tMap_1</output>
        <componentType>tPostgresqlInput</componentType>
        <parameters>
          <column name="Database" value="tPostgresqlInput"/>
          <column name="Unique Name" value="tDBInput_5"/>
          <column name="Component Name" value="tPostgresqlInput"/>
          <column name="Version" value="0.102 (ALPHA)"/>
          <column name="Family" value="Databases/DB Specifics/PostgreSQL"/>
          <column name="Start" value="false"/>
          <column name="Startable" value="true"/>
          <column name="SUBTREE_START" value="false"/>
          <column name="END_OF_FLOW" value="false"/>
          <column name="Activate" value="true"/>
          <column name="DUMMY" value="false"/>
          <column name="tStatCatcher Statistics" value="false"/>
          <column name="Help" value="org.talend.help.tPostgresqlInput"/>
          <column name="Update components" value="true"/>
          <column name="IREPORT_PATH" value=""/>
          <column name="JAVA_LIBRARY_PATH" value="C:\Users\A\Documents\TOS_BD-20200219_1130-V7.3.1\configuration\lib\java"/>
          <column name="Subjob color" value=""/>
          <column name="Title color" value=""/>
          <column name="Property Type" value="repository: DB (POSTGRESQL):LAMISPlus"/>
          <column name="Use an existing connection" value="false"/>
          <column name="Component List" value=""/>
          <column name="DB Version" value="V9_X"/>
          <column name="Host" value="context.LAMISPlus_Server"/>
          <column name="Database Driver" value="POSTGRESQL"/>
          <column name="Port" value="context.LAMISPlus_Port"/>
          <column name="Database" value="context.LAMISPlus_Database"/>
          <column name="Schema" value="context.LAMISPlus_Schema"/>
          <column name="Username" value="context.LAMISPlus_Login"/>
          <column name="Password" value="context.LAMISPlus_Password"/>
          <column name="REPOSITORY_ALLOW_AUTO_SWITCH" value="true"/>
          <column name="Schema" value="Built-In"/>
          <column name="Table Name" value="&quot;&quot;"/>
          <column name="Query Type" value="Built-In"/>
          <column name="Guess Schema" value="&quot;&quot;"/>
          <column name="Query" value="&quot;select person_uuid, visit_start_date, uuid as visit_id FROM patient_visit&quot;"/>
          <column name="Specify a data source alias" value="false"/>
          <column name="Data source alias" value="&quot;&quot;"/>
          <column name="Mapping" value="postgres_id"/>
          <column name="Additional JDBC Parameters" value="context.LAMISPlus_AdditionalParams"/>
          <column name="Encoding" value="&quot;ISO-8859-15&quot;"/>
          <column name="Use fetch size" value="false"/>
          <column name="Fetch size" value="1000"/>
          <column name="Trim all the String/Char columns" value="false"/>
          <column name="Trim column" value="[{SCHEMA_COLUMN=person_uuid, TRIM=false}, {SCHEMA_COLUMN=visit_start_date, TRIM=false}, {SCHEMA_COLUMN=visit_id, TRIM=false}]"/>
          <column name="Label format" value="Patient_Visit"/>
          <column name="Hint format" value="&lt;b&gt;__UNIQUE_NAME__&lt;/b&gt;&lt;br&gt;__COMMENT__"/>
          <column name="Connection format" value="row"/>
          <column name="Show Information" value="false"/>
          <column name="Comment" value=""/>
          <column name="Use an existing validation rule" value="false"/>
          <column name="Validation Rule Type" value=""/>
        </parameters>
        <schemas>
          <schema name="tDBInput_5">
            <column name="person_uuid" key="false" type="String" length="255" precision="" nullable="false" comment=""/>
            <column name="visit_start_date" key="false" type="java.util.Date" length="29" precision="6" nullable="false" comment=""/>
            <column name="visit_id" key="true" type="String" length="255" precision="" nullable="false" comment=""/>
          </schema>
        </schemas>
      </component>
      <component icon="pictures/tDBInput_7.png" uniqueName="tDBInput_7" label="Prep_Enrollment">
        <input>none</input>
        <output link="tMap_1">tMap_1</output>
        <componentType>tPostgresqlInput</componentType>
        <parameters>
          <column name="Database" value="tPostgresqlInput"/>
          <column name="Unique Name" value="tDBInput_7"/>
          <column name="Component Name" value="tPostgresqlInput"/>
          <column name="Version" value="0.102 (ALPHA)"/>
          <column name="Family" value="Databases/DB Specifics/PostgreSQL"/>
          <column name="Start" value="false"/>
          <column name="Startable" value="true"/>
          <column name="SUBTREE_START" value="false"/>
          <column name="END_OF_FLOW" value="false"/>
          <column name="Activate" value="true"/>
          <column name="DUMMY" value="false"/>
          <column name="tStatCatcher Statistics" value="false"/>
          <column name="Help" value="org.talend.help.tPostgresqlInput"/>
          <column name="Update components" value="true"/>
          <column name="IREPORT_PATH" value=""/>
          <column name="JAVA_LIBRARY_PATH" value="C:\Users\A\Documents\TOS_BD-20200219_1130-V7.3.1\configuration\lib\java"/>
          <column name="Subjob color" value=""/>
          <column name="Title color" value=""/>
          <column name="Property Type" value="repository: DB (POSTGRESQL):LAMISPlus"/>
          <column name="Use an existing connection" value="false"/>
          <column name="Component List" value=""/>
          <column name="DB Version" value="V9_X"/>
          <column name="Host" value="context.LAMISPlus_Server"/>
          <column name="Database Driver" value="POSTGRESQL"/>
          <column name="Port" value="context.LAMISPlus_Port"/>
          <column name="Database" value="context.LAMISPlus_Database"/>
          <column name="Schema" value="context.LAMISPlus_Schema"/>
          <column name="Username" value="context.LAMISPlus_Login"/>
          <column name="Password" value="context.LAMISPlus_Password"/>
          <column name="REPOSITORY_ALLOW_AUTO_SWITCH" value="true"/>
          <column name="Schema" value="Built-In"/>
          <column name="Table Name" value="&quot;&quot;"/>
          <column name="Query Type" value="Built-In"/>
          <column name="Guess Schema" value="&quot;&quot;"/>
          <column name="Query" value="&quot;SELECT pe.uuid  as prep_enrollment_uuid, pe.person_uuid FROM prep_enrollment pe
			   INNER JOIN (SELECT MAX(date_started)date_started, person_uuid FROM prep_enrollment
			   GROUP BY person_uuid)max ON max.date_started=pe.date_started 
			   AND max.person_uuid=pe.person_uuid&quot;"/>
          <column name="Specify a data source alias" value="false"/>
          <column name="Data source alias" value="&quot;&quot;"/>
          <column name="Mapping" value="postgres_id"/>
          <column name="Additional JDBC Parameters" value="context.LAMISPlus_AdditionalParams"/>
          <column name="Encoding" value="&quot;ISO-8859-15&quot;"/>
          <column name="Use fetch size" value="false"/>
          <column name="Fetch size" value="1000"/>
          <column name="Trim all the String/Char columns" value="false"/>
          <column name="Trim column" value="[{SCHEMA_COLUMN=prep_enrollment_uuid, TRIM=false}, {SCHEMA_COLUMN=person_uuid, TRIM=false}]"/>
          <column name="Label format" value="Prep_Enrollment"/>
          <column name="Hint format" value="&lt;b&gt;__UNIQUE_NAME__&lt;/b&gt;&lt;br&gt;__COMMENT__"/>
          <column name="Connection format" value="row"/>
          <column name="Show Information" value="false"/>
          <column name="Comment" value=""/>
          <column name="Use an existing validation rule" value="false"/>
          <column name="Validation Rule Type" value=""/>
        </parameters>
        <schemas>
          <schema name="tDBInput_7">
            <column name="prep_enrollment_uuid" key="false" type="String" length="50" precision="" nullable="false" comment=""/>
            <column name="person_uuid" key="false" type="String" length="50" precision="" nullable="false" comment=""/>
          </schema>
        </schemas>
      </component>
      <component icon="pictures/tDBInput_8.png" uniqueName="tDBInput_8" label="Vital_Sign">
        <input>none</input>
        <output link="tMap_1">tMap_1</output>
        <componentType>tPostgresqlInput</componentType>
        <parameters>
          <column name="Database" value="tPostgresqlInput"/>
          <column name="Unique Name" value="tDBInput_8"/>
          <column name="Component Name" value="tPostgresqlInput"/>
          <column name="Version" value="0.102 (ALPHA)"/>
          <column name="Family" value="Databases/DB Specifics/PostgreSQL"/>
          <column name="Start" value="false"/>
          <column name="Startable" value="true"/>
          <column name="SUBTREE_START" value="false"/>
          <column name="END_OF_FLOW" value="false"/>
          <column name="Activate" value="true"/>
          <column name="DUMMY" value="false"/>
          <column name="tStatCatcher Statistics" value="false"/>
          <column name="Help" value="org.talend.help.tPostgresqlInput"/>
          <column name="Update components" value="true"/>
          <column name="IREPORT_PATH" value=""/>
          <column name="JAVA_LIBRARY_PATH" value="C:\Users\A\Documents\TOS_BD-20200219_1130-V7.3.1\configuration\lib\java"/>
          <column name="Subjob color" value=""/>
          <column name="Title color" value=""/>
          <column name="Property Type" value="repository: DB (POSTGRESQL):LAMISPlus"/>
          <column name="Use an existing connection" value="false"/>
          <column name="Component List" value=""/>
          <column name="DB Version" value="V9_X"/>
          <column name="Host" value="context.LAMISPlus_Server"/>
          <column name="Database Driver" value="POSTGRESQL"/>
          <column name="Port" value="context.LAMISPlus_Port"/>
          <column name="Database" value="context.LAMISPlus_Database"/>
          <column name="Schema" value="context.LAMISPlus_Schema"/>
          <column name="Username" value="context.LAMISPlus_Login"/>
          <column name="Password" value="context.LAMISPlus_Password"/>
          <column name="REPOSITORY_ALLOW_AUTO_SWITCH" value="true"/>
          <column name="Schema" value="Built-In"/>
          <column name="Table Name" value="&quot;&quot;"/>
          <column name="Query Type" value="Built-In"/>
          <column name="Guess Schema" value="&quot;&quot;"/>
          <column name="Query" value="&quot;SELECT uuid AS vital_sign_uuid, visit_id , person_uuid, capture_date  FROM triage_vital_sign&quot;"/>
          <column name="Specify a data source alias" value="false"/>
          <column name="Data source alias" value="&quot;&quot;"/>
          <column name="Mapping" value="postgres_id"/>
          <column name="Additional JDBC Parameters" value="context.LAMISPlus_AdditionalParams"/>
          <column name="Encoding" value="&quot;ISO-8859-15&quot;"/>
          <column name="Use fetch size" value="false"/>
          <column name="Fetch size" value="1000"/>
          <column name="Trim all the String/Char columns" value="false"/>
          <column name="Trim column" value="[{SCHEMA_COLUMN=vital_sign_uuid, TRIM=false}, {SCHEMA_COLUMN=visit_id, TRIM=false}, {SCHEMA_COLUMN=person_uuid, TRIM=false}, {SCHEMA_COLUMN=capture_date, TRIM=false}]"/>
          <column name="Label format" value="Vital_Sign"/>
          <column name="Hint format" value="&lt;b&gt;__UNIQUE_NAME__&lt;/b&gt;&lt;br&gt;__COMMENT__"/>
          <column name="Connection format" value="row"/>
          <column name="Show Information" value="false"/>
          <column name="Comment" value=""/>
          <column name="Use an existing validation rule" value="false"/>
          <column name="Validation Rule Type" value=""/>
        </parameters>
        <schemas>
          <schema name="tDBInput_8">
            <column name="vital_sign_uuid" key="false" type="String" length="50" precision="" nullable="false" comment=""/>
            <column name="visit_id" key="false" type="String" length="50" precision="" nullable="false" comment=""/>
            <column name="person_uuid" key="false" type="String" length="50" precision="" nullable="false" comment=""/>
            <column name="capture_date" key="false" type="java.util.Date" length="50" precision="" nullable="false" comment=""/>
          </schema>
        </schemas>
      </component>
      <component icon="pictures/tDBInput_9.png" uniqueName="tDBInput_9" label="HIV_Status_Codeset">
        <input>none</input>
        <output link="tMap_1">tMap_1</output>
        <componentType>tPostgresqlInput</componentType>
        <parameters>
          <column name="Database" value="tPostgresqlInput"/>
          <column name="Unique Name" value="tDBInput_9"/>
          <column name="Component Name" value="tPostgresqlInput"/>
          <column name="Version" value="0.102 (ALPHA)"/>
          <column name="Family" value="Databases/DB Specifics/PostgreSQL"/>
          <column name="Start" value="false"/>
          <column name="Startable" value="true"/>
          <column name="SUBTREE_START" value="false"/>
          <column name="END_OF_FLOW" value="false"/>
          <column name="Activate" value="true"/>
          <column name="DUMMY" value="false"/>
          <column name="tStatCatcher Statistics" value="false"/>
          <column name="Help" value="org.talend.help.tPostgresqlInput"/>
          <column name="Update components" value="true"/>
          <column name="IREPORT_PATH" value=""/>
          <column name="JAVA_LIBRARY_PATH" value="C:\Users\A\Documents\TOS_BD-20200219_1130-V7.3.1\configuration\lib\java"/>
          <column name="Subjob color" value=""/>
          <column name="Title color" value=""/>
          <column name="Property Type" value="repository: DB (POSTGRESQL):LAMISPlus"/>
          <column name="Use an existing connection" value="false"/>
          <column name="Component List" value=""/>
          <column name="DB Version" value="V9_X"/>
          <column name="Host" value="context.LAMISPlus_Server"/>
          <column name="Database Driver" value="POSTGRESQL"/>
          <column name="Port" value="context.LAMISPlus_Port"/>
          <column name="Database" value="context.LAMISPlus_Database"/>
          <column name="Schema" value="context.LAMISPlus_Schema"/>
          <column name="Username" value="context.LAMISPlus_Login"/>
          <column name="Password" value="context.LAMISPlus_Password"/>
          <column name="REPOSITORY_ALLOW_AUTO_SWITCH" value="true"/>
          <column name="Schema" value="Built-In"/>
          <column name="Table Name" value="&quot;&quot;"/>
          <column name="Query Type" value="Built-In"/>
          <column name="Guess Schema" value="&quot;&quot;"/>
          <column name="Query" value="&quot;SELECT  lower(left(display,3)) display, code FROM base_application_codeset WHERE codeset_group = 'HIV_TEST_RESULT'&quot;"/>
          <column name="Specify a data source alias" value="false"/>
          <column name="Data source alias" value="&quot;&quot;"/>
          <column name="Mapping" value="postgres_id"/>
          <column name="Additional JDBC Parameters" value="context.LAMISPlus_AdditionalParams"/>
          <column name="Encoding" value="&quot;ISO-8859-15&quot;"/>
          <column name="Use fetch size" value="false"/>
          <column name="Fetch size" value="1000"/>
          <column name="Trim all the String/Char columns" value="false"/>
          <column name="Trim column" value="[{SCHEMA_COLUMN=display, TRIM=false}, {SCHEMA_COLUMN=code, TRIM=false}]"/>
          <column name="Label format" value="HIV_Status_Codeset"/>
          <column name="Hint format" value="&lt;b&gt;__UNIQUE_NAME__&lt;/b&gt;&lt;br&gt;__COMMENT__"/>
          <column name="Connection format" value="row"/>
          <column name="Show Information" value="false"/>
          <column name="Comment" value=""/>
          <column name="Use an existing validation rule" value="false"/>
          <column name="Validation Rule Type" value=""/>
        </parameters>
        <schemas>
          <schema name="tDBInput_9">
            <column name="display" key="false" type="String" length="100" precision="" nullable="true" comment=""/>
            <column name="code" key="false" type="String" length="100" precision="" nullable="true" comment=""/>
          </schema>
        </schemas>
      </component>
      <component icon="pictures/tDBOutput_1.png" uniqueName="tDBOutput_1" label="Etl_Sequence">
        <input link="tMap_2">tMap_2</input>
        <output link="tJava_2">tJava_2</output>
        <componentType>tPostgresqlOutput</componentType>
        <parameters>
          <column name="Database" value="tPostgresqlOutput"/>
          <column name="Unique Name" value="tDBOutput_1"/>
          <column name="Component Name" value="tPostgresqlOutput"/>
          <column name="Version" value="0.102 (ALPHA)"/>
          <column name="Family" value="Databases/DB Specifics/PostgreSQL"/>
          <column name="Startable" value="false"/>
          <column name="SUBTREE_START" value="false"/>
          <column name="END_OF_FLOW" value="true"/>
          <column name="Activate" value="true"/>
          <column name="DUMMY" value="false"/>
          <column name="tStatCatcher Statistics" value="false"/>
          <column name="Help" value="org.talend.help.tPostgresqlOutput"/>
          <column name="Update components" value="true"/>
          <column name="IREPORT_PATH" value=""/>
          <column name="JAVA_LIBRARY_PATH" value="C:\Users\A\Documents\TOS_BD-20200219_1130-V7.3.1\configuration\lib\java"/>
          <column name="Subjob color" value=""/>
          <column name="Title color" value=""/>
          <column name="Property Type" value="repository: DB (POSTGRESQL):LAMISPlus"/>
          <column name="Use an existing connection" value="false"/>
          <column name="Component List" value=""/>
          <column name="DB Version" value="V9_X"/>
          <column name="Host" value="context.LAMISPlus_Server"/>
          <column name="Port" value="context.LAMISPlus_Port"/>
          <column name="Database" value="context.LAMISPlus_Database"/>
          <column name="Database Driver" value="POSTGRESQL"/>
          <column name="Schema" value="context.LAMISPlus_Schema"/>
          <column name="Username" value="context.LAMISPlus_Login"/>
          <column name="Password" value="context.LAMISPlus_Password"/>
          <column name="Table" value="&quot;etl_sequence&quot;"/>
          <column name="Action on table" value="CREATE_IF_NOT_EXISTS"/>
          <column name="Action on data" value="INSERT_OR_UPDATE"/>
          <column name="REPOSITORY_ALLOW_AUTO_SWITCH" value="true"/>
          <column name="Schema" value="Built-In"/>
          <column name="Reject Schema" value="Built-In"/>
          <column name="Use spatial options" value="false"/>
          <column name="Create Spatial index" value="false"/>
          <column name="Create geometry columns reference" value="false"/>
          <column name="Specify a data source alias" value="false"/>
          <column name="Data source alias" value="&quot;&quot;"/>
          <column name="Die on error" value="false"/>
          <column name="Mapping" value="postgres_id"/>
          <column name="Use alternate schema" value="false"/>
          <column name="Schema" value="&quot;&quot;"/>
          <column name="Additional JDBC Parameters" value="context.LAMISPlus_AdditionalParams"/>
          <column name="Use save point" value="false"/>
          <column name="Encoding" value="&quot;ISO-8859-15&quot;"/>
          <column name="Commit every" value="10000"/>
          <column name="Additional columns" value="[]"/>
          <column name="Use field options" value="false"/>
          <column name="Field options" value="[{SCHEMA_COLUMN=sequence_count, UPDATE_KEY=false, DELETE_KEY=false, UPDATABLE=true, INSERTABLE=true}, {SCHEMA_COLUMN=table_name, UPDATE_KEY=false, DELETE_KEY=false, UPDATABLE=true, INSERTABLE=true}, {SCHEMA_COLUMN=date_time, UPDATE_KEY=false, DELETE_KEY=false, UPDATABLE=true, INSERTABLE=true}]"/>
          <column name="Debug query mode" value="false"/>
          <column name="Support null in &quot;SQL WHERE&quot; statement" value="false"/>
          <column name="Convert columns and table to lowercase" value="false"/>
          <column name="Use Batch Size" value="true"/>
          <column name="Batch Size" value="10000"/>
          <column name="Label format" value="Etl_Sequence"/>
          <column name="Hint format" value="&lt;b&gt;__UNIQUE_NAME__&lt;/b&gt;&lt;br&gt;__COMMENT__"/>
          <column name="Connection format" value="row"/>
          <column name="Show Information" value="false"/>
          <column name="Comment" value=""/>
          <column name="Use an existing validation rule" value="false"/>
          <column name="Validation Rule Type" value=""/>
        </parameters>
        <schemas>
          <schema name="tDBOutput_1">
            <column name="sequence_count" key="false" type="Long" length="19" precision="" nullable="true" comment=""/>
            <column name="table_name" key="true" type="String" length="" precision="" nullable="true" comment=""/>
            <column name="date_time" key="false" type="java.util.Date" length="" precision="" nullable="true" comment=""/>
          </schema>
        </schemas>
      </component>
      <component icon="pictures/tDBOutput_3.png" uniqueName="tDBOutput_3" label="PrEP_Clinic">
        <input link="tMap_1">tMap_1</input>
        <input link="tDBInput_4">tDBInput_4</input>
        <input link="tDBInput_5">tDBInput_5</input>
        <input link="tDBInput_2">tDBInput_2</input>
        <input link="tDBInput_7">tDBInput_7</input>
        <input link="tDBInput_8">tDBInput_8</input>
        <input link="tDBInput_9">tDBInput_9</input>
        <output>none</output>
        <componentType>tPostgresqlOutput</componentType>
        <parameters>
          <column name="Database" value="tPostgresqlOutput"/>
          <column name="Unique Name" value="tDBOutput_3"/>
          <column name="Component Name" value="tPostgresqlOutput"/>
          <column name="Version" value="0.102 (ALPHA)"/>
          <column name="Family" value="Databases/DB Specifics/PostgreSQL"/>
          <column name="Startable" value="false"/>
          <column name="SUBTREE_START" value="false"/>
          <column name="END_OF_FLOW" value="true"/>
          <column name="Activate" value="true"/>
          <column name="DUMMY" value="false"/>
          <column name="tStatCatcher Statistics" value="false"/>
          <column name="Help" value="org.talend.help.tPostgresqlOutput"/>
          <column name="Update components" value="true"/>
          <column name="IREPORT_PATH" value=""/>
          <column name="JAVA_LIBRARY_PATH" value="C:\Users\A\Documents\TOS_BD-20200219_1130-V7.3.1\configuration\lib\java"/>
          <column name="Subjob color" value=""/>
          <column name="Title color" value=""/>
          <column name="Property Type" value="repository: DB (POSTGRESQL):LAMISPlus"/>
          <column name="Use an existing connection" value="false"/>
          <column name="Component List" value=""/>
          <column name="DB Version" value="V9_X"/>
          <column name="Host" value="context.LAMISPlus_Server"/>
          <column name="Port" value="context.LAMISPlus_Port"/>
          <column name="Database" value="context.LAMISPlus_Database"/>
          <column name="Database Driver" value="POSTGRESQL"/>
          <column name="Schema" value="context.LAMISPlus_Schema"/>
          <column name="Username" value="context.LAMISPlus_Login"/>
          <column name="Password" value="context.LAMISPlus_Password"/>
          <column name="Table" value="&quot;prep_clinic&quot;"/>
          <column name="Action on table" value="NONE"/>
          <column name="Action on data" value="INSERT"/>
          <column name="REPOSITORY_ALLOW_AUTO_SWITCH" value="true"/>
          <column name="Schema" value="Built-In"/>
          <column name="Reject Schema" value="Built-In"/>
          <column name="Use spatial options" value="false"/>
          <column name="Create Spatial index" value="false"/>
          <column name="Create geometry columns reference" value="false"/>
          <column name="Specify a data source alias" value="false"/>
          <column name="Data source alias" value="&quot;&quot;"/>
          <column name="Die on error" value="false"/>
          <column name="Mapping" value="postgres_id"/>
          <column name="Use alternate schema" value="false"/>
          <column name="Schema" value="&quot;&quot;"/>
          <column name="Additional JDBC Parameters" value="context.LAMISPlus_AdditionalParams"/>
          <column name="Use save point" value="false"/>
          <column name="Encoding" value="&quot;ISO-8859-15&quot;"/>
          <column name="Commit every" value="10000"/>
          <column name="Additional columns" value="[{NAME=&quot;extra&quot;, DATATYPE=VARCHAR(50), SQL=&quot;?::json&quot;, POS=REPLACE, REFCOL=extra}]"/>
          <column name="Use field options" value="false"/>
          <column name="Field options" value="[{SCHEMA_COLUMN=person_uuid, UPDATE_KEY=false, DELETE_KEY=false, UPDATABLE=true, INSERTABLE=true}, {SCHEMA_COLUMN=encounter_date, UPDATE_KEY=false, DELETE_KEY=false, UPDATABLE=true, INSERTABLE=true}, {SCHEMA_COLUMN=date_prep_given, UPDATE_KEY=false, DELETE_KEY=false, UPDATABLE=true, INSERTABLE=true}, {SCHEMA_COLUMN=date_created, UPDATE_KEY=false, DELETE_KEY=false, UPDATABLE=true, INSERTABLE=true}, {SCHEMA_COLUMN=date_modified, UPDATE_KEY=false, DELETE_KEY=false, UPDATABLE=true, INSERTABLE=true}, {SCHEMA_COLUMN=created_by, UPDATE_KEY=false, DELETE_KEY=false, UPDATABLE=true, INSERTABLE=true}, {SCHEMA_COLUMN=modified_by, UPDATE_KEY=false, DELETE_KEY=false, UPDATABLE=true, INSERTABLE=true}, {SCHEMA_COLUMN=uuid, UPDATE_KEY=false, DELETE_KEY=false, UPDATABLE=true, INSERTABLE=true}, {SCHEMA_COLUMN=archived, UPDATE_KEY=false, DELETE_KEY=false, UPDATABLE=true, INSERTABLE=true}, {SCHEMA_COLUMN=weight, UPDATE_KEY=false, DELETE_KEY=false, UPDATABLE=true, INSERTABLE=true}, {SCHEMA_COLUMN=systolic, UPDATE_KEY=false, DELETE_KEY=false, UPDATABLE=true, INSERTABLE=true}, {SCHEMA_COLUMN=diastolic, UPDATE_KEY=false, DELETE_KEY=false, UPDATABLE=true, INSERTABLE=true}, {SCHEMA_COLUMN=height, UPDATE_KEY=false, DELETE_KEY=false, UPDATABLE=true, INSERTABLE=true}, {SCHEMA_COLUMN=is_commencement, UPDATE_KEY=false, DELETE_KEY=false, UPDATABLE=true, INSERTABLE=true}, {SCHEMA_COLUMN=next_appointment, UPDATE_KEY=false, DELETE_KEY=false, UPDATABLE=true, INSERTABLE=true}, {SCHEMA_COLUMN=adherence_level, UPDATE_KEY=false, DELETE_KEY=false, UPDATABLE=true, INSERTABLE=true}, {SCHEMA_COLUMN=duration, UPDATE_KEY=false, DELETE_KEY=false, UPDATABLE=true, INSERTABLE=true}, {SCHEMA_COLUMN=pregnant, UPDATE_KEY=false, DELETE_KEY=false, UPDATABLE=true, INSERTABLE=true}, {SCHEMA_COLUMN=visit_uuid, UPDATE_KEY=false, DELETE_KEY=false, UPDATABLE=true, INSERTABLE=true}, {SCHEMA_COLUMN=id, UPDATE_KEY=false, DELETE_KEY=false, UPDATABLE=true, INSERTABLE=true}, {SCHEMA_COLUMN=facility_id, UPDATE_KEY=false, DELETE_KEY=false, UPDATABLE=true, INSERTABLE=true}, {SCHEMA_COLUMN=regimen_id, UPDATE_KEY=false, DELETE_KEY=false, UPDATABLE=true, INSERTABLE=true}, {SCHEMA_COLUMN=extra, UPDATE_KEY=false, DELETE_KEY=false, UPDATABLE=true, INSERTABLE=true}, {SCHEMA_COLUMN=prep_enrollment_uuid, UPDATE_KEY=false, DELETE_KEY=false, UPDATABLE=true, INSERTABLE=true}, {SCHEMA_COLUMN=vital_sign_uuid, UPDATE_KEY=false, DELETE_KEY=false, UPDATABLE=true, INSERTABLE=true}, {SCHEMA_COLUMN=hiv_test_result, UPDATE_KEY=false, DELETE_KEY=false, UPDATABLE=true, INSERTABLE=true}]"/>
          <column name="Debug query mode" value="false"/>
          <column name="Support null in &quot;SQL WHERE&quot; statement" value="false"/>
          <column name="Convert columns and table to lowercase" value="false"/>
          <column name="Use Batch Size" value="true"/>
          <column name="Batch Size" value="10000"/>
          <column name="Label format" value="PrEP_Clinic"/>
          <column name="Hint format" value="&lt;b&gt;__UNIQUE_NAME__&lt;/b&gt;&lt;br&gt;__COMMENT__"/>
          <column name="Connection format" value="row"/>
          <column name="Show Information" value="false"/>
          <column name="Comment" value=""/>
          <column name="Use an existing validation rule" value="false"/>
          <column name="Validation Rule Type" value=""/>
        </parameters>
        <schemas>
          <schema name="tDBOutput_3">
            <column name="person_uuid" key="false" type="String" length="36" precision="" nullable="true" comment=""/>
            <column name="encounter_date" key="false" type="java.util.Date" length="29" precision="6" nullable="true" comment=""/>
            <column name="date_prep_given" key="false" type="java.util.Date" length="29" precision="6" nullable="true" comment=""/>
            <column name="date_created" key="false" type="java.util.Date" length="29" precision="6" nullable="false" comment=""/>
            <column name="date_modified" key="false" type="java.util.Date" length="29" precision="6" nullable="false" comment=""/>
            <column name="created_by" key="false" type="String" length="200" precision="" nullable="false" comment=""/>
            <column name="modified_by" key="false" type="String" length="200" precision="" nullable="false" comment=""/>
            <column name="uuid" key="false" type="String" length="200" precision="" nullable="false" comment=""/>
            <column name="archived" key="false" type="int" length="10" precision="" nullable="false" comment=""/>
            <column name="weight" key="false" type="Double" length="17" precision="17" nullable="true" comment=""/>
            <column name="systolic" key="false" type="Double" length="17" precision="17" nullable="true" comment=""/>
            <column name="diastolic" key="false" type="Double" length="17" precision="17" nullable="true" comment=""/>
            <column name="height" key="false" type="Double" length="17" precision="17" nullable="true" comment=""/>
            <column name="is_commencement" key="false" type="boolean" length="1" precision="" nullable="false" comment=""/>
            <column name="next_appointment" key="false" type="java.util.Date" length="13" precision="" nullable="true" comment=""/>
            <column name="adherence_level" key="false" type="String" length="15" precision="" nullable="true" comment=""/>
            <column name="duration" key="false" type="Integer" length="200" precision="" nullable="true" comment=""/>
            <column name="pregnant" key="false" type="String" length="200" precision="" nullable="true" comment=""/>
            <column name="visit_uuid" key="false" type="String" length="255" precision="" nullable="false" comment=""/>
            <column name="id" key="true" type="int" length="" precision="" nullable="false" comment=""/>
            <column name="facility_id" key="false" type="Integer" length="19" precision="" nullable="true" comment=""/>
            <column name="regimen_id" key="false" type="long" length="" precision="" nullable="false" comment=""/>
            <column name="extra" key="false" type="String" length="1000" precision="" nullable="true" comment=""/>
            <column name="prep_enrollment_uuid" key="false" type="String" length="100" precision="" nullable="true" comment=""/>
            <column name="vital_sign_uuid" key="false" type="String" length="50" precision="" nullable="false" comment=""/>
            <column name="hiv_test_result" key="false" type="String" length="100" precision="" nullable="true" comment=""/>
          </schema>
        </schemas>
      </component>
      <component icon="pictures/tJava_1.png" uniqueName="tJava_1" label="__UNIQUE_NAME__">
        <input link="tDBInput_1">tDBInput_1</input>
        <output>none</output>
        <componentType>tJava</componentType>
        <parameters>
          <column name="Unique Name" value="tJava_1"/>
          <column name="Component Name" value="tJava"/>
          <column name="Version" value="0.101 (ALPHA)"/>
          <column name="Family" value="Custom_Code"/>
          <column name="Start" value="false"/>
          <column name="Startable" value="true"/>
          <column name="SUBTREE_START" value="true"/>
          <column name="END_OF_FLOW" value="true"/>
          <column name="Activate" value="true"/>
          <column name="DUMMY" value="false"/>
          <column name="tStatCatcher Statistics" value="false"/>
          <column name="Help" value="org.talend.help.tJava"/>
          <column name="Update components" value="true"/>
          <column name="IREPORT_PATH" value=""/>
          <column name="JAVA_LIBRARY_PATH" value="C:\Users\A\Documents\TOS_BD-20200219_1130-V7.3.1\configuration\lib\java"/>
          <column name="Subjob color" value=""/>
          <column name="Title color" value=""/>
          <column name="Code" value="System.out.println(&quot;*****************************************************************&quot;);
System.out.println(&quot;***********PREP_CLINIC MIGRATION REPORT START*****************&quot;);
java.time.LocalDateTime startTime = java.time.LocalDateTime.now();
globalMap.put(&quot;startTime&quot;, startTime);
System.out.println(&quot;Start time - &quot;+ startTime);

System.out.println(&quot;Total latest PrEP clinic records fetched from LAMIS3 clinic - &quot;+globalMap.get(&quot;tDBInput_1_NB_LINE&quot;));"/>
          <column name="Import" value="//import java.util.List;"/>
          <column name="Schema" value="Built-In"/>
          <column name="Label format" value="__UNIQUE_NAME__"/>
          <column name="Hint format" value="&lt;b&gt;__UNIQUE_NAME__&lt;/b&gt;&lt;br&gt;__COMMENT__"/>
          <column name="Connection format" value="row"/>
          <column name="Show Information" value="false"/>
          <column name="Comment" value=""/>
          <column name="Use an existing validation rule" value="false"/>
          <column name="Validation Rule Type" value=""/>
        </parameters>
        <schemas>
          <schema name="tJava_1"/>
        </schemas>
      </component>
      <component icon="pictures/tJava_2.png" uniqueName="tJava_2" label="__UNIQUE_NAME__">
        <input link="tDBOutput_1">tDBOutput_1</input>
        <output>none</output>
        <componentType>tJava</componentType>
        <parameters>
          <column name="Unique Name" value="tJava_2"/>
          <column name="Component Name" value="tJava"/>
          <column name="Version" value="0.101 (ALPHA)"/>
          <column name="Family" value="Custom_Code"/>
          <column name="Start" value="false"/>
          <column name="Startable" value="true"/>
          <column name="SUBTREE_START" value="true"/>
          <column name="END_OF_FLOW" value="true"/>
          <column name="Activate" value="true"/>
          <column name="DUMMY" value="false"/>
          <column name="tStatCatcher Statistics" value="false"/>
          <column name="Help" value="org.talend.help.tJava"/>
          <column name="Update components" value="true"/>
          <column name="IREPORT_PATH" value=""/>
          <column name="JAVA_LIBRARY_PATH" value="C:\Users\A\Documents\TOS_BD-20200219_1130-V7.3.1\configuration\lib\java"/>
          <column name="Subjob color" value=""/>
          <column name="Title color" value=""/>
          <column name="Code" value="int totalMigrated = globalMap.get(&quot;tDBOutput_3_NB_LINE_UPDATED&quot;) != null ? (Integer)globalMap.get(&quot;tDBOutput_3_NB_LINE_UPDATED&quot;) : 0;

System.out.println(&quot;Total PrEP clinc already migrated &quot;+totalMigrated);

System.out.println(&quot;Total new records migrated - &quot;+globalMap.get(&quot;tDBOutput_3_NB_LINE_INSERTED&quot;));
if(globalMap.get(&quot;tDBOutput_3_ERROR_MESSAGE&quot;) != null){
System.out.println(&quot;Migration Error - &quot;+globalMap.get(&quot;tDBOutput_3_ERROR_MESSAGE&quot;));
}
System.out.println(&quot;Total erroneous records not migrated - &quot;+globalMap.get(&quot;tFileOutputDelimited_3_NB_LINE&quot;));
System.out.println();
java.time.LocalDateTime endTime = java.time.LocalDateTime.now();
System.out.println(&quot;End time - &quot;+ endTime);
java.time.LocalDateTime statTime = (java.time.LocalDateTime)globalMap.get(&quot;startTime&quot;);

java.time.Duration duration = java.time.Duration.between(statTime, endTime);
System.out.println(&quot;Duration - &quot;+ duration);
System.out.println(&quot;*************PREP_CLINIC MIGRATION REPORT END*****************&quot;);
System.out.println(&quot;****************************************************************&quot;);"/>
          <column name="Import" value="//import java.util.List;"/>
          <column name="Schema" value="Built-In"/>
          <column name="Label format" value="__UNIQUE_NAME__"/>
          <column name="Hint format" value="&lt;b&gt;__UNIQUE_NAME__&lt;/b&gt;&lt;br&gt;__COMMENT__"/>
          <column name="Connection format" value="row"/>
          <column name="Show Information" value="false"/>
          <column name="Comment" value=""/>
          <column name="Use an existing validation rule" value="false"/>
          <column name="Validation Rule Type" value=""/>
        </parameters>
        <schemas>
          <schema name="schema_create_transform_jsonfield">
            <column name="id" key="true" type="int" length="10" precision="" nullable="false" comment=""/>
            <column name="hospital_number" key="false" type="String" length="25" precision="" nullable="false" comment=""/>
            <column name="uuid" key="false" type="String" length="36" precision="" nullable="true" comment=""/>
            <column name="first_name" key="false" type="String" length="230" precision="" nullable="true" comment=""/>
            <column name="surname" key="false" type="String" length="45" precision="" nullable="true" comment=""/>
            <column name="other_name" key="false" type="String" length="75" precision="" nullable="true" comment=""/>
            <column name="gender" key="false" type="String" length="500" precision="" nullable="true" comment=""/>
            <column name="date_of_birth" key="false" type="java.util.Date" length="13" precision="" nullable="true" comment=""/>
            <column name="is_date_of_birth_estimated" key="false" type="Boolean" length="1" precision="" nullable="true" comment=""/>
            <column name="education" key="false" type="String" length="1500" precision="" nullable="true" comment=""/>
            <column name="marital_status" key="false" type="String" length="1500" precision="" nullable="true" comment=""/>
            <column name="employment_status" key="false" type="String" length="1500" precision="" nullable="true" comment=""/>
            <column name="address" key="false" type="String" length="1500" precision="" nullable="true" comment=""/>
            <column name="contact_point" key="false" type="String" length="1500" precision="" nullable="true" comment=""/>
            <column name="contact" key="false" type="String" length="1500" precision="" nullable="true" comment=""/>
            <column name="date_of_registration" key="false" type="java.util.Date" length="13" precision="" nullable="false" comment=""/>
            <column name="archived" key="false" type="Integer" length="1" precision="" nullable="true" comment=""/>
            <column name="active" key="false" type="boolean" length="" precision="" nullable="false" comment=""/>
            <column name="deceased" key="false" type="Boolean" length="" precision="" nullable="true" comment=""/>
            <column name="deceased_date_time" key="false" type="java.util.Date" length="" precision="" nullable="true" comment=""/>
            <column name="created_date" key="false" type="java.util.Date" length="" precision="" nullable="true" comment=""/>
            <column name="last_modified_date" key="false" type="java.util.Date" length="29" precision="6" nullable="true" comment=""/>
            <column name="created_by" key="false" type="String" length="" precision="" nullable="true" comment=""/>
            <column name="last_modified_by" key="false" type="String" length="" precision="" nullable="true" comment=""/>
            <column name="identifier" key="false" type="String" length="25" precision="" nullable="true" comment=""/>
            <column name="facility_id" key="false" type="long" length="19" precision="" nullable="false" comment=""/>
            <column name="organization" key="false" type="String" length="" precision="" nullable="true" comment=""/>
            <column name="sex" key="false" type="String" length="230" precision="" nullable="true" comment=""/>
          </schema>
        </schemas>
      </component>
    </internalNodeComponents>
    <externalNodeComponents>
      <component icon="pictures/tMap_1.png" uniqueName="tMap_1" label="Patient_Facility_Map" preview="pictures/external_preview_tMap_1.png">
        <input link="tMap_1">tMap_1</input>
        <input link="tDBInput_4">tDBInput_4</input>
        <input link="tDBInput_5">tDBInput_5</input>
        <input link="tDBInput_2">tDBInput_2</input>
        <input link="tDBInput_7">tDBInput_7</input>
        <input link="tDBInput_8">tDBInput_8</input>
        <input link="tDBInput_9">tDBInput_9</input>
        <output link="tDBOutput_3">tDBOutput_3</output>
        <componentType>tMap</componentType>
        <!--tMap_1-->
      </component>
      <component icon="pictures/tMap_2.png" uniqueName="tMap_2" label="update_sequence">
        <input link="tDBInput_3">tDBInput_3</input>
        <output link="tDBOutput_1">tDBOutput_1</output>
        <componentType>tMap</componentType>
        <!--tMap_2-->
      </component>
    </externalNodeComponents>
    <connections>
      <connection label="row1" lineStyle="0" metaname="tDBInput_3" offsetLabelX="-12" offsetLabelY="8" source="tDBInput_3" target="tMap_2"/>
      <connection label="sequence_extra" lineStyle="0" metaname="sequence_extra" offsetLabelX="-11" offsetLabelY="3" source="tMap_2" target="tDBOutput_1"/>
      <connection label="OnComponentOk" lineStyle="3" metaname="tDBOutput_1" offsetLabelX="0" offsetLabelY="0" source="tDBOutput_1" target="tJava_2"/>
      <connection label="row2" lineStyle="0" metaname="tDBInput_1" offsetLabelX="0" offsetLabelY="0" source="tDBInput_1" target="tMap_1"/>
      <connection label="OnSubjobOk" lineStyle="1" metaname="tDBInput_1" offsetLabelX="0" offsetLabelY="0" source="tDBInput_1" target="tDBInput_3"/>
      <connection label="If" lineStyle="6" metaname="tDBInput_1" offsetLabelX="0" offsetLabelY="0" source="tDBInput_1" target="tJava_1"/>
      <connection label="prep_one" lineStyle="0" metaname="prep_one" offsetLabelX="0" offsetLabelY="0" source="tMap_1" target="tDBOutput_3"/>
      <connection label="facility" lineStyle="8" metaname="tDBInput_4" offsetLabelX="0" offsetLabelY="0" source="tDBInput_4" target="tMap_1"/>
      <connection label="visit" lineStyle="8" metaname="tDBInput_5" offsetLabelX="0" offsetLabelY="0" source="tDBInput_5" target="tMap_1"/>
      <connection label="regimen" lineStyle="8" metaname="tDBInput_2" offsetLabelX="0" offsetLabelY="0" source="tDBInput_2" target="tMap_1"/>
      <connection label="enrollment" lineStyle="8" metaname="tDBInput_7" offsetLabelX="0" offsetLabelY="0" source="tDBInput_7" target="tMap_1"/>
      <connection label="vital_sign" lineStyle="8" metaname="tDBInput_8" offsetLabelX="0" offsetLabelY="0" source="tDBInput_8" target="tMap_1"/>
      <connection label="hiv_status" lineStyle="8" metaname="tDBInput_9" offsetLabelX="0" offsetLabelY="0" source="tDBInput_9" target="tMap_1"/>
    </connections>
  </job>
</project>
