<?xml version="1.1" encoding="UTF-8"?>

<externalNode i18n.job.component.parameters="Component Parameters:" i18n.job.properties="Properties" i18n.job.values="Values" i18n.mapper.table.for="Mapper table for " i18n.mapper.table.properties="Mapper table Properties" i18n.job.name="Name" i18n.tmap.matching.mode="Matching-mode" i18n.mapper.table.isminimized="isMinimized" i18n.tmap.isreject="isReject" i18n.tmap.isrejectinnnerjoin="isRejectInnerJoin" i18n.tmap.isinnerjoin="isInnerJoin" i18n.tmap.expressionfilter="expressionFilter" i18n.mapper.table.metadata.entries="Metadata Table Entries" i18n.job.type="Type" i18n.mapper.table.expression="Expression" i18n.tmap.isnullable="isNullable" i18n.tmap.constraint.entries="Constraint Table Entries" name="tMap_1" preview="pictures/_I5_WEKJ-Ee2XNPaDHFkFqQ-tMap_1-PREVIEW.bmp">
  <parameters>
    <column name="tStatCatcher Statistics">false</column>
    <column name="Mapping links display as:">AUTO</column>
    <column name="Temp data directory path:"></column>
    <column name="Max buffer size (nb of rows):">2000000</column>
    <column name="Ignore trailing zeros for BigDecimal">true</column>
    <column name="Show Information">false</column>
    <column name="Comment"><![CDATA[]]></column>
    <column name="Use an existing validation rule">false</column>
  </parameters>
  <mapperTable type="input">
    <table name="row2" matching-mode="UNIQUE_MATCH" lookup-mode="LOAD_ONCE" isMinimized="false" isReject="false" isRejectInnerJoin="false" isInnerJoin="false" isPersistent="false" expressionFilter="null" activateExpressionFilter="false" activateCondensedTool="false" activateColumnNameFilter="false" columnNameFilter="null">
      <metadataTableEntries>
        <entry name="person_uuid" type="String" expression="" isNullable="true"/>
        <entry name="encounter_date" type="java.util.Date" expression="" isNullable="true"/>
        <entry name="date_prep_given" type="java.util.Date" expression="" isNullable="true"/>
        <entry name="date_created" type="java.util.Date" expression="" isNullable="true"/>
        <entry name="date_modified" type="java.util.Date" expression="" isNullable="true"/>
        <entry name="created_by" type="String" expression="" isNullable="true"/>
        <entry name="modified_by" type="String" expression="" isNullable="true"/>
        <entry name="extra" type="String" expression="" isNullable="true"/>
        <entry name="uuid" type="String" expression="" isNullable="true"/>
        <entry name="archived" type="Integer" expression="" isNullable="true"/>
        <entry name="body_weight" type="Double" expression="" isNullable="true"/>
        <entry name="systolic" type="Double" expression="" isNullable="true"/>
        <entry name="diastolic" type="Double" expression="" isNullable="true"/>
        <entry name="height" type="Double" expression="" isNullable="true"/>
        <entry name="is_commencement" type="boolean" expression="" isNullable="false"/>
        <entry name="next_appointment" type="java.util.Date" expression="" isNullable="true"/>
        <entry name="description" type="String" expression="" isNullable="false"/>
        <entry name="adherence_level" type="String" expression="" isNullable="true"/>
        <entry name="hiv_test_result" type="String" expression="" isNullable="true"/>
        <entry name="duration" type="Integer" expression="" isNullable="true"/>
        <entry name="pregnant" type="String" expression="" isNullable="true"/>
        <entry name="datim_id" type="String" expression="" isNullable="false"/>
      </metadataTableEntries>
    </table>
    <table name="facility" matching-mode="UNIQUE_MATCH" lookup-mode="LOAD_ONCE" isMinimized="false" isReject="false" isRejectInnerJoin="false" isInnerJoin="false" isPersistent="false" expressionFilter="null" activateExpressionFilter="false" activateCondensedTool="false" activateColumnNameFilter="false" columnNameFilter="null">
      <metadataTableEntries>
        <entry name="id" type="Integer" expression="" isNullable="true"/>
        <entry name="facility_name" type="String" expression="" isNullable="false"/>
        <entry name="lga_name" type="String" expression="" isNullable="false"/>
        <entry name="datim_id" type="String" expression="row2.datim_id " isNullable="false"/>
      </metadataTableEntries>
    </table>
    <table name="visit" matching-mode="UNIQUE_MATCH" lookup-mode="LOAD_ONCE" isMinimized="false" isReject="false" isRejectInnerJoin="false" isInnerJoin="false" isPersistent="false" expressionFilter="null" activateExpressionFilter="false" activateCondensedTool="false" activateColumnNameFilter="false" columnNameFilter="null">
      <metadataTableEntries>
        <entry name="person_uuid" type="String" expression="row2.person_uuid " isNullable="false"/>
        <entry name="visit_start_date" type="java.util.Date" expression="row2.encounter_date " isNullable="false"/>
        <entry name="visit_id" type="String" expression="" isNullable="false"/>
      </metadataTableEntries>
    </table>
    <table name="regimen" matching-mode="UNIQUE_MATCH" lookup-mode="LOAD_ONCE" isMinimized="false" isReject="false" isRejectInnerJoin="false" isInnerJoin="false" isPersistent="false" expressionFilter="null" activateExpressionFilter="false" activateCondensedTool="false" activateColumnNameFilter="false" columnNameFilter="null">
      <metadataTableEntries>
        <entry name="id" type="long" expression="" isNullable="false"/>
        <entry name="regimen" type="String" expression="row2.description " isNullable="false"/>
      </metadataTableEntries>
    </table>
    <table name="enrollment" matching-mode="UNIQUE_MATCH" lookup-mode="LOAD_ONCE" isMinimized="false" isReject="false" isRejectInnerJoin="false" isInnerJoin="false" isPersistent="false" expressionFilter="null" activateExpressionFilter="false" activateCondensedTool="false" activateColumnNameFilter="false" columnNameFilter="null">
      <metadataTableEntries>
        <entry name="prep_enrollment_uuid" type="String" expression="" isNullable="false"/>
        <entry name="person_uuid" type="String" expression="row2.person_uuid " isNullable="false"/>
      </metadataTableEntries>
    </table>
    <table name="vital_sign" matching-mode="UNIQUE_MATCH" lookup-mode="LOAD_ONCE" isMinimized="false" isReject="false" isRejectInnerJoin="false" isInnerJoin="false" isPersistent="false" expressionFilter="null" activateExpressionFilter="false" activateCondensedTool="false" activateColumnNameFilter="false" columnNameFilter="null">
      <metadataTableEntries>
        <entry name="vital_sign_uuid" type="String" expression="" isNullable="false"/>
        <entry name="visit_id" type="String" expression="" isNullable="false"/>
        <entry name="person_uuid" type="String" expression="row2.person_uuid " isNullable="false"/>
        <entry name="capture_date" type="java.util.Date" expression="row2.encounter_date " isNullable="false"/>
      </metadataTableEntries>
    </table>
    <table name="hiv_status" matching-mode="UNIQUE_MATCH" lookup-mode="LOAD_ONCE" isMinimized="false" isReject="false" isRejectInnerJoin="false" isInnerJoin="false" isPersistent="false" expressionFilter="null" activateExpressionFilter="false" activateCondensedTool="false" activateColumnNameFilter="false" columnNameFilter="null">
      <metadataTableEntries>
        <entry name="display" type="String" expression="row2.hiv_test_result" isNullable="true"/>
        <entry name="code" type="String" expression="" isNullable="true"/>
      </metadataTableEntries>
    </table>
  </mapperTable>
  <mapperTable type="output">
    <table name="prep_one" isMinimized="false" isReject="false" isRejectInnerJoin="false" isInnerJoin="false" isPersistent="false" expressionFilter="null" activateExpressionFilter="false" activateCondensedTool="false" activateColumnNameFilter="false" columnNameFilter="null">
      <metadataTableEntries>
        <entry name="person_uuid" type="String" expression="row2.person_uuid " isNullable="true"/>
        <entry name="encounter_date" type="java.util.Date" expression="row2.encounter_date " isNullable="true"/>
        <entry name="date_prep_given" type="java.util.Date" expression="row2.date_prep_given " isNullable="true"/>
        <entry name="date_created" type="java.util.Date" expression="row2.date_created " isNullable="false"/>
        <entry name="date_modified" type="java.util.Date" expression="row2.date_modified" isNullable="false"/>
        <entry name="created_by" type="String" expression="row2.created_by " isNullable="false"/>
        <entry name="modified_by" type="String" expression="row2.modified_by " isNullable="false"/>
        <entry name="uuid" type="String" expression="row2.uuid " isNullable="false"/>
        <entry name="archived" type="int" expression="row2.archived " isNullable="false"/>
        <entry name="weight" type="Double" expression="row2.body_weight " isNullable="true"/>
        <entry name="systolic" type="Double" expression="row2.systolic " isNullable="true"/>
        <entry name="diastolic" type="Double" expression="row2.diastolic " isNullable="true"/>
        <entry name="height" type="Double" expression="row2.height " isNullable="true"/>
        <entry name="is_commencement" type="boolean" expression="row2.is_commencement " isNullable="false"/>
        <entry name="next_appointment" type="java.util.Date" expression="row2.next_appointment " isNullable="true"/>
        <entry name="adherence_level" type="String" expression="row2.adherence_level " isNullable="true"/>
        <entry name="duration" type="Integer" expression="row2.duration " isNullable="true"/>
        <entry name="pregnant" type="String" expression="row2.pregnant " isNullable="true"/>
        <entry name="visit_uuid" type="String" expression="visit.visit_id " isNullable="false"/>
        <entry name="id" type="int" expression="Numeric.sequence(&quot;s1&quot;,1,1) " isNullable="false"/>
        <entry name="facility_id" type="Integer" expression="facility.id " isNullable="true"/>
        <entry name="regimen_id" type="long" expression="regimen.id " isNullable="false"/>
        <entry name="extra" type="String" expression="row2.extra " isNullable="true"/>
        <entry name="prep_enrollment_uuid" type="String" expression="enrollment.prep_enrollment_uuid " isNullable="true"/>
        <entry name="vital_sign_uuid" type="String" expression="vital_sign.vital_sign_uuid " isNullable="false"/>
        <entry name="hiv_test_result" type="String" expression="hiv_status.code " isNullable="true"/>
      </metadataTableEntries>
    </table>
  </mapperTable>
  <mapperTable type="var">
    <table name="Var" isMinimized="true" isReject="false" isRejectInnerJoin="false" isInnerJoin="false" isPersistent="false" expressionFilter="null" activateExpressionFilter="false" activateCondensedTool="false" activateColumnNameFilter="false" columnNameFilter="null"/>
  </mapperTable>
</externalNode>
