<?xml version="1.1" encoding="UTF-8"?>

<project i18n.job.generated.documetation="Generated documentation" i18n.job.project.name="Project Name" i18n.job.generated.date="GENERATION DATE" i18n.job.author="AUTHOR" i18n.job.summary="Summary" i18n.job.project.description="Project Description" i18n.job.job.description="Description" i18n.job.job.preview.picture="Preview Picture" i18n.job.job.setting="Settings" i18n.job.context.list="Context List" i18n.job.component.list="Component List" i18n.job.components.description="Components Description" i18n.job.source.code="Source Code" i18n.job.properties="Properties" i18n.job.values="Values" i18n.job.name="Name" i18n.job.language="Language" i18n.job.description="Description" i18n.job.author.min="Author" i18n.job.version="Version" i18n.job.purpose="Purpose" i18n.job.status="Status" i18n.job.creation="Creation" i18n.job.modification="Modification" i18n.job.extract.settings="Extra settings" i18n.job.value="Value" i18n.job.stats.logs="Status &amp; Logs" i18n.job.context="Context" i18n.job.promt="Prompt" i18n.job.need.promt="Need Prompt?" i18n.job.type="Type" i18n.job.source="Source" i18n.job.component.name="Component Name" i18n.job.component.type="Component Type" i18n.job.component="Component" i18n.job.unique.name="UNIQUE NAME" i18n.job.input="INPUT(S)" i18n.job.label="LABEL" i18n.job.output="OUTPUT(S)" i18n.job.component.parameters="Component Parameters:" i18n.job.schema.for="Schema for " i18n.job.column="Column" i18n.job.key="Key" i18n.job.length="Length" i18n.job.precision="Precision" i18n.job.nullable="Nullable" i18n.job.comment="Comment" i18n.job.original.function.parameters="Original Function Parameters:" i18n.job.ended="ended" i18n.job.content="content" i18n.route.manifest.type="Type" i18n.route.manifest.value="Value" i18n.route.resource.name="Name" i18n.route.resource.version="Version" i18n.route.resource.path="Path" name="LAMISPlus_ETL" logo="pictures/logo.jpg" title="Generated by Talend Open Studio for Big Data" link="http://www.talend.com" language="java" generatedDate="Mar 20, 2023 10:51:30 PM" versionName="Talend Open Studio VERSION " version="7.3.1.20200219_1130" docType="Jobs" company="">
  <pro-description><![CDATA[]]></pro-description>
  <job name="O_NDR_Message_XML_Status" author="user@talend.com" i18n.job.extract.settings.type="i18n.job.extract.settings" i18n.job.stats.logs.type="i18n.job.stats.logs" version="6.0" purpose="ETL for NDR_Message_Log and XML status" status="" creation="Feb 7, 2023 2:57:59 PM" modification="Mar 20, 2023 10:51:18 PM">
    <description><![CDATA[This ETL tool is used for the migration of NDR_Message_Log & XML status from LAMIS 3 to LAMISPlus ndr tables<br/>]]></description>
    <preview picture="pictures/O_NDR_Message_XML_Status_6.0.png"/>
    <contextList>
      <context name="Default">
        <contextParameter name="LAMIS3_Database" prompt="LAMIS3_Database?" promptNeeded="true" type="id_String" value="lamis-aminu" source="LAMIS3"/>
        <contextParameter name="LAMIS3_Port" prompt="LAMIS3_Port?" promptNeeded="false" type="id_String" value="5432" source="LAMIS3"/>
        <contextParameter name="LAMIS3_AdditionalParams" prompt="LAMIS3_AdditionalParams?" promptNeeded="false" type="id_String" value="" source="LAMIS3"/>
        <contextParameter name="LAMIS3_Schema" prompt="LAMIS3_Schema?" promptNeeded="false" type="id_String" value="public" source="LAMIS3"/>
        <contextParameter name="LAMIS3_Password" prompt="LAMIS3_Password?" promptNeeded="true" type="id_Password" value="*****" source="LAMIS3"/>
        <contextParameter name="LAMIS3_Server" prompt="LAMIS3_Server?" promptNeeded="false" type="id_String" value="localhost" source="LAMIS3"/>
        <contextParameter name="LAMIS3_Login" prompt="LAMIS3_Login?" promptNeeded="false" type="id_String" value="postgres" source="LAMIS3"/>
        <contextParameter name="LAMISPlus_Port" prompt="LAMISPlus_Port?" promptNeeded="false" type="id_String" value="5432"/>
        <contextParameter name="LAMISPlus_Server" prompt="LAMISPlus_Server?" promptNeeded="false" type="id_String" value="localhost"/>
        <contextParameter name="LAMISPlus_Schema" prompt="LAMISPlus_Schema?" promptNeeded="false" type="id_String" value="public"/>
        <contextParameter name="LAMISPlus_Login" prompt="LAMISPlus_Login?" promptNeeded="false" type="id_String" value="postgres"/>
        <contextParameter name="LAMISPlus_AdditionalParams" prompt="LAMISPlus_AdditionalParams?" promptNeeded="false" type="id_String" value=""/>
        <contextParameter name="LAMISPlus_Password" prompt="LAMISPlus_Password?" promptNeeded="true" type="id_Password" value="*****"/>
        <contextParameter name="LAMISPlus_Database" prompt="LAMISPlus_Database?" promptNeeded="true" type="id_String" value="test"/>
      </context>
      <context name="LAMIS3">
        <contextParameter name="LAMIS3_Database" prompt="LAMIS3_Database?" promptNeeded="true" type="id_String" value="lamis-aminu" source="LAMIS3"/>
        <contextParameter name="LAMIS3_Port" prompt="LAMIS3_Port?" promptNeeded="false" type="id_String" value="5432" source="LAMIS3"/>
        <contextParameter name="LAMIS3_AdditionalParams" prompt="LAMIS3_AdditionalParams?" promptNeeded="false" type="id_String" value="" source="LAMIS3"/>
        <contextParameter name="LAMIS3_Schema" prompt="LAMIS3_Schema?" promptNeeded="false" type="id_String" value="public" source="LAMIS3"/>
        <contextParameter name="LAMIS3_Password" prompt="LAMIS3_Password?" promptNeeded="true" type="id_Password" value="*****" source="LAMIS3"/>
        <contextParameter name="LAMIS3_Server" prompt="LAMIS3_Server?" promptNeeded="false" type="id_String" value="localhost" source="LAMIS3"/>
        <contextParameter name="LAMIS3_Login" prompt="LAMIS3_Login?" promptNeeded="false" type="id_String" value="postgres" source="LAMIS3"/>
        <contextParameter name="LAMISPlus_Port" prompt="LAMISPlus_Port?" promptNeeded="false" type="id_String" value="5432"/>
        <contextParameter name="LAMISPlus_Server" prompt="LAMISPlus_Server?" promptNeeded="false" type="id_String" value="localhost"/>
        <contextParameter name="LAMISPlus_Schema" prompt="LAMISPlus_Schema?" promptNeeded="false" type="id_String" value="public"/>
        <contextParameter name="LAMISPlus_Login" prompt="LAMISPlus_Login?" promptNeeded="false" type="id_String" value="postgres"/>
        <contextParameter name="LAMISPlus_AdditionalParams" prompt="LAMISPlus_AdditionalParams?" promptNeeded="false" type="id_String" value=""/>
        <contextParameter name="LAMISPlus_Password" prompt="LAMISPlus_Password?" promptNeeded="true" type="id_Password" value="*****"/>
        <contextParameter name="LAMISPlus_Database" prompt="LAMISPlus_Database?" promptNeeded="true" type="id_String" value="test"/>
      </context>
      <context name="Lamisplus">
        <contextParameter name="LAMISPlus_Schema" prompt="LAMISPlus_Schema?" promptNeeded="false" type="id_String" value="public"/>
        <contextParameter name="LAMISPlus_AdditionalParams" prompt="LAMISPlus_AdditionalParams?" promptNeeded="false" type="id_String" value=""/>
        <contextParameter name="LAMISPlus_Database" prompt="LAMISPlus_Database?" promptNeeded="true" type="id_String" value="test"/>
        <contextParameter name="LAMISPlus_Login" prompt="LAMISPlus_Login?" promptNeeded="false" type="id_String" value="postgres"/>
        <contextParameter name="LAMISPlus_Server" prompt="LAMISPlus_Server?" promptNeeded="false" type="id_String" value="localhost"/>
        <contextParameter name="LAMISPlus_Password" prompt="LAMISPlus_Password?" promptNeeded="true" type="id_Password" value="*****"/>
        <contextParameter name="LAMISPlus_Port" prompt="LAMISPlus_Port?" promptNeeded="false" type="id_String" value="5432"/>
        <contextParameter name="LAMIS3_Login" prompt="LAMIS3_Login?" promptNeeded="false" type="id_String" value="postgres" source="LAMIS3"/>
        <contextParameter name="LAMIS3_Port" prompt="LAMIS3_Port?" promptNeeded="false" type="id_String" value="5432" source="LAMIS3"/>
        <contextParameter name="LAMIS3_AdditionalParams" prompt="LAMIS3_AdditionalParams?" promptNeeded="false" type="id_String" value="" source="LAMIS3"/>
        <contextParameter name="LAMIS3_Database" prompt="LAMIS3_Database?" promptNeeded="true" type="id_String" value="lamis-aminu" source="LAMIS3"/>
        <contextParameter name="LAMIS3_Password" prompt="LAMIS3_Password?" promptNeeded="true" type="id_Password" value="*****" source="LAMIS3"/>
        <contextParameter name="LAMIS3_Server" prompt="LAMIS3_Server?" promptNeeded="false" type="id_String" value="localhost" source="LAMIS3"/>
        <contextParameter name="LAMIS3_Schema" prompt="LAMIS3_Schema?" promptNeeded="false" type="id_String" value="public" source="LAMIS3"/>
      </context>
    </contextList>
    <jobSetting>
      <extra>
        <jobParameter name="COMP_DEFAULT_FILE_DIR" value=""/>
        <jobParameter name="Multi thread execution" value="false"/>
        <jobParameter name="Implicit tContextLoad" value="false"/>
      </extra>
      <Statslogs>
        <jobParameter name="Use statistics (tStatCatcher)" value="false"/>
        <jobParameter name="Use logs (tLogCatcher)" value="false"/>
        <jobParameter name="Use volumetrics (tFlowMeterCatcher)" value="false"/>
        <jobParameter name="On Console" value="false"/>
        <jobParameter name="On Files" value="false"/>
        <jobParameter name="On Databases" value="false"/>
        <jobParameter name="Catch components statistics" value="false"/>
        <jobParameter name="Catch runtime errors" value="true"/>
        <jobParameter name="Catch user errors" value="true"/>
        <jobParameter name="Catch user warnings" value="true"/>
      </Statslogs>
    </jobSetting>
    <componentList>
      <componentItem name="tDBInput_1" link="tDBInput_1" type="tPostgresqlInput" leftTopX="224" leftTopY="160" rightBottomX="256" rightBottomY="192"/>
      <componentItem name="tDBInput_2" link="tDBInput_2" type="tPostgresqlInput" leftTopX="192" leftTopY="352" rightBottomX="224" rightBottomY="384"/>
      <componentItem name="tDBInput_3" link="tDBInput_3" type="tPostgresqlInput" leftTopX="192" leftTopY="448" rightBottomX="224" rightBottomY="480"/>
      <componentItem name="tDBInput_4" link="tDBInput_4" type="tPostgresqlInput" leftTopX="192" leftTopY="544" rightBottomX="224" rightBottomY="576"/>
      <componentItem name="tDBInput_6" link="tDBInput_6" type="tPostgresqlInput" leftTopX="384" leftTopY="288" rightBottomX="416" rightBottomY="320"/>
      <componentItem name="tDBOutput_1" link="tDBOutput_1" type="tPostgresqlOutput" leftTopX="736" leftTopY="448" rightBottomX="768" rightBottomY="480"/>
      <componentItem name="tDBOutput_2" link="tDBOutput_2" type="tPostgresqlOutput" leftTopX="800" leftTopY="352" rightBottomX="832" rightBottomY="384"/>
      <componentItem name="tDBOutput_3" link="tDBOutput_3" type="tPostgresqlOutput" leftTopX="832" leftTopY="160" rightBottomX="864" rightBottomY="192"/>
      <componentItem name="tDBOutput_4" link="tDBOutput_4" type="tPostgresqlOutput" leftTopX="736" leftTopY="544" rightBottomX="768" rightBottomY="576"/>
      <componentItem name="tJava_1" link="tJava_1" type="tJava" leftTopX="32" leftTopY="192" rightBottomX="64" rightBottomY="224"/>
      <componentItem name="tJava_2" link="tJava_2" type="tJava" leftTopX="864" leftTopY="512" rightBottomX="896" rightBottomY="544"/>
      <componentItem name="tJava_3" link="tJava_3" type="tJava" leftTopX="960" leftTopY="160" rightBottomX="992" rightBottomY="192"/>
      <componentItem name="tJava_4" link="tJava_4" type="tJava" leftTopX="960" leftTopY="288" rightBottomX="992" rightBottomY="320"/>
      <componentItem name="tJava_5" link="tJava_5" type="tJava" leftTopX="32" leftTopY="320" rightBottomX="64" rightBottomY="352"/>
      <componentItem name="tMap_1" link="tMap_1" type="tMap" leftTopX="544" leftTopY="160" rightBottomX="576" rightBottomY="192"/>
      <componentItem name="tMap_2" link="tMap_2" type="tMap" leftTopX="480" leftTopY="448" rightBottomX="512" rightBottomY="480"/>
      <componentItem name="tMap_3" link="tMap_3" type="tMap" leftTopX="512" leftTopY="352" rightBottomX="544" rightBottomY="384"/>
      <componentItem name="tMap_4" link="tMap_4" type="tMap" leftTopX="480" leftTopY="544" rightBottomX="512" rightBottomY="576"/>
    </componentList>
    <internalNodeComponents>
      <component icon="pictures/tDBInput_1.png" uniqueName="tDBInput_1" label="NDR_Message_Log">
        <input>none</input>
        <output link="tMap_1">tMap_1</output>
        <output link="tDBInput_2">tDBInput_2</output>
        <output link="tJava_1">tJava_1</output>
        <componentType>tPostgresqlInput</componentType>
        <parameters>
          <column name="Database" value="tPostgresqlInput"/>
          <column name="Unique Name" value="tDBInput_1"/>
          <column name="Component Name" value="tPostgresqlInput"/>
          <column name="Version" value="0.102 (ALPHA)"/>
          <column name="Family" value="Databases/DB Specifics/PostgreSQL"/>
          <column name="Start" value="true"/>
          <column name="Startable" value="true"/>
          <column name="SUBTREE_START" value="true"/>
          <column name="END_OF_FLOW" value="false"/>
          <column name="Activate" value="true"/>
          <column name="DUMMY" value="false"/>
          <column name="tStatCatcher Statistics" value="false"/>
          <column name="Help" value="org.talend.help.tPostgresqlInput"/>
          <column name="Update components" value="true"/>
          <column name="IREPORT_PATH" value=""/>
          <column name="JAVA_LIBRARY_PATH" value="C:\Users\A\Documents\TOS_BD-20200219_1130-V7.3.1\configuration\lib\java"/>
          <column name="Subjob color" value=""/>
          <column name="Title color" value=""/>
          <column name="Property Type" value="repository: DB (POSTGRESQL):LAMIS3"/>
          <column name="Use an existing connection" value="false"/>
          <column name="Component List" value=""/>
          <column name="DB Version" value="V9_X"/>
          <column name="Host" value="context.LAMIS3_Server"/>
          <column name="Database Driver" value="POSTGRESQL"/>
          <column name="Port" value="context.LAMIS3_Port"/>
          <column name="Database" value="context.LAMIS3_Database"/>
          <column name="Schema" value="context.LAMIS3_Schema"/>
          <column name="Username" value="context.LAMIS3_Login"/>
          <column name="Password" value="context.LAMIS3_Password"/>
          <column name="REPOSITORY_ALLOW_AUTO_SWITCH" value="true"/>
          <column name="Schema" value="Built-In"/>
          <column name="Table Name" value="&quot;&quot;"/>
          <column name="Query Type" value="Built-In"/>
          <column name="Guess Schema" value="&quot;&quot;"/>
          <column name="Query" value="&quot;SELECT * FROM ndr_message_log
ORDER BY id ASC &quot;"/>
          <column name="Specify a data source alias" value="false"/>
          <column name="Data source alias" value="&quot;&quot;"/>
          <column name="Mapping" value="postgres_id"/>
          <column name="Additional JDBC Parameters" value="context.LAMIS3_AdditionalParams"/>
          <column name="Encoding" value="&quot;ISO-8859-15&quot;"/>
          <column name="Use fetch size" value="false"/>
          <column name="Fetch size" value="1000"/>
          <column name="Trim all the String/Char columns" value="false"/>
          <column name="Trim column" value="[{SCHEMA_COLUMN=id, TRIM=false}, {SCHEMA_COLUMN=identifier, TRIM=false}, {SCHEMA_COLUMN=file, TRIM=false}, {SCHEMA_COLUMN=last_updated, TRIM=false}]"/>
          <column name="Label format" value="NDR_Message_Log"/>
          <column name="Hint format" value="&lt;b&gt;__UNIQUE_NAME__&lt;/b&gt;&lt;br&gt;__COMMENT__"/>
          <column name="Connection format" value="row"/>
          <column name="Show Information" value="false"/>
          <column name="Comment" value=""/>
          <column name="Use an existing validation rule" value="false"/>
          <column name="Validation Rule Type" value=""/>
        </parameters>
        <schemas>
          <schema name="tDBInput_1">
            <column name="id" key="true" type="int" length="10" precision="" nullable="false" comment=""/>
            <column name="identifier" key="false" type="String" length="100" precision="" nullable="false" comment=""/>
            <column name="file" key="false" type="String" length="128" precision="" nullable="false" comment=""/>
            <column name="last_updated" key="false" type="java.util.Date" length="29" precision="6" nullable="true" comment=""/>
          </schema>
        </schemas>
      </component>
      <component icon="pictures/tDBInput_2.png" uniqueName="tDBInput_2" label="NDR_XML_status">
        <input link="tDBInput_1">tDBInput_1</input>
        <output link="tMap_3">tMap_3</output>
        <output link="tDBInput_3">tDBInput_3</output>
        <output link="tJava_5">tJava_5</output>
        <componentType>tPostgresqlInput</componentType>
        <parameters>
          <column name="Database" value="tPostgresqlInput"/>
          <column name="Unique Name" value="tDBInput_2"/>
          <column name="Component Name" value="tPostgresqlInput"/>
          <column name="Version" value="0.102 (ALPHA)"/>
          <column name="Family" value="Databases/DB Specifics/PostgreSQL"/>
          <column name="Start" value="false"/>
          <column name="Startable" value="true"/>
          <column name="SUBTREE_START" value="true"/>
          <column name="END_OF_FLOW" value="false"/>
          <column name="Activate" value="true"/>
          <column name="DUMMY" value="false"/>
          <column name="tStatCatcher Statistics" value="false"/>
          <column name="Help" value="org.talend.help.tPostgresqlInput"/>
          <column name="Update components" value="true"/>
          <column name="IREPORT_PATH" value=""/>
          <column name="JAVA_LIBRARY_PATH" value="C:\Users\A\Documents\TOS_BD-20200219_1130-V7.3.1\configuration\lib\java"/>
          <column name="Subjob color" value=""/>
          <column name="Title color" value=""/>
          <column name="Property Type" value="repository: DB (POSTGRESQL):LAMIS3"/>
          <column name="Use an existing connection" value="false"/>
          <column name="Component List" value=""/>
          <column name="DB Version" value="V9_X"/>
          <column name="Host" value="context.LAMIS3_Server"/>
          <column name="Database Driver" value="POSTGRESQL"/>
          <column name="Port" value="context.LAMIS3_Port"/>
          <column name="Database" value="context.LAMIS3_Database"/>
          <column name="Schema" value="context.LAMIS3_Schema"/>
          <column name="Username" value="context.LAMIS3_Login"/>
          <column name="Password" value="context.LAMIS3_Password"/>
          <column name="REPOSITORY_ALLOW_AUTO_SWITCH" value="true"/>
          <column name="Schema" value="Built-In"/>
          <column name="Table Name" value="&quot;&quot;"/>
          <column name="Query Type" value="Built-In"/>
          <column name="Guess Schema" value="&quot;&quot;"/>
          <column name="Query" value="&quot;SELECT nxs.id, nxs.files, nxs.last_modified, nf.datim_id FROM ndr_xml_status nxs
	INNER JOIN ndr_facility nf
  ON nf.id=nxs.facility_id
ORDER BY id ASC&quot;"/>
          <column name="Specify a data source alias" value="false"/>
          <column name="Data source alias" value="&quot;&quot;"/>
          <column name="Mapping" value="postgres_id"/>
          <column name="Additional JDBC Parameters" value="context.LAMIS3_AdditionalParams"/>
          <column name="Encoding" value="&quot;ISO-8859-15&quot;"/>
          <column name="Use fetch size" value="false"/>
          <column name="Fetch size" value="1000"/>
          <column name="Trim all the String/Char columns" value="false"/>
          <column name="Trim column" value="[{SCHEMA_COLUMN=id, TRIM=false}, {SCHEMA_COLUMN=files, TRIM=false}, {SCHEMA_COLUMN=last_modified, TRIM=false}, {SCHEMA_COLUMN=datim_id, TRIM=false}]"/>
          <column name="Label format" value="NDR_XML_status"/>
          <column name="Hint format" value="&lt;b&gt;__UNIQUE_NAME__&lt;/b&gt;&lt;br&gt;__COMMENT__"/>
          <column name="Connection format" value="row"/>
          <column name="Show Information" value="false"/>
          <column name="Comment" value=""/>
          <column name="Use an existing validation rule" value="false"/>
          <column name="Validation Rule Type" value=""/>
        </parameters>
        <schemas>
          <schema name="tDBInput_2">
            <column name="id" key="false" type="int" length="10" precision="" nullable="false" comment=""/>
            <column name="files" key="false" type="int" length="10" precision="" nullable="false" comment=""/>
            <column name="last_modified" key="false" type="java.util.Date" length="29" precision="6" nullable="false" comment=""/>
            <column name="datim_id" key="false" type="String" length="32" precision="" nullable="false" comment=""/>
          </schema>
        </schemas>
      </component>
      <component icon="pictures/tDBInput_3.png" uniqueName="tDBInput_3" label="Sequence_Update">
        <input link="tDBInput_2">tDBInput_2</input>
        <output link="tMap_2">tMap_2</output>
        <output link="tDBInput_4">tDBInput_4</output>
        <componentType>tPostgresqlInput</componentType>
        <parameters>
          <column name="Database" value="tPostgresqlInput"/>
          <column name="Unique Name" value="tDBInput_3"/>
          <column name="Component Name" value="tPostgresqlInput"/>
          <column name="Version" value="0.102 (ALPHA)"/>
          <column name="Family" value="Databases/DB Specifics/PostgreSQL"/>
          <column name="Start" value="false"/>
          <column name="Startable" value="true"/>
          <column name="SUBTREE_START" value="true"/>
          <column name="END_OF_FLOW" value="false"/>
          <column name="Activate" value="true"/>
          <column name="DUMMY" value="false"/>
          <column name="tStatCatcher Statistics" value="false"/>
          <column name="Help" value="org.talend.help.tPostgresqlInput"/>
          <column name="Update components" value="true"/>
          <column name="IREPORT_PATH" value=""/>
          <column name="JAVA_LIBRARY_PATH" value="C:\Users\A\Documents\TOS_BD-20200219_1130-V7.3.1\configuration\lib\java"/>
          <column name="Subjob color" value=""/>
          <column name="Title color" value=""/>
          <column name="Property Type" value="repository: DB (POSTGRESQL):LAMISPlus"/>
          <column name="Use an existing connection" value="false"/>
          <column name="Component List" value=""/>
          <column name="DB Version" value="V9_X"/>
          <column name="Host" value="context.LAMISPlus_Server"/>
          <column name="Database Driver" value="POSTGRESQL"/>
          <column name="Port" value="context.LAMISPlus_Port"/>
          <column name="Database" value="context.LAMISPlus_Database"/>
          <column name="Schema" value="context.LAMISPlus_Schema"/>
          <column name="Username" value="context.LAMISPlus_Login"/>
          <column name="Password" value="context.LAMISPlus_Password"/>
          <column name="REPOSITORY_ALLOW_AUTO_SWITCH" value="true"/>
          <column name="Schema" value="Built-In"/>
          <column name="Table Name" value="&quot;&quot;"/>
          <column name="Query Type" value="Built-In"/>
          <column name="Guess Schema" value="&quot;&quot;"/>
          <column name="Query" value="&quot;SELECT pg_catalog.setval('ndr_xml_status_id_seq', (SELECT MAX(id) FROM ndr_xml_status), true);&quot;"/>
          <column name="Specify a data source alias" value="false"/>
          <column name="Data source alias" value="&quot;&quot;"/>
          <column name="Mapping" value="postgres_id"/>
          <column name="Additional JDBC Parameters" value="context.LAMISPlus_AdditionalParams"/>
          <column name="Encoding" value="&quot;ISO-8859-15&quot;"/>
          <column name="Use fetch size" value="false"/>
          <column name="Fetch size" value="1000"/>
          <column name="Trim all the String/Char columns" value="false"/>
          <column name="Trim column" value="[{SCHEMA_COLUMN=sequence_count, TRIM=false}]"/>
          <column name="Label format" value="Sequence_Update"/>
          <column name="Hint format" value="&lt;b&gt;__UNIQUE_NAME__&lt;/b&gt;&lt;br&gt;__COMMENT__"/>
          <column name="Connection format" value="row"/>
          <column name="Show Information" value="false"/>
          <column name="Comment" value=""/>
          <column name="Use an existing validation rule" value="false"/>
          <column name="Validation Rule Type" value=""/>
        </parameters>
        <schemas>
          <schema name="tDBInput_3">
            <column name="sequence_count" key="false" type="Long" length="19" precision="" nullable="true" comment=""/>
          </schema>
        </schemas>
      </component>
      <component icon="pictures/tDBInput_4.png" uniqueName="tDBInput_4" label="Sequence_Update">
        <input link="tDBInput_3">tDBInput_3</input>
        <output link="tMap_4">tMap_4</output>
        <componentType>tPostgresqlInput</componentType>
        <parameters>
          <column name="Database" value="tPostgresqlInput"/>
          <column name="Unique Name" value="tDBInput_4"/>
          <column name="Component Name" value="tPostgresqlInput"/>
          <column name="Version" value="0.102 (ALPHA)"/>
          <column name="Family" value="Databases/DB Specifics/PostgreSQL"/>
          <column name="Start" value="false"/>
          <column name="Startable" value="true"/>
          <column name="SUBTREE_START" value="true"/>
          <column name="END_OF_FLOW" value="false"/>
          <column name="Activate" value="true"/>
          <column name="DUMMY" value="false"/>
          <column name="tStatCatcher Statistics" value="false"/>
          <column name="Help" value="org.talend.help.tPostgresqlInput"/>
          <column name="Update components" value="true"/>
          <column name="IREPORT_PATH" value=""/>
          <column name="JAVA_LIBRARY_PATH" value="C:\Users\A\Documents\TOS_BD-20200219_1130-V7.3.1\configuration\lib\java"/>
          <column name="Subjob color" value=""/>
          <column name="Title color" value=""/>
          <column name="Property Type" value="repository: DB (POSTGRESQL):LAMISPlus"/>
          <column name="Use an existing connection" value="false"/>
          <column name="Component List" value=""/>
          <column name="DB Version" value="V9_X"/>
          <column name="Host" value="context.LAMISPlus_Server"/>
          <column name="Database Driver" value="POSTGRESQL"/>
          <column name="Port" value="context.LAMISPlus_Port"/>
          <column name="Database" value="context.LAMISPlus_Database"/>
          <column name="Schema" value="context.LAMISPlus_Schema"/>
          <column name="Username" value="context.LAMISPlus_Login"/>
          <column name="Password" value="context.LAMISPlus_Password"/>
          <column name="REPOSITORY_ALLOW_AUTO_SWITCH" value="true"/>
          <column name="Schema" value="Built-In"/>
          <column name="Table Name" value="&quot;&quot;"/>
          <column name="Query Type" value="Built-In"/>
          <column name="Guess Schema" value="&quot;&quot;"/>
          <column name="Query" value="&quot;SELECT pg_catalog.setval('ndr_message_log_id_seq', (SELECT MAX(id) FROM ndr_message_log), true);&quot;"/>
          <column name="Specify a data source alias" value="false"/>
          <column name="Data source alias" value="&quot;&quot;"/>
          <column name="Mapping" value="postgres_id"/>
          <column name="Additional JDBC Parameters" value="context.LAMISPlus_AdditionalParams"/>
          <column name="Encoding" value="&quot;ISO-8859-15&quot;"/>
          <column name="Use fetch size" value="false"/>
          <column name="Fetch size" value="1000"/>
          <column name="Trim all the String/Char columns" value="false"/>
          <column name="Trim column" value="[{SCHEMA_COLUMN=sequence_count, TRIM=false}]"/>
          <column name="Label format" value="Sequence_Update"/>
          <column name="Hint format" value="&lt;b&gt;__UNIQUE_NAME__&lt;/b&gt;&lt;br&gt;__COMMENT__"/>
          <column name="Connection format" value="row"/>
          <column name="Show Information" value="false"/>
          <column name="Comment" value=""/>
          <column name="Use an existing validation rule" value="false"/>
          <column name="Validation Rule Type" value=""/>
        </parameters>
        <schemas>
          <schema name="tDBInput_4">
            <column name="sequence_count" key="false" type="Long" length="19" precision="" nullable="true" comment=""/>
          </schema>
        </schemas>
      </component>
      <component icon="pictures/tDBInput_6.png" uniqueName="tDBInput_6" label="LAMISPlus_Facility">
        <input>none</input>
        <output link="tMap_3">tMap_3</output>
        <componentType>tPostgresqlInput</componentType>
        <parameters>
          <column name="Database" value="tPostgresqlInput"/>
          <column name="Unique Name" value="tDBInput_6"/>
          <column name="Component Name" value="tPostgresqlInput"/>
          <column name="Version" value="0.102 (ALPHA)"/>
          <column name="Family" value="Databases/DB Specifics/PostgreSQL"/>
          <column name="Start" value="false"/>
          <column name="Startable" value="true"/>
          <column name="SUBTREE_START" value="false"/>
          <column name="END_OF_FLOW" value="false"/>
          <column name="Activate" value="true"/>
          <column name="DUMMY" value="false"/>
          <column name="tStatCatcher Statistics" value="false"/>
          <column name="Help" value="org.talend.help.tPostgresqlInput"/>
          <column name="Update components" value="true"/>
          <column name="IREPORT_PATH" value=""/>
          <column name="JAVA_LIBRARY_PATH" value="C:\Users\A\Documents\TOS_BD-20200219_1130-V7.3.1\configuration\lib\java"/>
          <column name="Subjob color" value=""/>
          <column name="Title color" value=""/>
          <column name="Property Type" value="repository: DB (POSTGRESQL):LAMISPlus"/>
          <column name="Use an existing connection" value="false"/>
          <column name="Component List" value=""/>
          <column name="DB Version" value="V9_X"/>
          <column name="Host" value="context.LAMISPlus_Server"/>
          <column name="Database Driver" value="POSTGRESQL"/>
          <column name="Port" value="context.LAMISPlus_Port"/>
          <column name="Database" value="context.LAMISPlus_Database"/>
          <column name="Schema" value="context.LAMISPlus_Schema"/>
          <column name="Username" value="context.LAMISPlus_Login"/>
          <column name="Password" value="context.LAMISPlus_Password"/>
          <column name="REPOSITORY_ALLOW_AUTO_SWITCH" value="true"/>
          <column name="Schema" value="Built-In"/>
          <column name="Table Name" value="&quot;&quot;"/>
          <column name="Query Type" value="Built-In"/>
          <column name="Guess Schema" value="&quot;&quot;"/>
          <column name="Query" value="&quot;SELECT facility.id,
	facility.name,
	orgunit.name as orgunit_name,
	oid.code as datim_code
FROM base_organisation_unit facility
JOIN base_organisation_unit orgunit
ON facility.parent_organisation_unit_id = orgunit.id
JOIN base_organisation_unit_identifier oid
ON facility.id = oid.organisation_unit_id
WHERE facility.organisation_unit_level_id=4 &quot;"/>
          <column name="Specify a data source alias" value="false"/>
          <column name="Data source alias" value="&quot;&quot;"/>
          <column name="Mapping" value="postgres_id"/>
          <column name="Additional JDBC Parameters" value="context.LAMISPlus_AdditionalParams"/>
          <column name="Encoding" value="&quot;ISO-8859-15&quot;"/>
          <column name="Use fetch size" value="false"/>
          <column name="Fetch size" value="1000"/>
          <column name="Trim all the String/Char columns" value="false"/>
          <column name="Trim column" value="[{SCHEMA_COLUMN=id, TRIM=false}, {SCHEMA_COLUMN=name, TRIM=false}, {SCHEMA_COLUMN=orgunit_name, TRIM=false}, {SCHEMA_COLUMN=datim_code, TRIM=false}]"/>
          <column name="Label format" value="LAMISPlus_Facility"/>
          <column name="Hint format" value="&lt;b&gt;__UNIQUE_NAME__&lt;/b&gt;&lt;br&gt;__COMMENT__"/>
          <column name="Connection format" value="row"/>
          <column name="Show Information" value="false"/>
          <column name="Comment" value=""/>
          <column name="Use an existing validation rule" value="false"/>
          <column name="Validation Rule Type" value=""/>
        </parameters>
        <schemas>
          <schema name="tDBInput_6">
            <column name="id" key="false" type="int" length="19" precision="" nullable="false" comment=""/>
            <column name="name" key="false" type="String" length="100" precision="" nullable="true" comment=""/>
            <column name="orgunit_name" key="false" type="String" length="100" precision="" nullable="true" comment=""/>
            <column name="datim_code" key="false" type="String" length="100" precision="" nullable="true" comment=""/>
          </schema>
        </schemas>
      </component>
      <component icon="pictures/tDBOutput_1.png" uniqueName="tDBOutput_1" label="Etl_Sequence">
        <input link="tMap_2">tMap_2</input>
        <output>none</output>
        <componentType>tPostgresqlOutput</componentType>
        <parameters>
          <column name="Database" value="tPostgresqlOutput"/>
          <column name="Unique Name" value="tDBOutput_1"/>
          <column name="Component Name" value="tPostgresqlOutput"/>
          <column name="Version" value="0.102 (ALPHA)"/>
          <column name="Family" value="Databases/DB Specifics/PostgreSQL"/>
          <column name="Startable" value="false"/>
          <column name="SUBTREE_START" value="false"/>
          <column name="END_OF_FLOW" value="true"/>
          <column name="Activate" value="true"/>
          <column name="DUMMY" value="false"/>
          <column name="tStatCatcher Statistics" value="false"/>
          <column name="Help" value="org.talend.help.tPostgresqlOutput"/>
          <column name="Update components" value="true"/>
          <column name="IREPORT_PATH" value=""/>
          <column name="JAVA_LIBRARY_PATH" value="C:\Users\A\Documents\TOS_BD-20200219_1130-V7.3.1\configuration\lib\java"/>
          <column name="Subjob color" value=""/>
          <column name="Title color" value=""/>
          <column name="Property Type" value="repository: DB (POSTGRESQL):LAMISPlus"/>
          <column name="Use an existing connection" value="false"/>
          <column name="Component List" value=""/>
          <column name="DB Version" value="V9_X"/>
          <column name="Host" value="context.LAMISPlus_Server"/>
          <column name="Port" value="context.LAMISPlus_Port"/>
          <column name="Database" value="context.LAMISPlus_Database"/>
          <column name="Database Driver" value="POSTGRESQL"/>
          <column name="Schema" value="context.LAMISPlus_Schema"/>
          <column name="Username" value="context.LAMISPlus_Login"/>
          <column name="Password" value="context.LAMISPlus_Password"/>
          <column name="Table" value="&quot;etl_sequence&quot;"/>
          <column name="Action on table" value="CREATE_IF_NOT_EXISTS"/>
          <column name="Action on data" value="INSERT_OR_UPDATE"/>
          <column name="REPOSITORY_ALLOW_AUTO_SWITCH" value="true"/>
          <column name="Schema" value="Built-In"/>
          <column name="Reject Schema" value="Built-In"/>
          <column name="Use spatial options" value="false"/>
          <column name="Create Spatial index" value="false"/>
          <column name="Create geometry columns reference" value="false"/>
          <column name="Specify a data source alias" value="false"/>
          <column name="Data source alias" value="&quot;&quot;"/>
          <column name="Die on error" value="false"/>
          <column name="Mapping" value="postgres_id"/>
          <column name="Use alternate schema" value="false"/>
          <column name="Schema" value="&quot;&quot;"/>
          <column name="Additional JDBC Parameters" value="context.LAMISPlus_AdditionalParams"/>
          <column name="Use save point" value="false"/>
          <column name="Encoding" value="&quot;ISO-8859-15&quot;"/>
          <column name="Commit every" value="10000"/>
          <column name="Additional columns" value="[]"/>
          <column name="Use field options" value="false"/>
          <column name="Field options" value="[{SCHEMA_COLUMN=sequence_count, UPDATE_KEY=false, DELETE_KEY=false, UPDATABLE=true, INSERTABLE=true}, {SCHEMA_COLUMN=table_name, UPDATE_KEY=false, DELETE_KEY=false, UPDATABLE=true, INSERTABLE=true}, {SCHEMA_COLUMN=date_time, UPDATE_KEY=false, DELETE_KEY=false, UPDATABLE=true, INSERTABLE=true}]"/>
          <column name="Debug query mode" value="false"/>
          <column name="Support null in &quot;SQL WHERE&quot; statement" value="false"/>
          <column name="Convert columns and table to lowercase" value="false"/>
          <column name="Use Batch Size" value="true"/>
          <column name="Batch Size" value="10000"/>
          <column name="Label format" value="Etl_Sequence"/>
          <column name="Hint format" value="&lt;b&gt;__UNIQUE_NAME__&lt;/b&gt;&lt;br&gt;__COMMENT__"/>
          <column name="Connection format" value="row"/>
          <column name="Show Information" value="false"/>
          <column name="Comment" value=""/>
          <column name="Use an existing validation rule" value="false"/>
          <column name="Validation Rule Type" value=""/>
        </parameters>
        <schemas>
          <schema name="tDBOutput_1">
            <column name="sequence_count" key="false" type="Long" length="19" precision="" nullable="true" comment=""/>
            <column name="table_name" key="true" type="String" length="" precision="" nullable="true" comment=""/>
            <column name="date_time" key="false" type="java.util.Date" length="" precision="" nullable="true" comment=""/>
          </schema>
        </schemas>
      </component>
      <component icon="pictures/tDBOutput_2.png" uniqueName="tDBOutput_2" label="LAMISPlus_XML_Status">
        <input link="tMap_3">tMap_3</input>
        <output link="tJava_4">tJava_4</output>
        <componentType>tPostgresqlOutput</componentType>
        <parameters>
          <column name="Database" value="tPostgresqlOutput"/>
          <column name="Unique Name" value="tDBOutput_2"/>
          <column name="Component Name" value="tPostgresqlOutput"/>
          <column name="Version" value="0.102 (ALPHA)"/>
          <column name="Family" value="Databases/DB Specifics/PostgreSQL"/>
          <column name="Startable" value="false"/>
          <column name="SUBTREE_START" value="false"/>
          <column name="END_OF_FLOW" value="true"/>
          <column name="Activate" value="true"/>
          <column name="DUMMY" value="false"/>
          <column name="tStatCatcher Statistics" value="false"/>
          <column name="Help" value="org.talend.help.tPostgresqlOutput"/>
          <column name="Update components" value="true"/>
          <column name="IREPORT_PATH" value=""/>
          <column name="JAVA_LIBRARY_PATH" value="C:\Users\A\Documents\TOS_BD-20200219_1130-V7.3.1\configuration\lib\java"/>
          <column name="Subjob color" value=""/>
          <column name="Title color" value=""/>
          <column name="Property Type" value="repository: DB (POSTGRESQL):LAMISPlus"/>
          <column name="Use an existing connection" value="false"/>
          <column name="Component List" value=""/>
          <column name="DB Version" value="V9_X"/>
          <column name="Host" value="context.LAMISPlus_Server"/>
          <column name="Port" value="context.LAMISPlus_Port"/>
          <column name="Database" value="context.LAMISPlus_Database"/>
          <column name="Database Driver" value="POSTGRESQL"/>
          <column name="Schema" value="context.LAMISPlus_Schema"/>
          <column name="Username" value="context.LAMISPlus_Login"/>
          <column name="Password" value="context.LAMISPlus_Password"/>
          <column name="Table" value="&quot;ndr_xml_status&quot;"/>
          <column name="Action on table" value="NONE"/>
          <column name="Action on data" value="INSERT_OR_UPDATE"/>
          <column name="REPOSITORY_ALLOW_AUTO_SWITCH" value="true"/>
          <column name="Schema" value="Built-In"/>
          <column name="Reject Schema" value="Built-In"/>
          <column name="Use spatial options" value="false"/>
          <column name="Create Spatial index" value="false"/>
          <column name="Create geometry columns reference" value="false"/>
          <column name="Specify a data source alias" value="false"/>
          <column name="Data source alias" value="&quot;&quot;"/>
          <column name="Die on error" value="false"/>
          <column name="Mapping" value="postgres_id"/>
          <column name="Use alternate schema" value="false"/>
          <column name="Schema" value="&quot;&quot;"/>
          <column name="Additional JDBC Parameters" value="context.LAMISPlus_AdditionalParams"/>
          <column name="Use save point" value="false"/>
          <column name="Encoding" value="&quot;ISO-8859-15&quot;"/>
          <column name="Commit every" value="10000"/>
          <column name="Additional columns" value="[{NAME=&quot;extra&quot;, DATATYPE=VARCHAR(50), SQL=&quot;?::json&quot;, POS=REPLACE, REFCOL=extra}]"/>
          <column name="Use field options" value="false"/>
          <column name="Field options" value="[{SCHEMA_COLUMN=id, UPDATE_KEY=false, DELETE_KEY=false, UPDATABLE=true, INSERTABLE=true}, {SCHEMA_COLUMN=files, UPDATE_KEY=false, DELETE_KEY=false, UPDATABLE=true, INSERTABLE=true}, {SCHEMA_COLUMN=last_modified, UPDATE_KEY=false, DELETE_KEY=false, UPDATABLE=true, INSERTABLE=true}, {SCHEMA_COLUMN=facility_id, UPDATE_KEY=false, DELETE_KEY=false, UPDATABLE=true, INSERTABLE=true}]"/>
          <column name="Debug query mode" value="false"/>
          <column name="Support null in &quot;SQL WHERE&quot; statement" value="false"/>
          <column name="Convert columns and table to lowercase" value="false"/>
          <column name="Use Batch Size" value="true"/>
          <column name="Batch Size" value="10000"/>
          <column name="Label format" value="LAMISPlus_XML_Status"/>
          <column name="Hint format" value="&lt;b&gt;__UNIQUE_NAME__&lt;/b&gt;&lt;br&gt;__COMMENT__"/>
          <column name="Connection format" value="row"/>
          <column name="Show Information" value="false"/>
          <column name="Comment" value=""/>
          <column name="Use an existing validation rule" value="false"/>
          <column name="Validation Rule Type" value=""/>
        </parameters>
        <schemas>
          <schema name="tDBOutput_2">
            <column name="id" key="true" type="int" length="10" precision="" nullable="false" comment=""/>
            <column name="files" key="false" type="int" length="100" precision="" nullable="false" comment=""/>
            <column name="last_modified" key="false" type="java.util.Date" length="29" precision="6" nullable="false" comment=""/>
            <column name="facility_id" key="false" type="int" length="19" precision="" nullable="false" comment=""/>
          </schema>
        </schemas>
      </component>
      <component icon="pictures/tDBOutput_3.png" uniqueName="tDBOutput_3" label="LAMISPlus_Messgae_Log">
        <input link="tMap_1">tMap_1</input>
        <output link="tJava_3">tJava_3</output>
        <componentType>tPostgresqlOutput</componentType>
        <parameters>
          <column name="Database" value="tPostgresqlOutput"/>
          <column name="Unique Name" value="tDBOutput_3"/>
          <column name="Component Name" value="tPostgresqlOutput"/>
          <column name="Version" value="0.102 (ALPHA)"/>
          <column name="Family" value="Databases/DB Specifics/PostgreSQL"/>
          <column name="Startable" value="false"/>
          <column name="SUBTREE_START" value="false"/>
          <column name="END_OF_FLOW" value="true"/>
          <column name="Activate" value="true"/>
          <column name="DUMMY" value="false"/>
          <column name="tStatCatcher Statistics" value="false"/>
          <column name="Help" value="org.talend.help.tPostgresqlOutput"/>
          <column name="Update components" value="true"/>
          <column name="IREPORT_PATH" value=""/>
          <column name="JAVA_LIBRARY_PATH" value="C:\Users\A\Documents\TOS_BD-20200219_1130-V7.3.1\configuration\lib\java"/>
          <column name="Subjob color" value=""/>
          <column name="Title color" value=""/>
          <column name="Property Type" value="repository: DB (POSTGRESQL):LAMISPlus"/>
          <column name="Use an existing connection" value="false"/>
          <column name="Component List" value=""/>
          <column name="DB Version" value="V9_X"/>
          <column name="Host" value="context.LAMISPlus_Server"/>
          <column name="Port" value="context.LAMISPlus_Port"/>
          <column name="Database" value="context.LAMISPlus_Database"/>
          <column name="Database Driver" value="POSTGRESQL"/>
          <column name="Schema" value="context.LAMISPlus_Schema"/>
          <column name="Username" value="context.LAMISPlus_Login"/>
          <column name="Password" value="context.LAMISPlus_Password"/>
          <column name="Table" value="&quot;ndr_message_log&quot;"/>
          <column name="Action on table" value="NONE"/>
          <column name="Action on data" value="INSERT_OR_UPDATE"/>
          <column name="REPOSITORY_ALLOW_AUTO_SWITCH" value="true"/>
          <column name="Schema" value="Built-In"/>
          <column name="Reject Schema" value="Built-In"/>
          <column name="Use spatial options" value="false"/>
          <column name="Create Spatial index" value="false"/>
          <column name="Create geometry columns reference" value="false"/>
          <column name="Specify a data source alias" value="false"/>
          <column name="Data source alias" value="&quot;&quot;"/>
          <column name="Die on error" value="false"/>
          <column name="Mapping" value="postgres_id"/>
          <column name="Use alternate schema" value="false"/>
          <column name="Schema" value="&quot;&quot;"/>
          <column name="Additional JDBC Parameters" value="context.LAMISPlus_AdditionalParams"/>
          <column name="Use save point" value="false"/>
          <column name="Encoding" value="&quot;ISO-8859-15&quot;"/>
          <column name="Commit every" value="10000"/>
          <column name="Additional columns" value="[{NAME=&quot;extra&quot;, DATATYPE=VARCHAR(50), SQL=&quot;?::json&quot;, POS=REPLACE, REFCOL=extra}]"/>
          <column name="Use field options" value="false"/>
          <column name="Field options" value="[{SCHEMA_COLUMN=id, UPDATE_KEY=false, DELETE_KEY=false, UPDATABLE=true, INSERTABLE=true}, {SCHEMA_COLUMN=identifier, UPDATE_KEY=false, DELETE_KEY=false, UPDATABLE=true, INSERTABLE=true}, {SCHEMA_COLUMN=file, UPDATE_KEY=false, DELETE_KEY=false, UPDATABLE=true, INSERTABLE=true}, {SCHEMA_COLUMN=last_updated, UPDATE_KEY=false, DELETE_KEY=false, UPDATABLE=true, INSERTABLE=true}]"/>
          <column name="Debug query mode" value="false"/>
          <column name="Support null in &quot;SQL WHERE&quot; statement" value="false"/>
          <column name="Convert columns and table to lowercase" value="false"/>
          <column name="Use Batch Size" value="true"/>
          <column name="Batch Size" value="10000"/>
          <column name="Label format" value="LAMISPlus_Messgae_Log"/>
          <column name="Hint format" value="&lt;b&gt;__UNIQUE_NAME__&lt;/b&gt;&lt;br&gt;__COMMENT__"/>
          <column name="Connection format" value="row"/>
          <column name="Show Information" value="false"/>
          <column name="Comment" value=""/>
          <column name="Use an existing validation rule" value="false"/>
          <column name="Validation Rule Type" value=""/>
        </parameters>
        <schemas>
          <schema name="tDBOutput_3">
            <column name="id" key="true" type="int" length="10" precision="" nullable="false" comment=""/>
            <column name="identifier" key="false" type="String" length="100" precision="" nullable="false" comment=""/>
            <column name="file" key="false" type="String" length="128" precision="" nullable="false" comment=""/>
            <column name="last_updated" key="false" type="java.util.Date" length="29" precision="6" nullable="true" comment=""/>
          </schema>
        </schemas>
      </component>
      <component icon="pictures/tDBOutput_4.png" uniqueName="tDBOutput_4" label="Etl_Sequence">
        <input link="tMap_4">tMap_4</input>
        <output link="tJava_2">tJava_2</output>
        <componentType>tPostgresqlOutput</componentType>
        <parameters>
          <column name="Database" value="tPostgresqlOutput"/>
          <column name="Unique Name" value="tDBOutput_4"/>
          <column name="Component Name" value="tPostgresqlOutput"/>
          <column name="Version" value="0.102 (ALPHA)"/>
          <column name="Family" value="Databases/DB Specifics/PostgreSQL"/>
          <column name="Startable" value="false"/>
          <column name="SUBTREE_START" value="false"/>
          <column name="END_OF_FLOW" value="true"/>
          <column name="Activate" value="true"/>
          <column name="DUMMY" value="false"/>
          <column name="tStatCatcher Statistics" value="false"/>
          <column name="Help" value="org.talend.help.tPostgresqlOutput"/>
          <column name="Update components" value="true"/>
          <column name="IREPORT_PATH" value=""/>
          <column name="JAVA_LIBRARY_PATH" value="C:\Users\A\Documents\TOS_BD-20200219_1130-V7.3.1\configuration\lib\java"/>
          <column name="Subjob color" value=""/>
          <column name="Title color" value=""/>
          <column name="Property Type" value="repository: DB (POSTGRESQL):LAMISPlus"/>
          <column name="Use an existing connection" value="false"/>
          <column name="Component List" value=""/>
          <column name="DB Version" value="V9_X"/>
          <column name="Host" value="context.LAMISPlus_Server"/>
          <column name="Port" value="context.LAMISPlus_Port"/>
          <column name="Database" value="context.LAMISPlus_Database"/>
          <column name="Database Driver" value="POSTGRESQL"/>
          <column name="Schema" value="context.LAMISPlus_Schema"/>
          <column name="Username" value="context.LAMISPlus_Login"/>
          <column name="Password" value="context.LAMISPlus_Password"/>
          <column name="Table" value="&quot;etl_sequence&quot;"/>
          <column name="Action on table" value="CREATE_IF_NOT_EXISTS"/>
          <column name="Action on data" value="INSERT_OR_UPDATE"/>
          <column name="REPOSITORY_ALLOW_AUTO_SWITCH" value="true"/>
          <column name="Schema" value="Built-In"/>
          <column name="Reject Schema" value="Built-In"/>
          <column name="Use spatial options" value="false"/>
          <column name="Create Spatial index" value="false"/>
          <column name="Create geometry columns reference" value="false"/>
          <column name="Specify a data source alias" value="false"/>
          <column name="Data source alias" value="&quot;&quot;"/>
          <column name="Die on error" value="false"/>
          <column name="Mapping" value="postgres_id"/>
          <column name="Use alternate schema" value="false"/>
          <column name="Schema" value="&quot;&quot;"/>
          <column name="Additional JDBC Parameters" value="context.LAMISPlus_AdditionalParams"/>
          <column name="Use save point" value="false"/>
          <column name="Encoding" value="&quot;ISO-8859-15&quot;"/>
          <column name="Commit every" value="10000"/>
          <column name="Additional columns" value="[]"/>
          <column name="Use field options" value="false"/>
          <column name="Field options" value="[{SCHEMA_COLUMN=sequence_count, UPDATE_KEY=false, DELETE_KEY=false, UPDATABLE=true, INSERTABLE=true}, {SCHEMA_COLUMN=table_name, UPDATE_KEY=false, DELETE_KEY=false, UPDATABLE=true, INSERTABLE=true}, {SCHEMA_COLUMN=date_time, UPDATE_KEY=false, DELETE_KEY=false, UPDATABLE=true, INSERTABLE=true}]"/>
          <column name="Debug query mode" value="false"/>
          <column name="Support null in &quot;SQL WHERE&quot; statement" value="false"/>
          <column name="Convert columns and table to lowercase" value="false"/>
          <column name="Use Batch Size" value="true"/>
          <column name="Batch Size" value="10000"/>
          <column name="Label format" value="Etl_Sequence"/>
          <column name="Hint format" value="&lt;b&gt;__UNIQUE_NAME__&lt;/b&gt;&lt;br&gt;__COMMENT__"/>
          <column name="Connection format" value="row"/>
          <column name="Show Information" value="false"/>
          <column name="Comment" value=""/>
          <column name="Use an existing validation rule" value="false"/>
          <column name="Validation Rule Type" value=""/>
        </parameters>
        <schemas>
          <schema name="tDBOutput_4">
            <column name="sequence_count" key="false" type="Long" length="19" precision="" nullable="true" comment=""/>
            <column name="table_name" key="true" type="String" length="" precision="" nullable="true" comment=""/>
            <column name="date_time" key="false" type="java.util.Date" length="" precision="" nullable="true" comment=""/>
          </schema>
        </schemas>
      </component>
      <component icon="pictures/tJava_1.png" uniqueName="tJava_1" label="__UNIQUE_NAME__">
        <input link="tDBInput_1">tDBInput_1</input>
        <output>none</output>
        <componentType>tJava</componentType>
        <parameters>
          <column name="Unique Name" value="tJava_1"/>
          <column name="Component Name" value="tJava"/>
          <column name="Version" value="0.101 (ALPHA)"/>
          <column name="Family" value="Custom_Code"/>
          <column name="Start" value="false"/>
          <column name="Startable" value="true"/>
          <column name="SUBTREE_START" value="true"/>
          <column name="END_OF_FLOW" value="true"/>
          <column name="Activate" value="true"/>
          <column name="DUMMY" value="false"/>
          <column name="tStatCatcher Statistics" value="false"/>
          <column name="Help" value="org.talend.help.tJava"/>
          <column name="Update components" value="true"/>
          <column name="IREPORT_PATH" value=""/>
          <column name="JAVA_LIBRARY_PATH" value="C:\Users\A\Documents\TOS_BD-20200219_1130-V7.3.1\configuration\lib\java"/>
          <column name="Subjob color" value=""/>
          <column name="Title color" value=""/>
          <column name="Code" value="System.out.println(&quot;*****************************************************************&quot;);
System.out.println(&quot;***********NDR MIGRATION REPORT START*****************&quot;);
java.time.LocalDateTime startTime = java.time.LocalDateTime.now();
globalMap.put(&quot;startTime&quot;, startTime);
System.out.println(&quot;Start time - &quot;+ startTime);

System.out.println(&quot;Total latest NDR Message Log records fetched from LAMIS3 - &quot;+globalMap.get(&quot;tDBInput_1_NB_LINE&quot;));"/>
          <column name="Import" value="//import java.util.List;"/>
          <column name="Schema" value="Built-In"/>
          <column name="Label format" value="__UNIQUE_NAME__"/>
          <column name="Hint format" value="&lt;b&gt;__UNIQUE_NAME__&lt;/b&gt;&lt;br&gt;__COMMENT__"/>
          <column name="Connection format" value="row"/>
          <column name="Show Information" value="false"/>
          <column name="Comment" value=""/>
          <column name="Use an existing validation rule" value="false"/>
          <column name="Validation Rule Type" value=""/>
        </parameters>
        <schemas>
          <schema name="tJava_1"/>
        </schemas>
      </component>
      <component icon="pictures/tJava_2.png" uniqueName="tJava_2" label="__UNIQUE_NAME__">
        <input link="tDBOutput_4">tDBOutput_4</input>
        <output>none</output>
        <componentType>tJava</componentType>
        <parameters>
          <column name="Unique Name" value="tJava_2"/>
          <column name="Component Name" value="tJava"/>
          <column name="Version" value="0.101 (ALPHA)"/>
          <column name="Family" value="Custom_Code"/>
          <column name="Start" value="false"/>
          <column name="Startable" value="true"/>
          <column name="SUBTREE_START" value="true"/>
          <column name="END_OF_FLOW" value="true"/>
          <column name="Activate" value="true"/>
          <column name="DUMMY" value="false"/>
          <column name="tStatCatcher Statistics" value="false"/>
          <column name="Help" value="org.talend.help.tJava"/>
          <column name="Update components" value="true"/>
          <column name="IREPORT_PATH" value=""/>
          <column name="JAVA_LIBRARY_PATH" value="C:\Users\A\Documents\TOS_BD-20200219_1130-V7.3.1\configuration\lib\java"/>
          <column name="Subjob color" value=""/>
          <column name="Title color" value=""/>
          <column name="Code" value="System.out.println();
java.time.LocalDateTime endTime = java.time.LocalDateTime.now();
System.out.println(&quot;End time - &quot;+ endTime);
java.time.LocalDateTime statTime = (java.time.LocalDateTime)globalMap.get(&quot;startTime&quot;);

java.time.Duration duration = java.time.Duration.between(statTime, endTime);
System.out.println(&quot;Duration - &quot;+ duration);
System.out.println(&quot;*************NDR MIGRATION REPORT END*****************&quot;);
System.out.println(&quot;****************************************************************&quot;);"/>
          <column name="Import" value="//import java.util.List;"/>
          <column name="Schema" value="Built-In"/>
          <column name="Label format" value="__UNIQUE_NAME__"/>
          <column name="Hint format" value="&lt;b&gt;__UNIQUE_NAME__&lt;/b&gt;&lt;br&gt;__COMMENT__"/>
          <column name="Connection format" value="row"/>
          <column name="Show Information" value="false"/>
          <column name="Comment" value=""/>
          <column name="Use an existing validation rule" value="false"/>
          <column name="Validation Rule Type" value=""/>
        </parameters>
        <schemas>
          <schema name="schema_create_transform_jsonfield">
            <column name="id" key="true" type="int" length="10" precision="" nullable="false" comment=""/>
            <column name="hospital_number" key="false" type="String" length="25" precision="" nullable="false" comment=""/>
            <column name="uuid" key="false" type="String" length="36" precision="" nullable="true" comment=""/>
            <column name="first_name" key="false" type="String" length="230" precision="" nullable="true" comment=""/>
            <column name="surname" key="false" type="String" length="45" precision="" nullable="true" comment=""/>
            <column name="other_name" key="false" type="String" length="75" precision="" nullable="true" comment=""/>
            <column name="gender" key="false" type="String" length="500" precision="" nullable="true" comment=""/>
            <column name="date_of_birth" key="false" type="java.util.Date" length="13" precision="" nullable="true" comment=""/>
            <column name="is_date_of_birth_estimated" key="false" type="Boolean" length="1" precision="" nullable="true" comment=""/>
            <column name="education" key="false" type="String" length="1500" precision="" nullable="true" comment=""/>
            <column name="marital_status" key="false" type="String" length="1500" precision="" nullable="true" comment=""/>
            <column name="employment_status" key="false" type="String" length="1500" precision="" nullable="true" comment=""/>
            <column name="address" key="false" type="String" length="1500" precision="" nullable="true" comment=""/>
            <column name="contact_point" key="false" type="String" length="1500" precision="" nullable="true" comment=""/>
            <column name="contact" key="false" type="String" length="1500" precision="" nullable="true" comment=""/>
            <column name="date_of_registration" key="false" type="java.util.Date" length="13" precision="" nullable="false" comment=""/>
            <column name="archived" key="false" type="Integer" length="1" precision="" nullable="true" comment=""/>
            <column name="active" key="false" type="boolean" length="" precision="" nullable="false" comment=""/>
            <column name="deceased" key="false" type="Boolean" length="" precision="" nullable="true" comment=""/>
            <column name="deceased_date_time" key="false" type="java.util.Date" length="" precision="" nullable="true" comment=""/>
            <column name="created_date" key="false" type="java.util.Date" length="" precision="" nullable="true" comment=""/>
            <column name="last_modified_date" key="false" type="java.util.Date" length="29" precision="6" nullable="true" comment=""/>
            <column name="created_by" key="false" type="String" length="" precision="" nullable="true" comment=""/>
            <column name="last_modified_by" key="false" type="String" length="" precision="" nullable="true" comment=""/>
            <column name="identifier" key="false" type="String" length="25" precision="" nullable="true" comment=""/>
            <column name="facility_id" key="false" type="long" length="19" precision="" nullable="false" comment=""/>
            <column name="organization" key="false" type="String" length="" precision="" nullable="true" comment=""/>
            <column name="sex" key="false" type="String" length="230" precision="" nullable="true" comment=""/>
          </schema>
        </schemas>
      </component>
      <component icon="pictures/tJava_3.png" uniqueName="tJava_3" label="__UNIQUE_NAME__">
        <input link="tDBOutput_3">tDBOutput_3</input>
        <output>none</output>
        <componentType>tJava</componentType>
        <parameters>
          <column name="Unique Name" value="tJava_3"/>
          <column name="Component Name" value="tJava"/>
          <column name="Version" value="0.101 (ALPHA)"/>
          <column name="Family" value="Custom_Code"/>
          <column name="Start" value="false"/>
          <column name="Startable" value="true"/>
          <column name="SUBTREE_START" value="true"/>
          <column name="END_OF_FLOW" value="true"/>
          <column name="Activate" value="true"/>
          <column name="DUMMY" value="false"/>
          <column name="tStatCatcher Statistics" value="false"/>
          <column name="Help" value="org.talend.help.tJava"/>
          <column name="Update components" value="true"/>
          <column name="IREPORT_PATH" value=""/>
          <column name="JAVA_LIBRARY_PATH" value="C:\Users\A\Documents\TOS_BD-20200219_1130-V7.3.1\configuration\lib\java"/>
          <column name="Subjob color" value=""/>
          <column name="Title color" value=""/>
          <column name="Code" value="int totalMigrated = globalMap.get(&quot;tDBOutput_3_NB_LINE_UPDATED&quot;) != null ? (Integer)globalMap.get(&quot;tDBOutput_3_NB_LINE_UPDATED&quot;) : 0;

System.out.println(&quot;Total NDR Message Log already migrated &quot;+totalMigrated);

System.out.println(&quot;Total new records migrated - &quot;+globalMap.get(&quot;tDBOutput_3_NB_LINE_INSERTED&quot;));
if(globalMap.get(&quot;tDBOutput_3_ERROR_MESSAGE&quot;) != null){
System.out.println(&quot;Migration Error - &quot;+globalMap.get(&quot;tDBOutput_3_ERROR_MESSAGE&quot;));
}
System.out.println(&quot;Total erroneous records not migrated - &quot;+globalMap.get(&quot;tFileOutputDelimited_3_NB_LINE&quot;));
System.out.println();"/>
          <column name="Import" value="//import java.util.List;"/>
          <column name="Schema" value="Built-In"/>
          <column name="Label format" value="__UNIQUE_NAME__"/>
          <column name="Hint format" value="&lt;b&gt;__UNIQUE_NAME__&lt;/b&gt;&lt;br&gt;__COMMENT__"/>
          <column name="Connection format" value="row"/>
          <column name="Show Information" value="false"/>
          <column name="Comment" value=""/>
          <column name="Use an existing validation rule" value="false"/>
          <column name="Validation Rule Type" value=""/>
        </parameters>
        <schemas>
          <schema name="schema_create_transform_jsonfield">
            <column name="id" key="true" type="int" length="10" precision="" nullable="false" comment=""/>
            <column name="hospital_number" key="false" type="String" length="25" precision="" nullable="false" comment=""/>
            <column name="uuid" key="false" type="String" length="36" precision="" nullable="true" comment=""/>
            <column name="first_name" key="false" type="String" length="230" precision="" nullable="true" comment=""/>
            <column name="surname" key="false" type="String" length="45" precision="" nullable="true" comment=""/>
            <column name="other_name" key="false" type="String" length="75" precision="" nullable="true" comment=""/>
            <column name="gender" key="false" type="String" length="500" precision="" nullable="true" comment=""/>
            <column name="date_of_birth" key="false" type="java.util.Date" length="13" precision="" nullable="true" comment=""/>
            <column name="is_date_of_birth_estimated" key="false" type="Boolean" length="1" precision="" nullable="true" comment=""/>
            <column name="education" key="false" type="String" length="1500" precision="" nullable="true" comment=""/>
            <column name="marital_status" key="false" type="String" length="1500" precision="" nullable="true" comment=""/>
            <column name="employment_status" key="false" type="String" length="1500" precision="" nullable="true" comment=""/>
            <column name="address" key="false" type="String" length="1500" precision="" nullable="true" comment=""/>
            <column name="contact_point" key="false" type="String" length="1500" precision="" nullable="true" comment=""/>
            <column name="contact" key="false" type="String" length="1500" precision="" nullable="true" comment=""/>
            <column name="date_of_registration" key="false" type="java.util.Date" length="13" precision="" nullable="false" comment=""/>
            <column name="archived" key="false" type="Integer" length="1" precision="" nullable="true" comment=""/>
            <column name="active" key="false" type="boolean" length="" precision="" nullable="false" comment=""/>
            <column name="deceased" key="false" type="Boolean" length="" precision="" nullable="true" comment=""/>
            <column name="deceased_date_time" key="false" type="java.util.Date" length="" precision="" nullable="true" comment=""/>
            <column name="created_date" key="false" type="java.util.Date" length="" precision="" nullable="true" comment=""/>
            <column name="last_modified_date" key="false" type="java.util.Date" length="29" precision="6" nullable="true" comment=""/>
            <column name="created_by" key="false" type="String" length="" precision="" nullable="true" comment=""/>
            <column name="last_modified_by" key="false" type="String" length="" precision="" nullable="true" comment=""/>
            <column name="identifier" key="false" type="String" length="25" precision="" nullable="true" comment=""/>
            <column name="facility_id" key="false" type="long" length="19" precision="" nullable="false" comment=""/>
            <column name="organization" key="false" type="String" length="" precision="" nullable="true" comment=""/>
            <column name="sex" key="false" type="String" length="230" precision="" nullable="true" comment=""/>
          </schema>
        </schemas>
      </component>
      <component icon="pictures/tJava_4.png" uniqueName="tJava_4" label="__UNIQUE_NAME__">
        <input link="tDBOutput_2">tDBOutput_2</input>
        <input link="tDBInput_6">tDBInput_6</input>
        <output>none</output>
        <componentType>tJava</componentType>
        <parameters>
          <column name="Unique Name" value="tJava_4"/>
          <column name="Component Name" value="tJava"/>
          <column name="Version" value="0.101 (ALPHA)"/>
          <column name="Family" value="Custom_Code"/>
          <column name="Start" value="false"/>
          <column name="Startable" value="true"/>
          <column name="SUBTREE_START" value="true"/>
          <column name="END_OF_FLOW" value="true"/>
          <column name="Activate" value="true"/>
          <column name="DUMMY" value="false"/>
          <column name="tStatCatcher Statistics" value="false"/>
          <column name="Help" value="org.talend.help.tJava"/>
          <column name="Update components" value="true"/>
          <column name="IREPORT_PATH" value=""/>
          <column name="JAVA_LIBRARY_PATH" value="C:\Users\A\Documents\TOS_BD-20200219_1130-V7.3.1\configuration\lib\java"/>
          <column name="Subjob color" value=""/>
          <column name="Title color" value=""/>
          <column name="Code" value="int totalMigrated = globalMap.get(&quot;tDBOutput_2_NB_LINE_UPDATED&quot;) != null ? (Integer)globalMap.get(&quot;tDBOutput_2_NB_LINE_UPDATED&quot;) : 0;

System.out.println(&quot;Total NDR XML Status already migrated &quot;+totalMigrated);

System.out.println(&quot;Total new records migrated - &quot;+globalMap.get(&quot;tDBOutput_2_NB_LINE_INSERTED&quot;));
if(globalMap.get(&quot;tDBOutput_2_ERROR_MESSAGE&quot;) != null){
System.out.println(&quot;Migration Error - &quot;+globalMap.get(&quot;tDBOutput_2_ERROR_MESSAGE&quot;));
}
System.out.println(&quot;Total erroneous records not migrated - &quot;+globalMap.get(&quot;tFileOutputDelimited_2_NB_LINE&quot;));
System.out.println();"/>
          <column name="Import" value="//import java.util.List;"/>
          <column name="Schema" value="Built-In"/>
          <column name="Label format" value="__UNIQUE_NAME__"/>
          <column name="Hint format" value="&lt;b&gt;__UNIQUE_NAME__&lt;/b&gt;&lt;br&gt;__COMMENT__"/>
          <column name="Connection format" value="row"/>
          <column name="Show Information" value="false"/>
          <column name="Comment" value=""/>
          <column name="Use an existing validation rule" value="false"/>
          <column name="Validation Rule Type" value=""/>
        </parameters>
        <schemas>
          <schema name="schema_create_transform_jsonfield">
            <column name="id" key="true" type="int" length="10" precision="" nullable="false" comment=""/>
            <column name="hospital_number" key="false" type="String" length="25" precision="" nullable="false" comment=""/>
            <column name="uuid" key="false" type="String" length="36" precision="" nullable="true" comment=""/>
            <column name="first_name" key="false" type="String" length="230" precision="" nullable="true" comment=""/>
            <column name="surname" key="false" type="String" length="45" precision="" nullable="true" comment=""/>
            <column name="other_name" key="false" type="String" length="75" precision="" nullable="true" comment=""/>
            <column name="gender" key="false" type="String" length="500" precision="" nullable="true" comment=""/>
            <column name="date_of_birth" key="false" type="java.util.Date" length="13" precision="" nullable="true" comment=""/>
            <column name="is_date_of_birth_estimated" key="false" type="Boolean" length="1" precision="" nullable="true" comment=""/>
            <column name="education" key="false" type="String" length="1500" precision="" nullable="true" comment=""/>
            <column name="marital_status" key="false" type="String" length="1500" precision="" nullable="true" comment=""/>
            <column name="employment_status" key="false" type="String" length="1500" precision="" nullable="true" comment=""/>
            <column name="address" key="false" type="String" length="1500" precision="" nullable="true" comment=""/>
            <column name="contact_point" key="false" type="String" length="1500" precision="" nullable="true" comment=""/>
            <column name="contact" key="false" type="String" length="1500" precision="" nullable="true" comment=""/>
            <column name="date_of_registration" key="false" type="java.util.Date" length="13" precision="" nullable="false" comment=""/>
            <column name="archived" key="false" type="Integer" length="1" precision="" nullable="true" comment=""/>
            <column name="active" key="false" type="boolean" length="" precision="" nullable="false" comment=""/>
            <column name="deceased" key="false" type="Boolean" length="" precision="" nullable="true" comment=""/>
            <column name="deceased_date_time" key="false" type="java.util.Date" length="" precision="" nullable="true" comment=""/>
            <column name="created_date" key="false" type="java.util.Date" length="" precision="" nullable="true" comment=""/>
            <column name="last_modified_date" key="false" type="java.util.Date" length="29" precision="6" nullable="true" comment=""/>
            <column name="created_by" key="false" type="String" length="" precision="" nullable="true" comment=""/>
            <column name="last_modified_by" key="false" type="String" length="" precision="" nullable="true" comment=""/>
            <column name="identifier" key="false" type="String" length="25" precision="" nullable="true" comment=""/>
            <column name="facility_id" key="false" type="long" length="19" precision="" nullable="false" comment=""/>
            <column name="organization" key="false" type="String" length="" precision="" nullable="true" comment=""/>
            <column name="sex" key="false" type="String" length="230" precision="" nullable="true" comment=""/>
          </schema>
        </schemas>
      </component>
      <component icon="pictures/tJava_5.png" uniqueName="tJava_5" label="__UNIQUE_NAME__">
        <input link="tDBInput_2">tDBInput_2</input>
        <output>none</output>
        <componentType>tJava</componentType>
        <parameters>
          <column name="Unique Name" value="tJava_5"/>
          <column name="Component Name" value="tJava"/>
          <column name="Version" value="0.101 (ALPHA)"/>
          <column name="Family" value="Custom_Code"/>
          <column name="Start" value="false"/>
          <column name="Startable" value="true"/>
          <column name="SUBTREE_START" value="true"/>
          <column name="END_OF_FLOW" value="true"/>
          <column name="Activate" value="true"/>
          <column name="DUMMY" value="false"/>
          <column name="tStatCatcher Statistics" value="false"/>
          <column name="Help" value="org.talend.help.tJava"/>
          <column name="Update components" value="true"/>
          <column name="IREPORT_PATH" value=""/>
          <column name="JAVA_LIBRARY_PATH" value="C:\Users\A\Documents\TOS_BD-20200219_1130-V7.3.1\configuration\lib\java"/>
          <column name="Subjob color" value=""/>
          <column name="Title color" value=""/>
          <column name="Code" value="System.out.println(&quot;Total latest NDR XML Status records fetched from LAMIS3 - &quot;+globalMap.get(&quot;tDBInput_2_NB_LINE&quot;));"/>
          <column name="Import" value="//import java.util.List;"/>
          <column name="Schema" value="Built-In"/>
          <column name="Label format" value="__UNIQUE_NAME__"/>
          <column name="Hint format" value="&lt;b&gt;__UNIQUE_NAME__&lt;/b&gt;&lt;br&gt;__COMMENT__"/>
          <column name="Connection format" value="row"/>
          <column name="Show Information" value="false"/>
          <column name="Comment" value=""/>
          <column name="Use an existing validation rule" value="false"/>
          <column name="Validation Rule Type" value=""/>
        </parameters>
        <schemas>
          <schema name="tJava_5"/>
        </schemas>
      </component>
    </internalNodeComponents>
    <externalNodeComponents>
      <component icon="pictures/tMap_1.png" uniqueName="tMap_1" label="Message_Map">
        <input link="tDBInput_1">tDBInput_1</input>
        <output link="tDBOutput_3">tDBOutput_3</output>
        <componentType>tMap</componentType>
        <!--tMap_1-->
      </component>
      <component icon="pictures/tMap_2.png" uniqueName="tMap_2" label="update_sequence">
        <input link="tDBInput_3">tDBInput_3</input>
        <output link="tDBOutput_1">tDBOutput_1</output>
        <componentType>tMap</componentType>
        <!--tMap_2-->
      </component>
      <component icon="pictures/tMap_3.png" uniqueName="tMap_3" label="Message_Map">
        <input link="tDBOutput_2">tDBOutput_2</input>
        <input link="tDBInput_6">tDBInput_6</input>
        <output link="tDBOutput_2">tDBOutput_2</output>
        <componentType>tMap</componentType>
        <!--tMap_3-->
      </component>
      <component icon="pictures/tMap_4.png" uniqueName="tMap_4" label="update_sequence">
        <input link="tDBInput_4">tDBInput_4</input>
        <output link="tDBOutput_4">tDBOutput_4</output>
        <componentType>tMap</componentType>
        <!--tMap_4-->
      </component>
    </externalNodeComponents>
    <connections>
      <connection label="row1" lineStyle="0" metaname="tDBInput_3" offsetLabelX="-12" offsetLabelY="8" source="tDBInput_3" target="tMap_2"/>
      <connection label="OnSubjobOk" lineStyle="1" metaname="tDBInput_3" offsetLabelX="0" offsetLabelY="0" source="tDBInput_3" target="tDBInput_4"/>
      <connection label="sequence_extra" lineStyle="0" metaname="sequence_extra" offsetLabelX="-11" offsetLabelY="3" source="tMap_2" target="tDBOutput_1"/>
      <connection label="row2" lineStyle="0" metaname="tDBInput_1" offsetLabelX="12" offsetLabelY="6" source="tDBInput_1" target="tMap_1"/>
      <connection label="OnSubjobOk" lineStyle="1" metaname="tDBInput_1" offsetLabelX="0" offsetLabelY="0" source="tDBInput_1" target="tDBInput_2"/>
      <connection label="If" lineStyle="6" metaname="tDBInput_1" offsetLabelX="0" offsetLabelY="0" source="tDBInput_1" target="tJava_1"/>
      <connection label="Log_Output" lineStyle="0" metaname="Log_Output" offsetLabelX="0" offsetLabelY="0" source="tMap_1" target="tDBOutput_3"/>
      <connection label="OnComponentOk" lineStyle="3" metaname="tDBOutput_3" offsetLabelX="0" offsetLabelY="0" source="tDBOutput_3" target="tJava_3"/>
      <connection label="row3" lineStyle="0" metaname="tDBInput_2" offsetLabelX="0" offsetLabelY="0" source="tDBInput_2" target="tMap_3"/>
      <connection label="OnSubjobOk" lineStyle="1" metaname="tDBInput_2" offsetLabelX="0" offsetLabelY="0" source="tDBInput_2" target="tDBInput_3"/>
      <connection label="If" lineStyle="6" metaname="tDBInput_2" offsetLabelX="0" offsetLabelY="0" source="tDBInput_2" target="tJava_5"/>
      <connection label="XML_Status" lineStyle="0" metaname="XML_Status" offsetLabelX="0" offsetLabelY="0" source="tMap_3" target="tDBOutput_2"/>
      <connection label="OnComponentOk" lineStyle="3" metaname="tDBOutput_2" offsetLabelX="0" offsetLabelY="0" source="tDBOutput_2" target="tJava_4"/>
      <connection label="LAMISPlus" lineStyle="8" metaname="tDBInput_6" offsetLabelX="0" offsetLabelY="0" source="tDBInput_6" target="tMap_3"/>
      <connection label="row4" lineStyle="0" metaname="tDBInput_4" offsetLabelX="-12" offsetLabelY="8" source="tDBInput_4" target="tMap_4"/>
      <connection label="copyOfsequence_extra" lineStyle="0" metaname="copyOfsequence_extra" offsetLabelX="-11" offsetLabelY="3" source="tMap_4" target="tDBOutput_4"/>
      <connection label="OnComponentOk" lineStyle="3" metaname="tDBOutput_4" offsetLabelX="0" offsetLabelY="0" source="tDBOutput_4" target="tJava_2"/>
    </connections>
  </job>
</project>
