<?xml version="1.1" encoding="UTF-8"?>

<project i18n.job.generated.documetation="Generated documentation" i18n.job.project.name="Project Name" i18n.job.generated.date="GENERATION DATE" i18n.job.author="AUTHOR" i18n.job.summary="Summary" i18n.job.project.description="Project Description" i18n.job.job.description="Description" i18n.job.job.preview.picture="Preview Picture" i18n.job.job.setting="Settings" i18n.job.context.list="Context List" i18n.job.component.list="Component List" i18n.job.components.description="Components Description" i18n.job.source.code="Source Code" i18n.job.properties="Properties" i18n.job.values="Values" i18n.job.name="Name" i18n.job.language="Language" i18n.job.description="Description" i18n.job.author.min="Author" i18n.job.version="Version" i18n.job.purpose="Purpose" i18n.job.status="Status" i18n.job.creation="Creation" i18n.job.modification="Modification" i18n.job.extract.settings="Extra settings" i18n.job.value="Value" i18n.job.stats.logs="Status &amp; Logs" i18n.job.context="Context" i18n.job.promt="Prompt" i18n.job.need.promt="Need Prompt?" i18n.job.type="Type" i18n.job.source="Source" i18n.job.component.name="Component Name" i18n.job.component.type="Component Type" i18n.job.component="Component" i18n.job.unique.name="UNIQUE NAME" i18n.job.input="INPUT(S)" i18n.job.label="LABEL" i18n.job.output="OUTPUT(S)" i18n.job.component.parameters="Component Parameters:" i18n.job.schema.for="Schema for " i18n.job.column="Column" i18n.job.key="Key" i18n.job.length="Length" i18n.job.precision="Precision" i18n.job.nullable="Nullable" i18n.job.comment="Comment" i18n.job.original.function.parameters="Original Function Parameters:" i18n.job.ended="ended" i18n.job.content="content" i18n.route.manifest.type="Type" i18n.route.manifest.value="Value" i18n.route.resource.name="Name" i18n.route.resource.version="Version" i18n.route.resource.path="Path" name="LAMISPlus_ETL" logo="pictures/logo.jpg" title="Generated by Talend Open Studio for Big Data" link="http://www.talend.com" language="java" generatedDate="Mar 20, 2023 10:30:51 PM" versionName="Talend Open Studio VERSION " version="7.3.1.20200219_1130" docType="Jobs" company="">
  <pro-description><![CDATA[]]></pro-description>
  <job name="D_Triage_Vital_Signs" author="user@talend.com" i18n.job.extract.settings.type="i18n.job.extract.settings" i18n.job.stats.logs.type="i18n.job.stats.logs" version="6.0" purpose="ETL tool for clinical (triage) migration" status="" creation="Oct 14, 2022 9:46:15 AM" modification="Mar 20, 2023 10:30:35 PM">
    <description><![CDATA[This ETL tool is for the migration of triage records of HIV patient from LAMIS 3 to LAMISPlus<br/>]]></description>
    <preview picture="pictures/D_Triage_Vital_Signs_6.0.png"/>
    <contextList>
      <context name="Lamisplus">
        <contextParameter name="LAMISPlus_Schema" prompt="LAMISPlus_Schema?" promptNeeded="false" type="id_String" value="public"/>
        <contextParameter name="LAMISPlus_AdditionalParams" prompt="LAMISPlus_AdditionalParams?" promptNeeded="false" type="id_String" value=""/>
        <contextParameter name="LAMISPlus_Database" prompt="LAMISPlus_Database?" promptNeeded="true" type="id_String" value="test"/>
        <contextParameter name="LAMISPlus_Login" prompt="LAMISPlus_Login?" promptNeeded="false" type="id_String" value="postgres"/>
        <contextParameter name="LAMISPlus_Server" prompt="LAMISPlus_Server?" promptNeeded="false" type="id_String" value="localhost"/>
        <contextParameter name="LAMISPlus_Password" prompt="LAMISPlus_Password?" promptNeeded="true" type="id_Password" value="*****"/>
        <contextParameter name="LAMISPlus_Port" prompt="LAMISPlus_Port?" promptNeeded="false" type="id_String" value="5432"/>
        <contextParameter name="LAMIS3_Login" prompt="LAMIS3_Login?" promptNeeded="false" type="id_String" value="postgres" source="LAMIS3"/>
        <contextParameter name="LAMIS3_Port" prompt="LAMIS3_Port?" promptNeeded="false" type="id_String" value="5432" source="LAMIS3"/>
        <contextParameter name="LAMIS3_AdditionalParams" prompt="LAMIS3_AdditionalParams?" promptNeeded="false" type="id_String" value="" source="LAMIS3"/>
        <contextParameter name="LAMIS3_Database" prompt="LAMIS3_Database?" promptNeeded="true" type="id_String" value="lamis-aminu" source="LAMIS3"/>
        <contextParameter name="LAMIS3_Password" prompt="LAMIS3_Password?" promptNeeded="true" type="id_Password" value="*****" source="LAMIS3"/>
        <contextParameter name="LAMIS3_Server" prompt="LAMIS3_Server?" promptNeeded="false" type="id_String" value="localhost" source="LAMIS3"/>
        <contextParameter name="LAMIS3_Schema" prompt="LAMIS3_Schema?" promptNeeded="false" type="id_String" value="public" source="LAMIS3"/>
      </context>
      <context name="Default">
        <contextParameter name="LAMIS3_Database" prompt="LAMIS3_Database?" promptNeeded="true" type="id_String" value="lamis-aminu" source="LAMIS3"/>
        <contextParameter name="LAMIS3_Port" prompt="LAMIS3_Port?" promptNeeded="false" type="id_String" value="5432" source="LAMIS3"/>
        <contextParameter name="LAMIS3_AdditionalParams" prompt="LAMIS3_AdditionalParams?" promptNeeded="false" type="id_String" value="" source="LAMIS3"/>
        <contextParameter name="LAMIS3_Schema" prompt="LAMIS3_Schema?" promptNeeded="false" type="id_String" value="public" source="LAMIS3"/>
        <contextParameter name="LAMIS3_Password" prompt="LAMIS3_Password?" promptNeeded="true" type="id_Password" value="*****" source="LAMIS3"/>
        <contextParameter name="LAMIS3_Server" prompt="LAMIS3_Server?" promptNeeded="false" type="id_String" value="localhost" source="LAMIS3"/>
        <contextParameter name="LAMIS3_Login" prompt="LAMIS3_Login?" promptNeeded="false" type="id_String" value="postgres" source="LAMIS3"/>
        <contextParameter name="LAMISPlus_Port" prompt="LAMISPlus_Port?" promptNeeded="false" type="id_String" value="5432"/>
        <contextParameter name="LAMISPlus_Server" prompt="LAMISPlus_Server?" promptNeeded="false" type="id_String" value="localhost"/>
        <contextParameter name="LAMISPlus_Schema" prompt="LAMISPlus_Schema?" promptNeeded="false" type="id_String" value="public"/>
        <contextParameter name="LAMISPlus_Login" prompt="LAMISPlus_Login?" promptNeeded="false" type="id_String" value="postgres"/>
        <contextParameter name="LAMISPlus_AdditionalParams" prompt="LAMISPlus_AdditionalParams?" promptNeeded="false" type="id_String" value=""/>
        <contextParameter name="LAMISPlus_Password" prompt="LAMISPlus_Password?" promptNeeded="true" type="id_Password" value="*****"/>
        <contextParameter name="LAMISPlus_Database" prompt="LAMISPlus_Database?" promptNeeded="true" type="id_String" value="test"/>
      </context>
    </contextList>
    <jobSetting>
      <extra>
        <jobParameter name="COMP_DEFAULT_FILE_DIR" value=""/>
        <jobParameter name="Multi thread execution" value="false"/>
        <jobParameter name="Implicit tContextLoad" value="false"/>
      </extra>
      <Statslogs>
        <jobParameter name="Use statistics (tStatCatcher)" value="false"/>
        <jobParameter name="Use logs (tLogCatcher)" value="false"/>
        <jobParameter name="Use volumetrics (tFlowMeterCatcher)" value="false"/>
        <jobParameter name="On Console" value="false"/>
        <jobParameter name="On Files" value="false"/>
        <jobParameter name="On Databases" value="false"/>
        <jobParameter name="Catch components statistics" value="false"/>
        <jobParameter name="Catch runtime errors" value="true"/>
        <jobParameter name="Catch user errors" value="true"/>
        <jobParameter name="Catch user warnings" value="true"/>
      </Statslogs>
    </jobSetting>
    <componentList>
      <componentItem name="tDBInput_1" link="tDBInput_1" type="tPostgresqlInput" leftTopX="160" leftTopY="64" rightBottomX="192" rightBottomY="96"/>
      <componentItem name="tDBInput_10" link="tDBInput_10" type="tPostgresqlInput" leftTopX="224" leftTopY="448" rightBottomX="256" rightBottomY="480"/>
      <componentItem name="tDBInput_2" link="tDBInput_2" type="tPostgresqlInput" leftTopX="288" leftTopY="192" rightBottomX="320" rightBottomY="224"/>
      <componentItem name="tDBInput_3" link="tDBInput_3" type="tPostgresqlInput" leftTopX="128" leftTopY="544" rightBottomX="160" rightBottomY="576"/>
      <componentItem name="tDBInput_9" link="tDBInput_9" type="tPostgresqlInput" leftTopX="128" leftTopY="320" rightBottomX="160" rightBottomY="352"/>
      <componentItem name="tDBOutput_1" link="tDBOutput_1" type="tPostgresqlOutput" leftTopX="736" leftTopY="64" rightBottomX="768" rightBottomY="96"/>
      <componentItem name="tDBOutput_2" link="tDBOutput_2" type="tPostgresqlOutput" leftTopX="736" leftTopY="544" rightBottomX="768" rightBottomY="576"/>
      <componentItem name="tDBOutput_5" link="tDBOutput_5" type="tPostgresqlOutput" leftTopX="1056" leftTopY="288" rightBottomX="1088" rightBottomY="320"/>
      <componentItem name="tJava_1" link="tJava_1" type="tJava" leftTopX="32" leftTopY="64" rightBottomX="64" rightBottomY="96"/>
      <componentItem name="tJava_2" link="tJava_2" type="tJava" leftTopX="32" leftTopY="320" rightBottomX="64" rightBottomY="352"/>
      <componentItem name="tJava_3" link="tJava_3" type="tJava" leftTopX="1024" leftTopY="544" rightBottomX="1056" rightBottomY="576"/>
      <componentItem name="tMap_1" link="tMap_1" type="tMap" leftTopX="448" leftTopY="64" rightBottomX="480" rightBottomY="96"/>
      <componentItem name="tMap_2" link="tMap_2" type="tMap" leftTopX="416" leftTopY="544" rightBottomX="448" rightBottomY="576"/>
      <componentItem name="tMap_5" link="tMap_5" type="tMap" leftTopX="352" leftTopY="352" rightBottomX="384" rightBottomY="384"/>
      <componentItem name="tSortRow_3" link="tSortRow_3" type="tSortRow" leftTopX="544" leftTopY="352" rightBottomX="576" rightBottomY="384"/>
    </componentList>
    <internalNodeComponents>
      <component icon="pictures/tDBInput_1.png" uniqueName="tDBInput_1" label="Lamis3_Clinic_Triage">
        <input>none</input>
        <output link="tMap_1">tMap_1</output>
        <output link="tDBInput_9">tDBInput_9</output>
        <output link="tJava_1">tJava_1</output>
        <componentType>tPostgresqlInput</componentType>
        <parameters>
          <column name="Database" value="tPostgresqlInput"/>
          <column name="Unique Name" value="tDBInput_1"/>
          <column name="Component Name" value="tPostgresqlInput"/>
          <column name="Version" value="0.102 (ALPHA)"/>
          <column name="Family" value="Databases/DB Specifics/PostgreSQL"/>
          <column name="Start" value="true"/>
          <column name="Startable" value="true"/>
          <column name="SUBTREE_START" value="true"/>
          <column name="END_OF_FLOW" value="false"/>
          <column name="Activate" value="true"/>
          <column name="DUMMY" value="false"/>
          <column name="tStatCatcher Statistics" value="false"/>
          <column name="Help" value="org.talend.help.tPostgresqlInput"/>
          <column name="Update components" value="true"/>
          <column name="IREPORT_PATH" value=""/>
          <column name="JAVA_LIBRARY_PATH" value="C:\Users\A\Documents\TOS_BD-20200219_1130-V7.3.1\configuration\lib\java"/>
          <column name="Subjob color" value=""/>
          <column name="Title color" value=""/>
          <column name="Property Type" value="repository: DB (POSTGRESQL):LAMIS3"/>
          <column name="Use an existing connection" value="false"/>
          <column name="Component List" value=""/>
          <column name="DB Version" value="V9_X"/>
          <column name="Host" value="context.LAMIS3_Server"/>
          <column name="Database Driver" value="POSTGRESQL"/>
          <column name="Port" value="context.LAMIS3_Port"/>
          <column name="Database" value="context.LAMIS3_Database"/>
          <column name="Schema" value="context.LAMIS3_Schema"/>
          <column name="Username" value="context.LAMIS3_Login"/>
          <column name="Password" value="context.LAMIS3_Password"/>
          <column name="REPOSITORY_ALLOW_AUTO_SWITCH" value="true"/>
          <column name="Schema" value="Built-In"/>
          <column name="Table Name" value="&quot;&quot;"/>
          <column name="Query Type" value="Built-In"/>
          <column name="Guess Schema" value="&quot;&quot;"/>
          <column name="Query" value="&quot;SELECT p.uuid as person_uuid, 
    c.facility_id,
	c.date_visit::timestamp as capture_date, 
	c.last_modified as created_date, 
	c.last_modified as last_modified_date,
	CONCAT(c.id, c.uuid)::VARCHAR as uuid,
    c.archived::integer, 
	c.body_weight, 
	NULLIF(regexp_replace((case when length(split_part(c.bp, '/', 1))&gt;1 then cast(split_part(c.bp, '/', 1)as varchar) else null end), '\\D','','g'), '')::double precision as systolic,
   	NULLIF(regexp_replace((case when length(split_part(c.bp, '/', 2))&gt;1 then cast(split_part(c.bp, '/', 2)as varchar) else null end), '\\D','','g'), '')::double precision as diastolic, 
	  CASE
    WHEN c.height is not null AND POSITION('.' IN c.height::VARCHAR) &gt; 0 THEN (c.height * 100)
	ELSE
	c.height
  END 
  AS height,
    n.datim_id AS datim_id
    FROM clinic c 
    INNER JOIN patient p 
    ON p.id=c.patient_id
    INNER JOIN ndr_facility n 
    ON n.id=p.facility_id
WHERE p.extra-&gt;&gt;'art'='true'&quot;"/>
          <column name="Specify a data source alias" value="false"/>
          <column name="Data source alias" value="&quot;&quot;"/>
          <column name="Mapping" value="postgres_id"/>
          <column name="Additional JDBC Parameters" value="context.LAMIS3_AdditionalParams"/>
          <column name="Encoding" value="&quot;ISO-8859-15&quot;"/>
          <column name="Use fetch size" value="false"/>
          <column name="Fetch size" value="1000"/>
          <column name="Trim all the String/Char columns" value="false"/>
          <column name="Trim column" value="[{SCHEMA_COLUMN=person_uuid, TRIM=false}, {SCHEMA_COLUMN=facility_id, TRIM=false}, {SCHEMA_COLUMN=capture_date, TRIM=false}, {SCHEMA_COLUMN=created_date, TRIM=false}, {SCHEMA_COLUMN=last_modified_date, TRIM=false}, {SCHEMA_COLUMN=uuid, TRIM=false}, {SCHEMA_COLUMN=archived, TRIM=false}, {SCHEMA_COLUMN=body_weight, TRIM=false}, {SCHEMA_COLUMN=systolic, TRIM=false}, {SCHEMA_COLUMN=diastolic, TRIM=false}, {SCHEMA_COLUMN=height, TRIM=false}, {SCHEMA_COLUMN=datim_id, TRIM=false}]"/>
          <column name="Label format" value="Lamis3_Clinic_Triage"/>
          <column name="Hint format" value="&lt;b&gt;__UNIQUE_NAME__&lt;/b&gt;&lt;br&gt;__COMMENT__"/>
          <column name="Connection format" value="row"/>
          <column name="Show Information" value="false"/>
          <column name="Comment" value=""/>
          <column name="Use an existing validation rule" value="false"/>
          <column name="Validation Rule Type" value=""/>
        </parameters>
        <schemas>
          <schema name="tDBInput_1">
            <column name="person_uuid" key="false" type="String" length="50" precision="" nullable="true" comment=""/>
            <column name="facility_id" key="false" type="long" length="19" precision="" nullable="false" comment=""/>
            <column name="capture_date" key="false" type="java.util.Date" length="29" precision="6" nullable="true" comment=""/>
            <column name="created_date" key="false" type="java.util.Date" length="29" precision="6" nullable="true" comment=""/>
            <column name="last_modified_date" key="false" type="java.util.Date" length="29" precision="6" nullable="true" comment=""/>
            <column name="uuid" key="false" type="String" length="50" precision="" nullable="true" comment=""/>
            <column name="archived" key="false" type="Integer" length="10" precision="" nullable="true" comment=""/>
            <column name="body_weight" key="false" type="Double" length="17" precision="17" nullable="true" comment=""/>
            <column name="systolic" key="false" type="Double" length="17" precision="17" nullable="true" comment=""/>
            <column name="diastolic" key="false" type="Double" length="17" precision="17" nullable="true" comment=""/>
            <column name="height" key="false" type="Double" length="17" precision="17" nullable="true" comment=""/>
            <column name="datim_id" key="false" type="String" length="32" precision="" nullable="false" comment=""/>
          </schema>
        </schemas>
      </component>
      <component icon="pictures/tDBInput_10.png" uniqueName="tDBInput_10" label="Facilities_filtered">
        <input>none</input>
        <output link="tMap_5">tMap_5</output>
        <componentType>tPostgresqlInput</componentType>
        <parameters>
          <column name="Database" value="tPostgresqlInput"/>
          <column name="Unique Name" value="tDBInput_10"/>
          <column name="Component Name" value="tPostgresqlInput"/>
          <column name="Version" value="0.102 (ALPHA)"/>
          <column name="Family" value="Databases/DB Specifics/PostgreSQL"/>
          <column name="Start" value="false"/>
          <column name="Startable" value="true"/>
          <column name="SUBTREE_START" value="false"/>
          <column name="END_OF_FLOW" value="false"/>
          <column name="Activate" value="true"/>
          <column name="DUMMY" value="false"/>
          <column name="tStatCatcher Statistics" value="false"/>
          <column name="Help" value="org.talend.help.tPostgresqlInput"/>
          <column name="Update components" value="true"/>
          <column name="IREPORT_PATH" value=""/>
          <column name="JAVA_LIBRARY_PATH" value="C:\Users\A\Documents\TOS_BD-20200219_1130-V7.3.1\configuration\lib\java"/>
          <column name="Subjob color" value=""/>
          <column name="Title color" value=""/>
          <column name="Property Type" value="repository: DB (POSTGRESQL):LAMISPlus"/>
          <column name="Use an existing connection" value="false"/>
          <column name="Component List" value=""/>
          <column name="DB Version" value="V9_X"/>
          <column name="Host" value="context.LAMISPlus_Server"/>
          <column name="Database Driver" value="POSTGRESQL"/>
          <column name="Port" value="context.LAMISPlus_Port"/>
          <column name="Database" value="context.LAMISPlus_Database"/>
          <column name="Schema" value="context.LAMISPlus_Schema"/>
          <column name="Username" value="context.LAMISPlus_Login"/>
          <column name="Password" value="context.LAMISPlus_Password"/>
          <column name="REPOSITORY_ALLOW_AUTO_SWITCH" value="true"/>
          <column name="Schema" value="Built-In"/>
          <column name="Table Name" value="&quot;&quot;"/>
          <column name="Query Type" value="Built-In"/>
          <column name="Guess Schema" value="&quot;&quot;"/>
          <column name="Query" value="&quot;SELECT facility.id,
	facility.name,
	orgunit.name as orgunit_name,
	oid.code as datim_code
FROM base_organisation_unit facility
JOIN base_organisation_unit orgunit
ON facility.parent_organisation_unit_id = orgunit.id
JOIN base_organisation_unit_identifier oid
ON facility.id = oid.organisation_unit_id
WHERE facility.organisation_unit_level_id =4 AND EXISTS(
SELECT * FROM public.dblink
('lamis',
'SELECT DISTINCT 
	fc.id as id, 
	fc.name AS facility_name,
	lg.name AS lga_name, 
	nf.datim_id AS datim_id
 FROM public.patient ps
 INNER JOIN facility fc
  ON ps.facility_id=fc.id
 INNER JOIN lga lg
  ON fc.lga_id=lg.id
INNER JOIN ndr_facility nf
  ON nf.id=ps.facility_id'
) AS DATA(
		id INTEGER,
		facility_name VARCHAR,
		lga_name VARCHAR,
		datim_id VARCHAR
	)
WHERE oid.code=datim_id
)
ORDER BY facility.id ASC&quot;"/>
          <column name="Specify a data source alias" value="false"/>
          <column name="Data source alias" value="&quot;&quot;"/>
          <column name="Mapping" value="postgres_id"/>
          <column name="Additional JDBC Parameters" value="context.LAMISPlus_AdditionalParams"/>
          <column name="Encoding" value="&quot;ISO-8859-15&quot;"/>
          <column name="Use fetch size" value="false"/>
          <column name="Fetch size" value="1000"/>
          <column name="Trim all the String/Char columns" value="false"/>
          <column name="Trim column" value="[{SCHEMA_COLUMN=id, TRIM=false}, {SCHEMA_COLUMN=name, TRIM=false}, {SCHEMA_COLUMN=orgunit_name, TRIM=false}, {SCHEMA_COLUMN=datim_code, TRIM=false}]"/>
          <column name="Label format" value="Facilities_filtered"/>
          <column name="Hint format" value="&lt;b&gt;__UNIQUE_NAME__&lt;/b&gt;&lt;br&gt;__COMMENT__"/>
          <column name="Connection format" value="row"/>
          <column name="Show Information" value="false"/>
          <column name="Comment" value=""/>
          <column name="Use an existing validation rule" value="false"/>
          <column name="Validation Rule Type" value=""/>
        </parameters>
        <schemas>
          <schema name="tDBInput_10">
            <column name="id" key="true" type="long" length="19" precision="" nullable="false" comment=""/>
            <column name="name" key="false" type="String" length="100" precision="" nullable="true" comment=""/>
            <column name="orgunit_name" key="false" type="String" length="100" precision="" nullable="true" comment=""/>
            <column name="datim_code" key="false" type="String" length="2" precision="" nullable="true" comment=""/>
          </schema>
        </schemas>
      </component>
      <component icon="pictures/tDBInput_2.png" uniqueName="tDBInput_2" label="Patient_Visit_Stage">
        <input>none</input>
        <output link="tMap_1">tMap_1</output>
        <componentType>tPostgresqlInput</componentType>
        <parameters>
          <column name="Database" value="tPostgresqlInput"/>
          <column name="Unique Name" value="tDBInput_2"/>
          <column name="Component Name" value="tPostgresqlInput"/>
          <column name="Version" value="0.102 (ALPHA)"/>
          <column name="Family" value="Databases/DB Specifics/PostgreSQL"/>
          <column name="Start" value="false"/>
          <column name="Startable" value="true"/>
          <column name="SUBTREE_START" value="false"/>
          <column name="END_OF_FLOW" value="false"/>
          <column name="Activate" value="true"/>
          <column name="DUMMY" value="false"/>
          <column name="tStatCatcher Statistics" value="false"/>
          <column name="Help" value="org.talend.help.tPostgresqlInput"/>
          <column name="Update components" value="true"/>
          <column name="IREPORT_PATH" value=""/>
          <column name="JAVA_LIBRARY_PATH" value="C:\Users\A\Documents\TOS_BD-20200219_1130-V7.3.1\configuration\lib\java"/>
          <column name="Subjob color" value=""/>
          <column name="Title color" value=""/>
          <column name="Property Type" value="repository: DB (POSTGRESQL):LAMISPlus"/>
          <column name="Use an existing connection" value="false"/>
          <column name="Component List" value=""/>
          <column name="DB Version" value="V9_X"/>
          <column name="Host" value="context.LAMISPlus_Server"/>
          <column name="Database Driver" value="POSTGRESQL"/>
          <column name="Port" value="context.LAMISPlus_Port"/>
          <column name="Database" value="context.LAMISPlus_Database"/>
          <column name="Schema" value="context.LAMISPlus_Schema"/>
          <column name="Username" value="context.LAMISPlus_Login"/>
          <column name="Password" value="context.LAMISPlus_Password"/>
          <column name="REPOSITORY_ALLOW_AUTO_SWITCH" value="true"/>
          <column name="Schema" value="Built-In"/>
          <column name="Table Name" value="&quot;&quot;"/>
          <column name="Query Type" value="Built-In"/>
          <column name="Guess Schema" value="&quot;&quot;"/>
          <column name="Query" value="&quot;SELECT * FROM patient_visit vs&quot;"/>
          <column name="Specify a data source alias" value="false"/>
          <column name="Data source alias" value="&quot;&quot;"/>
          <column name="Mapping" value="postgres_id"/>
          <column name="Additional JDBC Parameters" value="context.LAMISPlus_AdditionalParams"/>
          <column name="Encoding" value="&quot;ISO-8859-15&quot;"/>
          <column name="Use fetch size" value="false"/>
          <column name="Fetch size" value="1000"/>
          <column name="Trim all the String/Char columns" value="false"/>
          <column name="Trim column" value="[{SCHEMA_COLUMN=id, TRIM=false}, {SCHEMA_COLUMN=created_date, TRIM=false}, {SCHEMA_COLUMN=created_by, TRIM=false}, {SCHEMA_COLUMN=last_modified_date, TRIM=false}, {SCHEMA_COLUMN=last_modified_by, TRIM=false}, {SCHEMA_COLUMN=facility_id, TRIM=false}, {SCHEMA_COLUMN=person_uuid, TRIM=false}, {SCHEMA_COLUMN=visit_start_date, TRIM=false}, {SCHEMA_COLUMN=visit_end_date, TRIM=false}, {SCHEMA_COLUMN=uuid, TRIM=false}, {SCHEMA_COLUMN=archived, TRIM=false}]"/>
          <column name="Label format" value="Patient_Visit_Stage"/>
          <column name="Hint format" value="&lt;b&gt;__UNIQUE_NAME__&lt;/b&gt;&lt;br&gt;__COMMENT__"/>
          <column name="Connection format" value="row"/>
          <column name="Show Information" value="false"/>
          <column name="Comment" value=""/>
          <column name="Use an existing validation rule" value="false"/>
          <column name="Validation Rule Type" value=""/>
        </parameters>
        <schemas>
          <schema name="tDBInput_2">
            <column name="id" key="true" type="int" length="19" precision="" nullable="false" comment=""/>
            <column name="created_date" key="false" type="java.util.Date" length="29" precision="6" nullable="true" comment=""/>
            <column name="created_by" key="false" type="String" length="255" precision="" nullable="true" comment=""/>
            <column name="last_modified_date" key="false" type="java.util.Date" length="29" precision="6" nullable="true" comment=""/>
            <column name="last_modified_by" key="false" type="String" length="255" precision="" nullable="true" comment=""/>
            <column name="facility_id" key="false" type="Long" length="19" precision="" nullable="true" comment=""/>
            <column name="person_uuid" key="false" type="String" length="255" precision="" nullable="false" comment=""/>
            <column name="visit_start_date" key="false" type="java.util.Date" length="29" precision="6" nullable="false" comment=""/>
            <column name="visit_end_date" key="false" type="java.util.Date" length="29" precision="6" nullable="true" comment=""/>
            <column name="uuid" key="false" type="String" length="255" precision="" nullable="false" comment=""/>
            <column name="archived" key="false" type="Integer" length="10" precision="" nullable="true" comment=""/>
          </schema>
        </schemas>
      </component>
      <component icon="pictures/tDBInput_3.png" uniqueName="tDBInput_3" label="Sequence_Update">
        <input link="tDBInput_9">tDBInput_9</input>
        <input link="tDBInput_10">tDBInput_10</input>
        <output link="tMap_2">tMap_2</output>
        <componentType>tPostgresqlInput</componentType>
        <parameters>
          <column name="Database" value="tPostgresqlInput"/>
          <column name="Unique Name" value="tDBInput_3"/>
          <column name="Component Name" value="tPostgresqlInput"/>
          <column name="Version" value="0.102 (ALPHA)"/>
          <column name="Family" value="Databases/DB Specifics/PostgreSQL"/>
          <column name="Start" value="false"/>
          <column name="Startable" value="true"/>
          <column name="SUBTREE_START" value="true"/>
          <column name="END_OF_FLOW" value="false"/>
          <column name="Activate" value="true"/>
          <column name="DUMMY" value="false"/>
          <column name="tStatCatcher Statistics" value="false"/>
          <column name="Help" value="org.talend.help.tPostgresqlInput"/>
          <column name="Update components" value="true"/>
          <column name="IREPORT_PATH" value=""/>
          <column name="JAVA_LIBRARY_PATH" value="C:\Users\A\Documents\TOS_BD-20200219_1130-V7.3.1\configuration\lib\java"/>
          <column name="Subjob color" value=""/>
          <column name="Title color" value=""/>
          <column name="Property Type" value="repository: DB (POSTGRESQL):LAMISPlus"/>
          <column name="Use an existing connection" value="false"/>
          <column name="Component List" value=""/>
          <column name="DB Version" value="V9_X"/>
          <column name="Host" value="context.LAMISPlus_Server"/>
          <column name="Database Driver" value="POSTGRESQL"/>
          <column name="Port" value="context.LAMISPlus_Port"/>
          <column name="Database" value="context.LAMISPlus_Database"/>
          <column name="Schema" value="context.LAMISPlus_Schema"/>
          <column name="Username" value="context.LAMISPlus_Login"/>
          <column name="Password" value="context.LAMISPlus_Password"/>
          <column name="REPOSITORY_ALLOW_AUTO_SWITCH" value="true"/>
          <column name="Schema" value="Built-In"/>
          <column name="Table Name" value="&quot;&quot;"/>
          <column name="Query Type" value="Built-In"/>
          <column name="Guess Schema" value="&quot;&quot;"/>
          <column name="Query" value="&quot;SELECT pg_catalog.setval('triage_vital_sign_id_seq', (SELECT MAX(id) FROM triage_vital_sign), true);&quot;"/>
          <column name="Specify a data source alias" value="false"/>
          <column name="Data source alias" value="&quot;&quot;"/>
          <column name="Mapping" value="postgres_id"/>
          <column name="Additional JDBC Parameters" value="context.LAMISPlus_AdditionalParams"/>
          <column name="Encoding" value="&quot;ISO-8859-15&quot;"/>
          <column name="Use fetch size" value="false"/>
          <column name="Fetch size" value="1000"/>
          <column name="Trim all the String/Char columns" value="false"/>
          <column name="Trim column" value="[{SCHEMA_COLUMN=sequence_count, TRIM=false}]"/>
          <column name="Label format" value="Sequence_Update"/>
          <column name="Hint format" value="&lt;b&gt;__UNIQUE_NAME__&lt;/b&gt;&lt;br&gt;__COMMENT__"/>
          <column name="Connection format" value="row"/>
          <column name="Show Information" value="false"/>
          <column name="Comment" value=""/>
          <column name="Use an existing validation rule" value="false"/>
          <column name="Validation Rule Type" value=""/>
        </parameters>
        <schemas>
          <schema name="tDBInput_3">
            <column name="sequence_count" key="false" type="Long" length="19" precision="" nullable="true" comment=""/>
          </schema>
        </schemas>
      </component>
      <component icon="pictures/tDBInput_9.png" uniqueName="tDBInput_9" label="Triage_vital_signs">
        <input link="tDBInput_1">tDBInput_1</input>
        <output link="tMap_5">tMap_5</output>
        <output link="tJava_2">tJava_2</output>
        <output link="tDBInput_3">tDBInput_3</output>
        <componentType>tPostgresqlInput</componentType>
        <parameters>
          <column name="Database" value="tPostgresqlInput"/>
          <column name="Unique Name" value="tDBInput_9"/>
          <column name="Component Name" value="tPostgresqlInput"/>
          <column name="Version" value="0.102 (ALPHA)"/>
          <column name="Family" value="Databases/DB Specifics/PostgreSQL"/>
          <column name="Start" value="false"/>
          <column name="Startable" value="true"/>
          <column name="SUBTREE_START" value="true"/>
          <column name="END_OF_FLOW" value="false"/>
          <column name="Activate" value="true"/>
          <column name="DUMMY" value="false"/>
          <column name="tStatCatcher Statistics" value="false"/>
          <column name="Help" value="org.talend.help.tPostgresqlInput"/>
          <column name="Update components" value="true"/>
          <column name="IREPORT_PATH" value=""/>
          <column name="JAVA_LIBRARY_PATH" value="C:\Users\A\Documents\TOS_BD-20200219_1130-V7.3.1\configuration\lib\java"/>
          <column name="Subjob color" value=""/>
          <column name="Title color" value=""/>
          <column name="Property Type" value="repository: DB (POSTGRESQL):LAMISPlus"/>
          <column name="Use an existing connection" value="false"/>
          <column name="Component List" value=""/>
          <column name="DB Version" value="V9_X"/>
          <column name="Host" value="context.LAMISPlus_Server"/>
          <column name="Database Driver" value="POSTGRESQL"/>
          <column name="Port" value="context.LAMISPlus_Port"/>
          <column name="Database" value="context.LAMISPlus_Database"/>
          <column name="Schema" value="context.LAMISPlus_Schema"/>
          <column name="Username" value="context.LAMISPlus_Login"/>
          <column name="Password" value="context.LAMISPlus_Password"/>
          <column name="REPOSITORY_ALLOW_AUTO_SWITCH" value="true"/>
          <column name="Schema" value="Built-In"/>
          <column name="Table Name" value="&quot;&quot;"/>
          <column name="Query Type" value="Built-In"/>
          <column name="Guess Schema" value="&quot;&quot;"/>
          <column name="Query" value="&quot;SELECT DISTINCT id,person_uuid, capture_date, created_date, last_modified_date,
    uuid, archived, body_weight, diastolic,  systolic,  height,  visit_id, datim_id
 FROM etl_triage_vital_sign_stage&quot;"/>
          <column name="Specify a data source alias" value="false"/>
          <column name="Data source alias" value="&quot;&quot;"/>
          <column name="Mapping" value="postgres_id"/>
          <column name="Additional JDBC Parameters" value="context.LAMISPlus_AdditionalParams"/>
          <column name="Encoding" value="&quot;ISO-8859-15&quot;"/>
          <column name="Use fetch size" value="false"/>
          <column name="Fetch size" value="1000"/>
          <column name="Trim all the String/Char columns" value="false"/>
          <column name="Trim column" value="[{SCHEMA_COLUMN=id, TRIM=false}, {SCHEMA_COLUMN=person_uuid, TRIM=false}, {SCHEMA_COLUMN=capture_date, TRIM=false}, {SCHEMA_COLUMN=created_date, TRIM=false}, {SCHEMA_COLUMN=last_modified_date, TRIM=false}, {SCHEMA_COLUMN=uuid, TRIM=false}, {SCHEMA_COLUMN=archived, TRIM=false}, {SCHEMA_COLUMN=body_weight, TRIM=false}, {SCHEMA_COLUMN=diastolic, TRIM=false}, {SCHEMA_COLUMN=systolic, TRIM=false}, {SCHEMA_COLUMN=height, TRIM=false}, {SCHEMA_COLUMN=visit_id, TRIM=false}, {SCHEMA_COLUMN=datim_id, TRIM=false}]"/>
          <column name="Label format" value="Triage_vital_signs"/>
          <column name="Hint format" value="&lt;b&gt;__UNIQUE_NAME__&lt;/b&gt;&lt;br&gt;__COMMENT__"/>
          <column name="Connection format" value="row"/>
          <column name="Show Information" value="false"/>
          <column name="Comment" value=""/>
          <column name="Use an existing validation rule" value="false"/>
          <column name="Validation Rule Type" value=""/>
        </parameters>
        <schemas>
          <schema name="tDBInput_9">
            <column name="id" key="false" type="long" length="19" precision="" nullable="false" comment=""/>
            <column name="person_uuid" key="false" type="String" length="255" precision="" nullable="false" comment=""/>
            <column name="capture_date" key="false" type="java.util.Date" length="13" precision="" nullable="true" comment=""/>
            <column name="created_date" key="false" type="java.util.Date" length="29" precision="6" nullable="true" comment=""/>
            <column name="last_modified_date" key="false" type="java.util.Date" length="29" precision="6" nullable="true" comment=""/>
            <column name="uuid" key="false" type="String" length="50" precision="" nullable="true" comment=""/>
            <column name="archived" key="false" type="Integer" length="10" precision="" nullable="true" comment=""/>
            <column name="body_weight" key="false" type="Double" length="17" precision="17" nullable="true" comment=""/>
            <column name="diastolic" key="false" type="Double" length="17" precision="17" nullable="true" comment=""/>
            <column name="systolic" key="false" type="Double" length="17" precision="17" nullable="true" comment=""/>
            <column name="height" key="false" type="Double" length="17" precision="17" nullable="true" comment=""/>
            <column name="visit_id" key="false" type="String" length="50" precision="" nullable="false" comment=""/>
            <column name="datim_id" key="false" type="String" length="50" precision="" nullable="false" comment=""/>
          </schema>
        </schemas>
      </component>
      <component icon="pictures/tDBOutput_1.png" uniqueName="tDBOutput_1" label="Triage_Vital_Sign_Stage">
        <input link="tMap_1">tMap_1</input>
        <input link="tDBInput_2">tDBInput_2</input>
        <output>none</output>
        <componentType>tPostgresqlOutput</componentType>
        <parameters>
          <column name="Database" value="tPostgresqlOutput"/>
          <column name="Unique Name" value="tDBOutput_1"/>
          <column name="Component Name" value="tPostgresqlOutput"/>
          <column name="Version" value="0.102 (ALPHA)"/>
          <column name="Family" value="Databases/DB Specifics/PostgreSQL"/>
          <column name="Startable" value="false"/>
          <column name="SUBTREE_START" value="false"/>
          <column name="END_OF_FLOW" value="true"/>
          <column name="Activate" value="true"/>
          <column name="DUMMY" value="false"/>
          <column name="tStatCatcher Statistics" value="false"/>
          <column name="Help" value="org.talend.help.tPostgresqlOutput"/>
          <column name="Update components" value="true"/>
          <column name="IREPORT_PATH" value=""/>
          <column name="JAVA_LIBRARY_PATH" value="C:\Users\A\Documents\TOS_BD-20200219_1130-V7.3.1\configuration\lib\java"/>
          <column name="Subjob color" value=""/>
          <column name="Title color" value=""/>
          <column name="Property Type" value="repository: DB (POSTGRESQL):LAMISPlus"/>
          <column name="Use an existing connection" value="false"/>
          <column name="Component List" value=""/>
          <column name="DB Version" value="V9_X"/>
          <column name="Host" value="context.LAMISPlus_Server"/>
          <column name="Port" value="context.LAMISPlus_Port"/>
          <column name="Database" value="context.LAMISPlus_Database"/>
          <column name="Database Driver" value="POSTGRESQL"/>
          <column name="Schema" value="context.LAMISPlus_Schema"/>
          <column name="Username" value="context.LAMISPlus_Login"/>
          <column name="Password" value="context.LAMISPlus_Password"/>
          <column name="Table" value="&quot;etl_triage_vital_sign_stage&quot;"/>
          <column name="Action on table" value="CREATE_IF_NOT_EXISTS"/>
          <column name="Action on data" value="INSERT_OR_UPDATE"/>
          <column name="REPOSITORY_ALLOW_AUTO_SWITCH" value="true"/>
          <column name="Schema" value="Built-In"/>
          <column name="Reject Schema" value="Built-In"/>
          <column name="Use spatial options" value="false"/>
          <column name="Create Spatial index" value="false"/>
          <column name="Create geometry columns reference" value="false"/>
          <column name="Specify a data source alias" value="false"/>
          <column name="Data source alias" value="&quot;&quot;"/>
          <column name="Die on error" value="false"/>
          <column name="Mapping" value="postgres_id"/>
          <column name="Use alternate schema" value="false"/>
          <column name="Schema" value="&quot;&quot;"/>
          <column name="Additional JDBC Parameters" value="context.LAMISPlus_AdditionalParams"/>
          <column name="Use save point" value="false"/>
          <column name="Encoding" value="&quot;ISO-8859-15&quot;"/>
          <column name="Commit every" value="10000"/>
          <column name="Additional columns" value="[]"/>
          <column name="Use field options" value="false"/>
          <column name="Field options" value="[{SCHEMA_COLUMN=person_uuid, UPDATE_KEY=false, DELETE_KEY=false, UPDATABLE=true, INSERTABLE=true}, {SCHEMA_COLUMN=facility_id, UPDATE_KEY=false, DELETE_KEY=false, UPDATABLE=true, INSERTABLE=true}, {SCHEMA_COLUMN=created_date, UPDATE_KEY=false, DELETE_KEY=false, UPDATABLE=true, INSERTABLE=true}, {SCHEMA_COLUMN=last_modified_date, UPDATE_KEY=false, DELETE_KEY=false, UPDATABLE=true, INSERTABLE=true}, {SCHEMA_COLUMN=uuid, UPDATE_KEY=false, DELETE_KEY=false, UPDATABLE=true, INSERTABLE=true}, {SCHEMA_COLUMN=archived, UPDATE_KEY=false, DELETE_KEY=false, UPDATABLE=true, INSERTABLE=true}, {SCHEMA_COLUMN=body_weight, UPDATE_KEY=false, DELETE_KEY=false, UPDATABLE=true, INSERTABLE=true}, {SCHEMA_COLUMN=diastolic, UPDATE_KEY=false, DELETE_KEY=false, UPDATABLE=true, INSERTABLE=true}, {SCHEMA_COLUMN=systolic, UPDATE_KEY=false, DELETE_KEY=false, UPDATABLE=true, INSERTABLE=true}, {SCHEMA_COLUMN=height, UPDATE_KEY=false, DELETE_KEY=false, UPDATABLE=true, INSERTABLE=true}, {SCHEMA_COLUMN=datim_id, UPDATE_KEY=false, DELETE_KEY=false, UPDATABLE=true, INSERTABLE=true}, {SCHEMA_COLUMN=visit_id, UPDATE_KEY=false, DELETE_KEY=false, UPDATABLE=true, INSERTABLE=true}, {SCHEMA_COLUMN=id, UPDATE_KEY=false, DELETE_KEY=false, UPDATABLE=true, INSERTABLE=true}, {SCHEMA_COLUMN=capture_date, UPDATE_KEY=false, DELETE_KEY=false, UPDATABLE=true, INSERTABLE=true}]"/>
          <column name="Debug query mode" value="false"/>
          <column name="Support null in &quot;SQL WHERE&quot; statement" value="false"/>
          <column name="Convert columns and table to lowercase" value="false"/>
          <column name="Use Batch Size" value="true"/>
          <column name="Batch Size" value="10000"/>
          <column name="Label format" value="Triage_Vital_Sign_Stage"/>
          <column name="Hint format" value="&lt;b&gt;__UNIQUE_NAME__&lt;/b&gt;&lt;br&gt;__COMMENT__"/>
          <column name="Connection format" value="row"/>
          <column name="Show Information" value="false"/>
          <column name="Comment" value=""/>
          <column name="Use an existing validation rule" value="false"/>
          <column name="Validation Rule Type" value=""/>
        </parameters>
        <schemas>
          <schema name="tDBOutput_1">
            <column name="person_uuid" key="false" type="String" length="36" precision="" nullable="true" comment=""/>
            <column name="facility_id" key="false" type="long" length="19" precision="" nullable="false" comment=""/>
            <column name="created_date" key="false" type="java.util.Date" length="29" precision="6" nullable="true" comment=""/>
            <column name="last_modified_date" key="false" type="java.util.Date" length="29" precision="6" nullable="true" comment=""/>
            <column name="uuid" key="false" type="String" length="50" precision="" nullable="true" comment=""/>
            <column name="archived" key="false" type="Integer" length="10" precision="" nullable="true" comment=""/>
            <column name="body_weight" key="false" type="Double" length="17" precision="17" nullable="true" comment=""/>
            <column name="diastolic" key="false" type="Double" length="17" precision="17" nullable="true" comment=""/>
            <column name="systolic" key="false" type="Double" length="17" precision="17" nullable="true" comment=""/>
            <column name="height" key="false" type="Double" length="17" precision="17" nullable="true" comment=""/>
            <column name="datim_id" key="false" type="String" length="32" precision="" nullable="false" comment=""/>
            <column name="visit_id" key="false" type="String" length="50" precision="" nullable="false" comment=""/>
            <column name="id" key="true" type="int" length="" precision="" nullable="false" comment=""/>
            <column name="capture_date" key="false" type="java.util.Date" length="29" precision="6" nullable="true" comment=""/>
          </schema>
        </schemas>
      </component>
      <component icon="pictures/tDBOutput_2.png" uniqueName="tDBOutput_2" label="Etl_Sequence">
        <input link="tMap_2">tMap_2</input>
        <output link="tJava_3">tJava_3</output>
        <componentType>tPostgresqlOutput</componentType>
        <parameters>
          <column name="Database" value="tPostgresqlOutput"/>
          <column name="Unique Name" value="tDBOutput_2"/>
          <column name="Component Name" value="tPostgresqlOutput"/>
          <column name="Version" value="0.102 (ALPHA)"/>
          <column name="Family" value="Databases/DB Specifics/PostgreSQL"/>
          <column name="Startable" value="false"/>
          <column name="SUBTREE_START" value="false"/>
          <column name="END_OF_FLOW" value="true"/>
          <column name="Activate" value="true"/>
          <column name="DUMMY" value="false"/>
          <column name="tStatCatcher Statistics" value="false"/>
          <column name="Help" value="org.talend.help.tPostgresqlOutput"/>
          <column name="Update components" value="true"/>
          <column name="IREPORT_PATH" value=""/>
          <column name="JAVA_LIBRARY_PATH" value="C:\Users\A\Documents\TOS_BD-20200219_1130-V7.3.1\configuration\lib\java"/>
          <column name="Subjob color" value=""/>
          <column name="Title color" value=""/>
          <column name="Property Type" value="repository: DB (POSTGRESQL):LAMISPlus"/>
          <column name="Use an existing connection" value="false"/>
          <column name="Component List" value=""/>
          <column name="DB Version" value="V9_X"/>
          <column name="Host" value="context.LAMISPlus_Server"/>
          <column name="Port" value="context.LAMISPlus_Port"/>
          <column name="Database" value="context.LAMISPlus_Database"/>
          <column name="Database Driver" value="POSTGRESQL"/>
          <column name="Schema" value="context.LAMISPlus_Schema"/>
          <column name="Username" value="context.LAMISPlus_Login"/>
          <column name="Password" value="context.LAMISPlus_Password"/>
          <column name="Table" value="&quot;etl_sequence&quot;"/>
          <column name="Action on table" value="CREATE_IF_NOT_EXISTS"/>
          <column name="Action on data" value="INSERT_OR_UPDATE"/>
          <column name="REPOSITORY_ALLOW_AUTO_SWITCH" value="true"/>
          <column name="Schema" value="Built-In"/>
          <column name="Reject Schema" value="Built-In"/>
          <column name="Use spatial options" value="false"/>
          <column name="Create Spatial index" value="false"/>
          <column name="Create geometry columns reference" value="false"/>
          <column name="Specify a data source alias" value="false"/>
          <column name="Data source alias" value="&quot;&quot;"/>
          <column name="Die on error" value="false"/>
          <column name="Mapping" value="postgres_id"/>
          <column name="Use alternate schema" value="false"/>
          <column name="Schema" value="&quot;&quot;"/>
          <column name="Additional JDBC Parameters" value="context.LAMISPlus_AdditionalParams"/>
          <column name="Use save point" value="false"/>
          <column name="Encoding" value="&quot;ISO-8859-15&quot;"/>
          <column name="Commit every" value="10000"/>
          <column name="Additional columns" value="[]"/>
          <column name="Use field options" value="false"/>
          <column name="Field options" value="[{SCHEMA_COLUMN=sequence_count, UPDATE_KEY=false, DELETE_KEY=false, UPDATABLE=true, INSERTABLE=true}, {SCHEMA_COLUMN=table_name, UPDATE_KEY=false, DELETE_KEY=false, UPDATABLE=true, INSERTABLE=true}, {SCHEMA_COLUMN=date_time, UPDATE_KEY=false, DELETE_KEY=false, UPDATABLE=true, INSERTABLE=true}]"/>
          <column name="Debug query mode" value="false"/>
          <column name="Support null in &quot;SQL WHERE&quot; statement" value="false"/>
          <column name="Convert columns and table to lowercase" value="false"/>
          <column name="Use Batch Size" value="true"/>
          <column name="Batch Size" value="10000"/>
          <column name="Label format" value="Etl_Sequence"/>
          <column name="Hint format" value="&lt;b&gt;__UNIQUE_NAME__&lt;/b&gt;&lt;br&gt;__COMMENT__"/>
          <column name="Connection format" value="row"/>
          <column name="Show Information" value="false"/>
          <column name="Comment" value=""/>
          <column name="Use an existing validation rule" value="false"/>
          <column name="Validation Rule Type" value=""/>
        </parameters>
        <schemas>
          <schema name="tDBOutput_2">
            <column name="sequence_count" key="true" type="Long" length="19" precision="" nullable="true" comment=""/>
            <column name="table_name" key="false" type="String" length="" precision="" nullable="true" comment=""/>
            <column name="date_time" key="false" type="java.util.Date" length="" precision="" nullable="true" comment=""/>
          </schema>
        </schemas>
      </component>
      <component icon="pictures/tDBOutput_5.png" uniqueName="tDBOutput_5" label="Triage_VitalSigns_Lamisplus">
        <input link="tSortRow_3">tSortRow_3</input>
        <output>none</output>
        <componentType>tPostgresqlOutput</componentType>
        <parameters>
          <column name="Database" value="tPostgresqlOutput"/>
          <column name="Unique Name" value="tDBOutput_5"/>
          <column name="Component Name" value="tPostgresqlOutput"/>
          <column name="Version" value="0.102 (ALPHA)"/>
          <column name="Family" value="Databases/DB Specifics/PostgreSQL"/>
          <column name="Startable" value="false"/>
          <column name="SUBTREE_START" value="false"/>
          <column name="END_OF_FLOW" value="true"/>
          <column name="Activate" value="true"/>
          <column name="DUMMY" value="false"/>
          <column name="tStatCatcher Statistics" value="false"/>
          <column name="Help" value="org.talend.help.tPostgresqlOutput"/>
          <column name="Update components" value="true"/>
          <column name="IREPORT_PATH" value=""/>
          <column name="JAVA_LIBRARY_PATH" value="C:\Users\A\Documents\TOS_BD-20200219_1130-V7.3.1\configuration\lib\java"/>
          <column name="Subjob color" value=""/>
          <column name="Title color" value=""/>
          <column name="Property Type" value="repository: DB (POSTGRESQL):LAMISPlus"/>
          <column name="Use an existing connection" value="false"/>
          <column name="Component List" value=""/>
          <column name="DB Version" value="V9_X"/>
          <column name="Host" value="context.LAMISPlus_Server"/>
          <column name="Port" value="context.LAMISPlus_Port"/>
          <column name="Database" value="context.LAMISPlus_Database"/>
          <column name="Database Driver" value="POSTGRESQL"/>
          <column name="Schema" value="context.LAMISPlus_Schema"/>
          <column name="Username" value="context.LAMISPlus_Login"/>
          <column name="Password" value="context.LAMISPlus_Password"/>
          <column name="Table" value="&quot;triage_vital_sign&quot;"/>
          <column name="Action on table" value="NONE"/>
          <column name="Action on data" value="INSERT_OR_UPDATE"/>
          <column name="REPOSITORY_ALLOW_AUTO_SWITCH" value="true"/>
          <column name="Schema" value="Built-In"/>
          <column name="Reject Schema" value="Built-In"/>
          <column name="Use spatial options" value="false"/>
          <column name="Create Spatial index" value="false"/>
          <column name="Create geometry columns reference" value="false"/>
          <column name="Specify a data source alias" value="false"/>
          <column name="Data source alias" value="&quot;&quot;"/>
          <column name="Die on error" value="false"/>
          <column name="Mapping" value="postgres_id"/>
          <column name="Use alternate schema" value="false"/>
          <column name="Schema" value="&quot;&quot;"/>
          <column name="Additional JDBC Parameters" value="context.LAMISPlus_AdditionalParams"/>
          <column name="Use save point" value="false"/>
          <column name="Encoding" value="&quot;ISO-8859-15&quot;"/>
          <column name="Commit every" value="10000"/>
          <column name="Additional columns" value="[]"/>
          <column name="Use field options" value="true"/>
          <column name="Field options" value="[{SCHEMA_COLUMN=id, UPDATE_KEY=true, DELETE_KEY=false, UPDATABLE=true, INSERTABLE=true}, {SCHEMA_COLUMN=person_uuid, UPDATE_KEY=false, DELETE_KEY=false, UPDATABLE=true, INSERTABLE=true}, {SCHEMA_COLUMN=facility_id, UPDATE_KEY=false, DELETE_KEY=false, UPDATABLE=true, INSERTABLE=true}, {SCHEMA_COLUMN=created_date, UPDATE_KEY=false, DELETE_KEY=false, UPDATABLE=true, INSERTABLE=true}, {SCHEMA_COLUMN=last_modified_date, UPDATE_KEY=false, DELETE_KEY=false, UPDATABLE=true, INSERTABLE=true}, {SCHEMA_COLUMN=created_by, UPDATE_KEY=false, DELETE_KEY=false, UPDATABLE=true, INSERTABLE=true}, {SCHEMA_COLUMN=last_modified_by, UPDATE_KEY=false, DELETE_KEY=false, UPDATABLE=true, INSERTABLE=true}, {SCHEMA_COLUMN=uuid, UPDATE_KEY=false, DELETE_KEY=false, UPDATABLE=true, INSERTABLE=true}, {SCHEMA_COLUMN=visit_id, UPDATE_KEY=false, DELETE_KEY=false, UPDATABLE=true, INSERTABLE=true}, {SCHEMA_COLUMN=archived, UPDATE_KEY=false, DELETE_KEY=false, UPDATABLE=true, INSERTABLE=true}, {SCHEMA_COLUMN=body_weight, UPDATE_KEY=false, DELETE_KEY=false, UPDATABLE=true, INSERTABLE=true}, {SCHEMA_COLUMN=diastolic, UPDATE_KEY=false, DELETE_KEY=false, UPDATABLE=true, INSERTABLE=true}, {SCHEMA_COLUMN=systolic, UPDATE_KEY=false, DELETE_KEY=false, UPDATABLE=true, INSERTABLE=true}, {SCHEMA_COLUMN=height, UPDATE_KEY=false, DELETE_KEY=false, UPDATABLE=true, INSERTABLE=true}, {SCHEMA_COLUMN=temperature, UPDATE_KEY=false, DELETE_KEY=false, UPDATABLE=true, INSERTABLE=true}, {SCHEMA_COLUMN=pulse, UPDATE_KEY=false, DELETE_KEY=false, UPDATABLE=true, INSERTABLE=true}, {SCHEMA_COLUMN=respiratory_rate, UPDATE_KEY=false, DELETE_KEY=false, UPDATABLE=true, INSERTABLE=true}, {SCHEMA_COLUMN=capture_date, UPDATE_KEY=false, DELETE_KEY=false, UPDATABLE=true, INSERTABLE=true}]"/>
          <column name="Debug query mode" value="false"/>
          <column name="Support null in &quot;SQL WHERE&quot; statement" value="false"/>
          <column name="Convert columns and table to lowercase" value="false"/>
          <column name="Use Batch Size" value="true"/>
          <column name="Batch Size" value="10000"/>
          <column name="Label format" value="Triage_VitalSigns_Lamisplus"/>
          <column name="Hint format" value="&lt;b&gt;__UNIQUE_NAME__&lt;/b&gt;&lt;br&gt;__COMMENT__"/>
          <column name="Connection format" value="row"/>
          <column name="Show Information" value="false"/>
          <column name="Comment" value=""/>
          <column name="Use an existing validation rule" value="false"/>
          <column name="Validation Rule Type" value=""/>
        </parameters>
        <schemas>
          <schema name="schema_create_transform_jsonfield">
            <column name="id" key="true" type="Long" length="10" precision="" nullable="true" comment=""/>
            <column name="person_uuid" key="false" type="String" length="230" precision="" nullable="true" comment=""/>
            <column name="facility_id" key="false" type="Long" length="10" precision="" nullable="true" comment=""/>
            <column name="created_date" key="false" type="java.util.Date" length="" precision="" nullable="true" comment=""/>
            <column name="last_modified_date" key="false" type="java.util.Date" length="29" precision="6" nullable="true" comment=""/>
            <column name="created_by" key="false" type="String" length="230" precision="" nullable="true" comment=""/>
            <column name="last_modified_by" key="false" type="String" length="239" precision="" nullable="true" comment=""/>
            <column name="uuid" key="false" type="String" length="" precision="" nullable="true" comment=""/>
            <column name="visit_id" key="false" type="String" length="50" precision="" nullable="true" comment=""/>
            <column name="archived" key="false" type="int" length="1" precision="" nullable="false" comment=""/>
            <column name="body_weight" key="false" type="Double" length="17" precision="17" nullable="true" comment=""/>
            <column name="diastolic" key="false" type="Double" length="17" precision="17" nullable="true" comment=""/>
            <column name="systolic" key="false" type="Double" length="17" precision="17" nullable="true" comment=""/>
            <column name="height" key="false" type="Double" length="17" precision="17" nullable="true" comment=""/>
            <column name="temperature" key="false" type="Double" length="" precision="" nullable="true" comment=""/>
            <column name="pulse" key="false" type="Double" length="" precision="" nullable="true" comment=""/>
            <column name="respiratory_rate" key="false" type="Double" length="" precision="" nullable="true" comment=""/>
            <column name="capture_date" key="false" type="java.util.Date" length="13" precision="" nullable="true" comment=""/>
          </schema>
        </schemas>
      </component>
      <component icon="pictures/tJava_1.png" uniqueName="tJava_1" label="__UNIQUE_NAME__">
        <input link="tDBInput_1">tDBInput_1</input>
        <output>none</output>
        <componentType>tJava</componentType>
        <parameters>
          <column name="Unique Name" value="tJava_1"/>
          <column name="Component Name" value="tJava"/>
          <column name="Version" value="0.101 (ALPHA)"/>
          <column name="Family" value="Custom_Code"/>
          <column name="Start" value="false"/>
          <column name="Startable" value="true"/>
          <column name="SUBTREE_START" value="true"/>
          <column name="END_OF_FLOW" value="true"/>
          <column name="Activate" value="true"/>
          <column name="DUMMY" value="false"/>
          <column name="tStatCatcher Statistics" value="false"/>
          <column name="Help" value="org.talend.help.tJava"/>
          <column name="Update components" value="true"/>
          <column name="IREPORT_PATH" value=""/>
          <column name="JAVA_LIBRARY_PATH" value="C:\Users\A\Documents\TOS_BD-20200219_1130-V7.3.1\configuration\lib\java"/>
          <column name="Subjob color" value=""/>
          <column name="Title color" value=""/>
          <column name="Code" value="System.out.println(&quot;*****************************************************************&quot;);
System.out.println(&quot;***********TRIAGE VITAL SIGN MIGRATION REPORT START*****************&quot;);
java.time.LocalDateTime startTime = java.time.LocalDateTime.now();
globalMap.put(&quot;startTime&quot;, startTime);
System.out.println(&quot;Start time - &quot;+ startTime);

System.out.println(&quot;Total Patient's vital stage fetched from LAMIS3 clinic - &quot;+globalMap.get(&quot;tDBInput_1_NB_LINE&quot;));
System.out.println();"/>
          <column name="Import" value="//import java.util.List;"/>
          <column name="Schema" value="Built-In"/>
          <column name="Label format" value="__UNIQUE_NAME__"/>
          <column name="Hint format" value="&lt;b&gt;__UNIQUE_NAME__&lt;/b&gt;&lt;br&gt;__COMMENT__"/>
          <column name="Connection format" value="row"/>
          <column name="Show Information" value="false"/>
          <column name="Comment" value=""/>
          <column name="Use an existing validation rule" value="false"/>
          <column name="Validation Rule Type" value=""/>
        </parameters>
        <schemas>
          <schema name="tJava_1"/>
        </schemas>
      </component>
      <component icon="pictures/tJava_2.png" uniqueName="tJava_2" label="__UNIQUE_NAME__">
        <input link="tDBInput_9">tDBInput_9</input>
        <output>none</output>
        <componentType>tJava</componentType>
        <parameters>
          <column name="Unique Name" value="tJava_2"/>
          <column name="Component Name" value="tJava"/>
          <column name="Version" value="0.101 (ALPHA)"/>
          <column name="Family" value="Custom_Code"/>
          <column name="Start" value="false"/>
          <column name="Startable" value="true"/>
          <column name="SUBTREE_START" value="true"/>
          <column name="END_OF_FLOW" value="true"/>
          <column name="Activate" value="true"/>
          <column name="DUMMY" value="false"/>
          <column name="tStatCatcher Statistics" value="false"/>
          <column name="Help" value="org.talend.help.tJava"/>
          <column name="Update components" value="true"/>
          <column name="IREPORT_PATH" value=""/>
          <column name="JAVA_LIBRARY_PATH" value="C:\Users\A\Documents\TOS_BD-20200219_1130-V7.3.1\configuration\lib\java"/>
          <column name="Subjob color" value=""/>
          <column name="Title color" value=""/>
          <column name="Code" value="System.out.println(&quot;Total Patient's vital fetched from triage_vital_sign_stage - &quot;+globalMap.get(&quot;tDBInput_9_NB_LINE&quot;));
System.out.println();"/>
          <column name="Import" value="//import java.util.List;"/>
          <column name="Schema" value="Built-In"/>
          <column name="Label format" value="__UNIQUE_NAME__"/>
          <column name="Hint format" value="&lt;b&gt;__UNIQUE_NAME__&lt;/b&gt;&lt;br&gt;__COMMENT__"/>
          <column name="Connection format" value="row"/>
          <column name="Show Information" value="false"/>
          <column name="Comment" value=""/>
          <column name="Use an existing validation rule" value="false"/>
          <column name="Validation Rule Type" value=""/>
        </parameters>
        <schemas>
          <schema name="tJava_2"/>
        </schemas>
      </component>
      <component icon="pictures/tJava_3.png" uniqueName="tJava_3" label="__UNIQUE_NAME__">
        <input link="tDBOutput_2">tDBOutput_2</input>
        <output>none</output>
        <componentType>tJava</componentType>
        <parameters>
          <column name="Unique Name" value="tJava_3"/>
          <column name="Component Name" value="tJava"/>
          <column name="Version" value="0.101 (ALPHA)"/>
          <column name="Family" value="Custom_Code"/>
          <column name="Start" value="false"/>
          <column name="Startable" value="true"/>
          <column name="SUBTREE_START" value="true"/>
          <column name="END_OF_FLOW" value="true"/>
          <column name="Activate" value="true"/>
          <column name="DUMMY" value="false"/>
          <column name="tStatCatcher Statistics" value="false"/>
          <column name="Help" value="org.talend.help.tJava"/>
          <column name="Update components" value="true"/>
          <column name="IREPORT_PATH" value=""/>
          <column name="JAVA_LIBRARY_PATH" value="C:\Users\A\Documents\TOS_BD-20200219_1130-V7.3.1\configuration\lib\java"/>
          <column name="Subjob color" value=""/>
          <column name="Title color" value=""/>
          <column name="Code" value="int totalMigrated = globalMap.get(&quot;tDBOutput_5_NB_LINE_UPDATED&quot;) != null ? (Integer)globalMap.get(&quot;tDBOutput_5_NB_LINE_UPDATED&quot;) : 0;

System.out.println(&quot;Total triage_vital_sign already migrated &quot;+totalMigrated);

System.out.println(&quot;Total new records migrated - &quot;+globalMap.get(&quot;tDBOutput_5_NB_LINE_INSERTED&quot;));
if(globalMap.get(&quot;tDBOutput_5_ERROR_MESSAGE&quot;) != null){
System.out.println(&quot;Migration Error - &quot;+globalMap.get(&quot;tDBOutput_5_ERROR_MESSAGE&quot;));
}
System.out.println(&quot;Total erroneous records not migrated - &quot;+globalMap.get(&quot;tFileOutputDelimited_5_NB_LINE&quot;));

java.time.LocalDateTime endTime = java.time.LocalDateTime.now();
System.out.println(&quot;End time - &quot;+ endTime);
java.time.LocalDateTime statTime = (java.time.LocalDateTime)globalMap.get(&quot;startTime&quot;);

java.time.Duration duration = java.time.Duration.between(statTime, endTime);
System.out.println(&quot;Duration - &quot;+ duration);

System.out.println(&quot;*************TRIAGE VITAL SIGN END*****************&quot;);
System.out.println(&quot;****************************************************************&quot;);"/>
          <column name="Import" value="//import java.util.List;"/>
          <column name="Schema" value="Built-In"/>
          <column name="Label format" value="__UNIQUE_NAME__"/>
          <column name="Hint format" value="&lt;b&gt;__UNIQUE_NAME__&lt;/b&gt;&lt;br&gt;__COMMENT__"/>
          <column name="Connection format" value="row"/>
          <column name="Show Information" value="false"/>
          <column name="Comment" value=""/>
          <column name="Use an existing validation rule" value="false"/>
          <column name="Validation Rule Type" value=""/>
        </parameters>
        <schemas>
          <schema name="schema_create_transform_jsonfield">
            <column name="id" key="true" type="int" length="10" precision="" nullable="false" comment=""/>
            <column name="hospital_number" key="false" type="String" length="25" precision="" nullable="false" comment=""/>
            <column name="uuid" key="false" type="String" length="36" precision="" nullable="true" comment=""/>
            <column name="first_name" key="false" type="String" length="230" precision="" nullable="true" comment=""/>
            <column name="surname" key="false" type="String" length="45" precision="" nullable="true" comment=""/>
            <column name="other_name" key="false" type="String" length="75" precision="" nullable="true" comment=""/>
            <column name="gender" key="false" type="String" length="500" precision="" nullable="true" comment=""/>
            <column name="date_of_birth" key="false" type="java.util.Date" length="13" precision="" nullable="true" comment=""/>
            <column name="is_date_of_birth_estimated" key="false" type="Boolean" length="1" precision="" nullable="true" comment=""/>
            <column name="education" key="false" type="String" length="1500" precision="" nullable="true" comment=""/>
            <column name="marital_status" key="false" type="String" length="1500" precision="" nullable="true" comment=""/>
            <column name="employment_status" key="false" type="String" length="1500" precision="" nullable="true" comment=""/>
            <column name="address" key="false" type="String" length="1500" precision="" nullable="true" comment=""/>
            <column name="contact_point" key="false" type="String" length="1500" precision="" nullable="true" comment=""/>
            <column name="contact" key="false" type="String" length="1500" precision="" nullable="true" comment=""/>
            <column name="date_of_registration" key="false" type="java.util.Date" length="13" precision="" nullable="false" comment=""/>
            <column name="archived" key="false" type="Integer" length="1" precision="" nullable="true" comment=""/>
            <column name="active" key="false" type="boolean" length="" precision="" nullable="false" comment=""/>
            <column name="deceased" key="false" type="Boolean" length="" precision="" nullable="true" comment=""/>
            <column name="deceased_date_time" key="false" type="java.util.Date" length="" precision="" nullable="true" comment=""/>
            <column name="created_date" key="false" type="java.util.Date" length="" precision="" nullable="true" comment=""/>
            <column name="last_modified_date" key="false" type="java.util.Date" length="29" precision="6" nullable="true" comment=""/>
            <column name="created_by" key="false" type="String" length="" precision="" nullable="true" comment=""/>
            <column name="last_modified_by" key="false" type="String" length="" precision="" nullable="true" comment=""/>
            <column name="identifier" key="false" type="String" length="25" precision="" nullable="true" comment=""/>
            <column name="facility_id" key="false" type="long" length="19" precision="" nullable="false" comment=""/>
            <column name="organization" key="false" type="String" length="" precision="" nullable="true" comment=""/>
            <column name="sex" key="false" type="String" length="230" precision="" nullable="true" comment=""/>
          </schema>
        </schemas>
      </component>
      <component icon="pictures/tSortRow_3.png" uniqueName="tSortRow_3" label="sort_triage_records">
        <input link="tMap_5">tMap_5</input>
        <output link="tDBOutput_5">tDBOutput_5</output>
        <componentType>tSortRow</componentType>
        <parameters>
          <column name="Unique Name" value="tSortRow_3"/>
          <column name="Component Name" value="tSortRow"/>
          <column name="Version" value="0.102 (ALPHA)"/>
          <column name="Family" value="Processing"/>
          <column name="Startable" value="false"/>
          <column name="SUBTREE_START" value="false"/>
          <column name="END_OF_FLOW" value="false"/>
          <column name="Activate" value="true"/>
          <column name="DUMMY" value="false"/>
          <column name="tStatCatcher Statistics" value="false"/>
          <column name="Help" value="org.talend.help.tSortRow"/>
          <column name="Update components" value="true"/>
          <column name="IREPORT_PATH" value=""/>
          <column name="JAVA_LIBRARY_PATH" value="C:\Users\A\Documents\TOS_BD-20200219_1130-V7.3.1\configuration\lib\java"/>
          <column name="Subjob color" value=""/>
          <column name="Title color" value=""/>
          <column name="REPOSITORY_ALLOW_AUTO_SWITCH" value="true"/>
          <column name="Schema" value="Built-In"/>
          <column name="Criteria" value="[{COLNAME=id, SORT=num, ORDER=asc}]"/>
          <column name="Sort on disk" value="false"/>
          <column name="Temp data directory path" value="&quot;C:/Talend_OS73/TOS_DI-Win32-20200219_1130-V7.3.1/workspace/temp&quot;"/>
          <column name="Create temp data directory if does not exist" value="true"/>
          <column name="Buffer size of external sort" value="1000000"/>
          <column name="Label format" value="sort_triage_records"/>
          <column name="Hint format" value="&lt;b&gt;__UNIQUE_NAME__&lt;/b&gt;&lt;br&gt;__COMMENT__"/>
          <column name="Connection format" value="row"/>
          <column name="Show Information" value="false"/>
          <column name="Comment" value=""/>
          <column name="Use an existing validation rule" value="false"/>
          <column name="Validation Rule Type" value=""/>
        </parameters>
        <schemas>
          <schema name="schema_create_transform_jsonfield">
            <column name="id" key="true" type="Long" length="10" precision="" nullable="true" comment=""/>
            <column name="person_uuid" key="false" type="String" length="230" precision="" nullable="true" comment=""/>
            <column name="facility_id" key="false" type="Long" length="10" precision="" nullable="true" comment=""/>
            <column name="created_date" key="false" type="java.util.Date" length="" precision="" nullable="true" comment=""/>
            <column name="last_modified_date" key="false" type="java.util.Date" length="29" precision="6" nullable="true" comment=""/>
            <column name="created_by" key="false" type="String" length="230" precision="" nullable="true" comment=""/>
            <column name="last_modified_by" key="false" type="String" length="239" precision="" nullable="true" comment=""/>
            <column name="uuid" key="false" type="String" length="" precision="" nullable="true" comment=""/>
            <column name="visit_id" key="false" type="String" length="50" precision="" nullable="true" comment=""/>
            <column name="archived" key="false" type="int" length="1" precision="" nullable="false" comment=""/>
            <column name="body_weight" key="false" type="Double" length="17" precision="17" nullable="true" comment=""/>
            <column name="diastolic" key="false" type="Double" length="17" precision="17" nullable="true" comment=""/>
            <column name="systolic" key="false" type="Double" length="17" precision="17" nullable="true" comment=""/>
            <column name="height" key="false" type="Double" length="17" precision="17" nullable="true" comment=""/>
            <column name="temperature" key="false" type="Double" length="" precision="" nullable="true" comment=""/>
            <column name="pulse" key="false" type="Double" length="" precision="" nullable="true" comment=""/>
            <column name="respiratory_rate" key="false" type="Double" length="" precision="" nullable="true" comment=""/>
            <column name="capture_date" key="false" type="java.util.Date" length="13" precision="" nullable="true" comment=""/>
          </schema>
        </schemas>
      </component>
    </internalNodeComponents>
    <externalNodeComponents>
      <component icon="pictures/tMap_1.png" uniqueName="tMap_1" label="__UNIQUE_NAME__">
        <input link="tMap_1">tMap_1</input>
        <input link="tDBInput_2">tDBInput_2</input>
        <output link="tDBOutput_1">tDBOutput_1</output>
        <componentType>tMap</componentType>
        <!--tMap_1-->
      </component>
      <component icon="pictures/tMap_2.png" uniqueName="tMap_2" label="update_sequence">
        <input link="tDBInput_3">tDBInput_3</input>
        <output link="tDBOutput_2">tDBOutput_2</output>
        <componentType>tMap</componentType>
        <!--tMap_2-->
      </component>
      <component icon="pictures/tMap_5.png" uniqueName="tMap_5" label="Map_Triage">
        <input link="tDBInput_9">tDBInput_9</input>
        <input link="tDBInput_10">tDBInput_10</input>
        <output link="tSortRow_3">tSortRow_3</output>
        <componentType>tMap</componentType>
        <!--tMap_5-->
      </component>
    </externalNodeComponents>
    <connections>
      <connection label="extract_vistits" lineStyle="0" metaname="tDBInput_9" offsetLabelX="0" offsetLabelY="0" source="tDBInput_9" target="tMap_5"/>
      <connection label="If" lineStyle="6" metaname="tDBInput_9" offsetLabelX="0" offsetLabelY="0" source="tDBInput_9" target="tJava_2"/>
      <connection label="OnSubjobOk" lineStyle="1" metaname="tDBInput_9" offsetLabelX="0" offsetLabelY="0" source="tDBInput_9" target="tDBInput_3"/>
      <connection label="extract_facilitis" lineStyle="8" metaname="tDBInput_10" offsetLabelX="0" offsetLabelY="0" source="tDBInput_10" target="tMap_5"/>
      <connection label="Sort_clinics" lineStyle="0" metaname="Sort_clinics" offsetLabelX="0" offsetLabelY="0" source="tMap_5" target="tSortRow_3"/>
      <connection label="row1" lineStyle="0" metaname="tSortRow_3" offsetLabelX="0" offsetLabelY="0" source="tSortRow_3" target="tDBOutput_5"/>
      <connection label="clinic_triage" lineStyle="0" metaname="tDBInput_1" offsetLabelX="0" offsetLabelY="0" source="tDBInput_1" target="tMap_1"/>
      <connection label="OnSubjobOk" lineStyle="1" metaname="tDBInput_1" offsetLabelX="0" offsetLabelY="0" source="tDBInput_1" target="tDBInput_9"/>
      <connection label="If" lineStyle="6" metaname="tDBInput_1" offsetLabelX="0" offsetLabelY="0" source="tDBInput_1" target="tJava_1"/>
      <connection label="extract" lineStyle="0" metaname="extract" offsetLabelX="0" offsetLabelY="0" source="tMap_1" target="tDBOutput_1"/>
      <connection label="patient_visit" lineStyle="8" metaname="tDBInput_2" offsetLabelX="0" offsetLabelY="0" source="tDBInput_2" target="tMap_1"/>
      <connection label="row6" lineStyle="0" metaname="tDBInput_3" offsetLabelX="0" offsetLabelY="0" source="tDBInput_3" target="tMap_2"/>
      <connection label="sequence_extra" lineStyle="0" metaname="sequence_extra" offsetLabelX="-11" offsetLabelY="3" source="tMap_2" target="tDBOutput_2"/>
      <connection label="OnComponentOk" lineStyle="3" metaname="tDBOutput_2" offsetLabelX="0" offsetLabelY="0" source="tDBOutput_2" target="tJava_3"/>
    </connections>
  </job>
</project>
