<?xml version="1.1" encoding="UTF-8"?>

<externalNode i18n.job.component.parameters="Component Parameters:" i18n.job.properties="Properties" i18n.job.values="Values" i18n.mapper.table.for="Mapper table for " i18n.mapper.table.properties="Mapper table Properties" i18n.job.name="Name" i18n.tmap.matching.mode="Matching-mode" i18n.mapper.table.isminimized="isMinimized" i18n.tmap.isreject="isReject" i18n.tmap.isrejectinnnerjoin="isRejectInnerJoin" i18n.tmap.isinnerjoin="isInnerJoin" i18n.tmap.expressionfilter="expressionFilter" i18n.mapper.table.metadata.entries="Metadata Table Entries" i18n.job.type="Type" i18n.mapper.table.expression="Expression" i18n.tmap.isnullable="isNullable" i18n.tmap.constraint.entries="Constraint Table Entries" name="tMap_1" preview="pictures/_qf0T8EucEe2tU_X-_QVMag-tMap_1-PREVIEW.bmp">
  <parameters>
    <column name="tStatCatcher Statistics">false</column>
    <column name="Mapping links display as:">AUTO</column>
    <column name="Temp data directory path:"></column>
    <column name="Max buffer size (nb of rows):">2000000</column>
    <column name="Ignore trailing zeros for BigDecimal">true</column>
    <column name="Show Information">false</column>
    <column name="Comment"><![CDATA[]]></column>
    <column name="Use an existing validation rule">false</column>
  </parameters>
  <mapperTable type="input">
    <table name="clinic_triage" matching-mode="UNIQUE_MATCH" lookup-mode="LOAD_ONCE" isMinimized="false" isReject="false" isRejectInnerJoin="false" isInnerJoin="false" isPersistent="false" expressionFilter="null" activateExpressionFilter="false" activateCondensedTool="false" activateColumnNameFilter="false" columnNameFilter="null">
      <metadataTableEntries>
        <entry name="person_uuid" type="String" expression="" isNullable="true"/>
        <entry name="facility_id" type="long" expression="" isNullable="false"/>
        <entry name="capture_date" type="java.util.Date" expression="" isNullable="true"/>
        <entry name="created_date" type="java.util.Date" expression="" isNullable="true"/>
        <entry name="last_modified_date" type="java.util.Date" expression="" isNullable="true"/>
        <entry name="uuid" type="String" expression="" isNullable="true"/>
        <entry name="archived" type="Integer" expression="" isNullable="true"/>
        <entry name="body_weight" type="Double" expression="" isNullable="true"/>
        <entry name="systolic" type="Double" expression="" isNullable="true"/>
        <entry name="diastolic" type="Double" expression="" isNullable="true"/>
        <entry name="height" type="Double" expression="" isNullable="true"/>
        <entry name="datim_id" type="String" expression="" isNullable="false"/>
      </metadataTableEntries>
    </table>
    <table name="patient_visit" matching-mode="UNIQUE_MATCH" lookup-mode="LOAD_ONCE" isMinimized="false" isReject="false" isRejectInnerJoin="false" isInnerJoin="false" isPersistent="false" expressionFilter="null" activateExpressionFilter="false" activateCondensedTool="false" activateColumnNameFilter="false" columnNameFilter="null">
      <metadataTableEntries>
        <entry name="id" type="int" expression="" isNullable="false"/>
        <entry name="created_date" type="java.util.Date" expression="" isNullable="true"/>
        <entry name="created_by" type="String" expression="" isNullable="true"/>
        <entry name="last_modified_date" type="java.util.Date" expression="" isNullable="true"/>
        <entry name="last_modified_by" type="String" expression="" isNullable="true"/>
        <entry name="facility_id" type="Long" expression="" isNullable="true"/>
        <entry name="person_uuid" type="String" expression="clinic_triage.person_uuid " isNullable="false"/>
        <entry name="visit_start_date" type="java.util.Date" expression="clinic_triage.capture_date" isNullable="false"/>
        <entry name="visit_end_date" type="java.util.Date" expression="clinic_triage.capture_date" isNullable="true"/>
        <entry name="uuid" type="String" expression="" isNullable="false"/>
        <entry name="archived" type="Integer" expression="" isNullable="true"/>
      </metadataTableEntries>
    </table>
  </mapperTable>
  <mapperTable type="output">
    <table name="extract" isMinimized="false" isReject="false" isRejectInnerJoin="false" isInnerJoin="false" isPersistent="false" expressionFilter="null" activateExpressionFilter="false" activateCondensedTool="false" activateColumnNameFilter="false" columnNameFilter="null">
      <metadataTableEntries>
        <entry name="person_uuid" type="String" expression="clinic_triage.person_uuid " isNullable="true"/>
        <entry name="facility_id" type="long" expression="clinic_triage.facility_id " isNullable="false"/>
        <entry name="created_date" type="java.util.Date" expression="clinic_triage.created_date " isNullable="true"/>
        <entry name="last_modified_date" type="java.util.Date" expression="clinic_triage.last_modified_date " isNullable="true"/>
        <entry name="uuid" type="String" expression="clinic_triage.uuid " isNullable="true"/>
        <entry name="archived" type="Integer" expression="clinic_triage.archived " isNullable="true"/>
        <entry name="body_weight" type="Double" expression="clinic_triage.body_weight " isNullable="true"/>
        <entry name="diastolic" type="Double" expression="clinic_triage.diastolic " isNullable="true"/>
        <entry name="systolic" type="Double" expression="clinic_triage.systolic " isNullable="true"/>
        <entry name="height" type="Double" expression="clinic_triage.height " isNullable="true"/>
        <entry name="datim_id" type="String" expression="clinic_triage.datim_id " isNullable="false"/>
        <entry name="visit_id" type="String" expression="patient_visit.uuid" isNullable="false"/>
        <entry name="id" type="int" expression="Numeric.sequence(&quot;id&quot;,1,1) " isNullable="false"/>
        <entry name="capture_date" type="java.util.Date" expression="clinic_triage.capture_date " isNullable="true"/>
      </metadataTableEntries>
    </table>
  </mapperTable>
  <mapperTable type="var">
    <table name="Var" isMinimized="true" isReject="false" isRejectInnerJoin="false" isInnerJoin="false" isPersistent="false" expressionFilter="null" activateExpressionFilter="false" activateCondensedTool="false" activateColumnNameFilter="false" columnNameFilter="null"/>
  </mapperTable>
</externalNode>
