<?xml version="1.1" encoding="UTF-8"?>

<project i18n.job.generated.documetation="Generated documentation" i18n.job.project.name="Project Name" i18n.job.generated.date="GENERATION DATE" i18n.job.author="AUTHOR" i18n.job.summary="Summary" i18n.job.project.description="Project Description" i18n.job.job.description="Description" i18n.job.job.preview.picture="Preview Picture" i18n.job.job.setting="Settings" i18n.job.context.list="Context List" i18n.job.component.list="Component List" i18n.job.components.description="Components Description" i18n.job.source.code="Source Code" i18n.job.properties="Properties" i18n.job.values="Values" i18n.job.name="Name" i18n.job.language="Language" i18n.job.description="Description" i18n.job.author.min="Author" i18n.job.version="Version" i18n.job.purpose="Purpose" i18n.job.status="Status" i18n.job.creation="Creation" i18n.job.modification="Modification" i18n.job.extract.settings="Extra settings" i18n.job.value="Value" i18n.job.stats.logs="Status &amp; Logs" i18n.job.context="Context" i18n.job.promt="Prompt" i18n.job.need.promt="Need Prompt?" i18n.job.type="Type" i18n.job.source="Source" i18n.job.component.name="Component Name" i18n.job.component.type="Component Type" i18n.job.component="Component" i18n.job.unique.name="UNIQUE NAME" i18n.job.input="INPUT(S)" i18n.job.label="LABEL" i18n.job.output="OUTPUT(S)" i18n.job.component.parameters="Component Parameters:" i18n.job.schema.for="Schema for " i18n.job.column="Column" i18n.job.key="Key" i18n.job.length="Length" i18n.job.precision="Precision" i18n.job.nullable="Nullable" i18n.job.comment="Comment" i18n.job.original.function.parameters="Original Function Parameters:" i18n.job.ended="ended" i18n.job.content="content" i18n.route.manifest.type="Type" i18n.route.manifest.value="Value" i18n.route.resource.name="Name" i18n.route.resource.version="Version" i18n.route.resource.path="Path" name="LAMISPlus_ETL" logo="pictures/logo.jpg" title="Generated by Talend Open Studio for Big Data" link="http://www.talend.com" language="java" generatedDate="Mar 20, 2023 10:34:38 PM" versionName="Talend Open Studio VERSION " version="7.3.1.20200219_1130" docType="Jobs" company="">
  <pro-description><![CDATA[]]></pro-description>
  <job name="F_HIV_ART_Pharmacy" author="user@talend.com" i18n.job.extract.settings.type="i18n.job.extract.settings" i18n.job.stats.logs.type="i18n.job.stats.logs" version="6.0" purpose="ETL Tool for Pharmacy prescription" status="" creation="Oct 28, 2022 5:15:15 PM" modification="Mar 20, 2023 10:34:25 PM">
    <description><![CDATA[This ETL tool is for the migration of Pharmacy data from LAMIS 3 pharmacy table to hiv_art_pharmacy & hiv_art_pharmacy_r<br/>egimens tables]]></description>
    <preview picture="pictures/F_HIV_ART_Pharmacy_6.0.png"/>
    <contextList>
      <context name="Lamisplus">
        <contextParameter name="LAMISPlus_Schema" prompt="LAMISPlus_Schema?" promptNeeded="false" type="id_String" value="public"/>
        <contextParameter name="LAMISPlus_AdditionalParams" prompt="LAMISPlus_AdditionalParams?" promptNeeded="false" type="id_String" value=""/>
        <contextParameter name="LAMISPlus_Database" prompt="LAMISPlus_Database?" promptNeeded="true" type="id_String" value="test"/>
        <contextParameter name="LAMISPlus_Login" prompt="LAMISPlus_Login?" promptNeeded="false" type="id_String" value="postgres"/>
        <contextParameter name="LAMISPlus_Server" prompt="LAMISPlus_Server?" promptNeeded="false" type="id_String" value="localhost"/>
        <contextParameter name="LAMISPlus_Password" prompt="LAMISPlus_Password?" promptNeeded="true" type="id_Password" value="*****"/>
        <contextParameter name="LAMISPlus_Port" prompt="LAMISPlus_Port?" promptNeeded="false" type="id_String" value="5432"/>
        <contextParameter name="LAMIS3_AdditionalParams" prompt="LAMIS3_AdditionalParams?" promptNeeded="false" type="id_String" value="" source="LAMIS3"/>
        <contextParameter name="LAMIS3_Database" prompt="LAMIS3_Database?" promptNeeded="true" type="id_String" value="lamis-aminu" source="LAMIS3"/>
        <contextParameter name="LAMIS3_Login" prompt="LAMIS3_Login?" promptNeeded="false" type="id_String" value="postgres" source="LAMIS3"/>
        <contextParameter name="LAMIS3_Password" prompt="LAMIS3_Password?" promptNeeded="true" type="id_Password" value="*****" source="LAMIS3"/>
        <contextParameter name="LAMIS3_Port" prompt="LAMIS3_Port?" promptNeeded="false" type="id_String" value="5432" source="LAMIS3"/>
        <contextParameter name="LAMIS3_Schema" prompt="LAMIS3_Schema?" promptNeeded="false" type="id_String" value="public" source="LAMIS3"/>
        <contextParameter name="LAMIS3_Server" prompt="LAMIS3_Server?" promptNeeded="false" type="id_String" value="localhost" source="LAMIS3"/>
      </context>
      <context name="Default">
        <contextParameter name="LAMISPlus_Schema" prompt="LAMISPlus_Schema?" promptNeeded="false" type="id_String" value="public"/>
        <contextParameter name="LAMISPlus_AdditionalParams" prompt="LAMISPlus_AdditionalParams?" promptNeeded="false" type="id_String" value=""/>
        <contextParameter name="LAMISPlus_Database" prompt="LAMISPlus_Database?" promptNeeded="true" type="id_String" value="test"/>
        <contextParameter name="LAMISPlus_Login" prompt="LAMISPlus_Login?" promptNeeded="false" type="id_String" value="postgres"/>
        <contextParameter name="LAMISPlus_Server" prompt="LAMISPlus_Server?" promptNeeded="false" type="id_String" value="localhost"/>
        <contextParameter name="LAMISPlus_Password" prompt="LAMISPlus_Password?" promptNeeded="true" type="id_Password" value="*****"/>
        <contextParameter name="LAMISPlus_Port" prompt="LAMISPlus_Port?" promptNeeded="false" type="id_String" value="5432"/>
        <contextParameter name="LAMIS3_AdditionalParams" prompt="LAMIS3_AdditionalParams?" promptNeeded="false" type="id_String" value="" source="LAMIS3"/>
        <contextParameter name="LAMIS3_Database" prompt="LAMIS3_Database?" promptNeeded="true" type="id_String" value="lamis-aminu" source="LAMIS3"/>
        <contextParameter name="LAMIS3_Login" prompt="LAMIS3_Login?" promptNeeded="false" type="id_String" value="postgres" source="LAMIS3"/>
        <contextParameter name="LAMIS3_Password" prompt="LAMIS3_Password?" promptNeeded="true" type="id_Password" value="*****" source="LAMIS3"/>
        <contextParameter name="LAMIS3_Port" prompt="LAMIS3_Port?" promptNeeded="false" type="id_String" value="5432" source="LAMIS3"/>
        <contextParameter name="LAMIS3_Schema" prompt="LAMIS3_Schema?" promptNeeded="false" type="id_String" value="public" source="LAMIS3"/>
        <contextParameter name="LAMIS3_Server" prompt="LAMIS3_Server?" promptNeeded="false" type="id_String" value="localhost" source="LAMIS3"/>
      </context>
    </contextList>
    <jobSetting>
      <extra>
        <jobParameter name="COMP_DEFAULT_FILE_DIR" value=""/>
        <jobParameter name="Multi thread execution" value="false"/>
        <jobParameter name="Implicit tContextLoad" value="false"/>
      </extra>
      <Statslogs>
        <jobParameter name="Use statistics (tStatCatcher)" value="false"/>
        <jobParameter name="Use logs (tLogCatcher)" value="false"/>
        <jobParameter name="Use volumetrics (tFlowMeterCatcher)" value="false"/>
        <jobParameter name="On Console" value="false"/>
        <jobParameter name="On Files" value="false"/>
        <jobParameter name="On Databases" value="false"/>
        <jobParameter name="Catch components statistics" value="false"/>
        <jobParameter name="Catch runtime errors" value="true"/>
        <jobParameter name="Catch user errors" value="true"/>
        <jobParameter name="Catch user warnings" value="true"/>
      </Statslogs>
    </jobSetting>
    <componentList>
      <componentItem name="tDBInput_1" link="tDBInput_1" type="tPostgresqlInput" leftTopX="128" leftTopY="64" rightBottomX="160" rightBottomY="96"/>
      <componentItem name="tDBInput_10" link="tDBInput_10" type="tPostgresqlInput" leftTopX="512" leftTopY="288" rightBottomX="544" rightBottomY="320"/>
      <componentItem name="tDBInput_2" link="tDBInput_2" type="tPostgresqlInput" leftTopX="128" leftTopY="224" rightBottomX="160" rightBottomY="256"/>
      <componentItem name="tDBInput_3" link="tDBInput_3" type="tPostgresqlInput" leftTopX="160" leftTopY="416" rightBottomX="192" rightBottomY="448"/>
      <componentItem name="tDBInput_4" link="tDBInput_4" type="tPostgresqlInput" leftTopX="128" leftTopY="512" rightBottomX="160" rightBottomY="544"/>
      <componentItem name="tDBInput_5" link="tDBInput_5" type="tPostgresqlInput" leftTopX="224" leftTopY="608" rightBottomX="256" rightBottomY="640"/>
      <componentItem name="tDBInput_7" link="tDBInput_7" type="tPostgresqlInput" leftTopX="128" leftTopY="704" rightBottomX="160" rightBottomY="736"/>
      <componentItem name="tDBInput_8" link="tDBInput_8" type="tPostgresqlInput" leftTopX="320" leftTopY="288" rightBottomX="352" rightBottomY="320"/>
      <componentItem name="tDBInput_9" link="tDBInput_9" type="tPostgresqlInput" leftTopX="192" leftTopY="288" rightBottomX="224" rightBottomY="320"/>
      <componentItem name="tDBOutput_1" link="tDBOutput_1" type="tPostgresqlOutput" leftTopX="960" leftTopY="192" rightBottomX="992" rightBottomY="224"/>
      <componentItem name="tDBOutput_3" link="tDBOutput_3" type="tPostgresqlOutput" leftTopX="896" leftTopY="512" rightBottomX="928" rightBottomY="544"/>
      <componentItem name="tDBOutput_5" link="tDBOutput_5" type="tPostgresqlOutput" leftTopX="736" leftTopY="704" rightBottomX="768" rightBottomY="736"/>
      <componentItem name="tJava_1" link="tJava_1" type="tJava" leftTopX="32" leftTopY="224" rightBottomX="64" rightBottomY="256"/>
      <componentItem name="tJava_2" link="tJava_2" type="tJava" leftTopX="32" leftTopY="480" rightBottomX="64" rightBottomY="512"/>
      <componentItem name="tJava_3" link="tJava_3" type="tJava" leftTopX="928" leftTopY="704" rightBottomX="960" rightBottomY="736"/>
      <componentItem name="tJava_4" link="tJava_4" type="tJava" leftTopX="32" leftTopY="64" rightBottomX="64" rightBottomY="96"/>
      <componentItem name="tJava_5" link="tJava_5" type="tJava" leftTopX="1056" leftTopY="480" rightBottomX="1088" rightBottomY="512"/>
      <componentItem name="tMap_1" link="tMap_1" type="tMap" leftTopX="320" leftTopY="128" rightBottomX="352" rightBottomY="160"/>
      <componentItem name="tMap_2" link="tMap_2" type="tMap" leftTopX="384" leftTopY="480" rightBottomX="416" rightBottomY="512"/>
      <componentItem name="tMap_3" link="tMap_3" type="tMap" leftTopX="608" leftTopY="512" rightBottomX="640" rightBottomY="544"/>
      <componentItem name="tMap_5" link="tMap_5" type="tMap" leftTopX="512" leftTopY="192" rightBottomX="544" rightBottomY="224"/>
      <componentItem name="tMap_6" link="tMap_6" type="tMap" leftTopX="416" leftTopY="704" rightBottomX="448" rightBottomY="736"/>
    </componentList>
    <internalNodeComponents>
      <component icon="pictures/tDBInput_1.png" uniqueName="tDBInput_1" label="Facilities_filtered">
        <input>none</input>
        <output link="tMap_1">tMap_1</output>
        <output link="tJava_4">tJava_4</output>
        <componentType>tPostgresqlInput</componentType>
        <parameters>
          <column name="Database" value="tPostgresqlInput"/>
          <column name="Unique Name" value="tDBInput_1"/>
          <column name="Component Name" value="tPostgresqlInput"/>
          <column name="Version" value="0.102 (ALPHA)"/>
          <column name="Family" value="Databases/DB Specifics/PostgreSQL"/>
          <column name="Start" value="false"/>
          <column name="Startable" value="true"/>
          <column name="SUBTREE_START" value="false"/>
          <column name="END_OF_FLOW" value="false"/>
          <column name="Activate" value="true"/>
          <column name="DUMMY" value="false"/>
          <column name="tStatCatcher Statistics" value="false"/>
          <column name="Help" value="org.talend.help.tPostgresqlInput"/>
          <column name="Update components" value="true"/>
          <column name="IREPORT_PATH" value=""/>
          <column name="JAVA_LIBRARY_PATH" value="C:\Users\A\Documents\TOS_BD-20200219_1130-V7.3.1\configuration\lib\java"/>
          <column name="Subjob color" value=""/>
          <column name="Title color" value=""/>
          <column name="Property Type" value="repository: DB (POSTGRESQL):LAMISPlus"/>
          <column name="Use an existing connection" value="false"/>
          <column name="Component List" value=""/>
          <column name="DB Version" value="V9_X"/>
          <column name="Host" value="context.LAMISPlus_Server"/>
          <column name="Database Driver" value="POSTGRESQL"/>
          <column name="Port" value="context.LAMISPlus_Port"/>
          <column name="Database" value="context.LAMISPlus_Database"/>
          <column name="Schema" value="context.LAMISPlus_Schema"/>
          <column name="Username" value="context.LAMISPlus_Login"/>
          <column name="Password" value="context.LAMISPlus_Password"/>
          <column name="REPOSITORY_ALLOW_AUTO_SWITCH" value="true"/>
          <column name="Schema" value="Built-In"/>
          <column name="Table Name" value="&quot;&quot;"/>
          <column name="Query Type" value="Built-In"/>
          <column name="Guess Schema" value="&quot;&quot;"/>
          <column name="Query" value="&quot;SELECT iden.organisation_unit_id as id, ef.facility_name, ef.lga_name, ef.datim_id FROM etl_facility ef 
INNER JOIN base_organisation_unit_identifier iden ON iden.code = ef.datim_id&quot;"/>
          <column name="Specify a data source alias" value="false"/>
          <column name="Data source alias" value="&quot;&quot;"/>
          <column name="Mapping" value="postgres_id"/>
          <column name="Additional JDBC Parameters" value="context.LAMISPlus_AdditionalParams"/>
          <column name="Encoding" value="&quot;ISO-8859-15&quot;"/>
          <column name="Use fetch size" value="false"/>
          <column name="Fetch size" value="1000"/>
          <column name="Trim all the String/Char columns" value="false"/>
          <column name="Trim column" value="[{SCHEMA_COLUMN=id, TRIM=false}, {SCHEMA_COLUMN=facility_name, TRIM=false}, {SCHEMA_COLUMN=lga_name, TRIM=false}, {SCHEMA_COLUMN=datim_code, TRIM=false}]"/>
          <column name="Label format" value="Facilities_filtered"/>
          <column name="Hint format" value="&lt;b&gt;__UNIQUE_NAME__&lt;/b&gt;&lt;br&gt;__COMMENT__"/>
          <column name="Connection format" value="row"/>
          <column name="Show Information" value="false"/>
          <column name="Comment" value=""/>
          <column name="Use an existing validation rule" value="false"/>
          <column name="Validation Rule Type" value=""/>
        </parameters>
        <schemas>
          <schema name="tDBInput_1">
            <column name="id" key="false" type="long" length="19" precision="" nullable="false" comment=""/>
            <column name="facility_name" key="false" type="String" length="100" precision="" nullable="false" comment=""/>
            <column name="lga_name" key="false" type="String" length="45" precision="" nullable="false" comment=""/>
            <column name="datim_code" key="true" type="String" length="32" precision="" nullable="false" comment=""/>
          </schema>
        </schemas>
      </component>
      <component icon="pictures/tDBInput_10.png" uniqueName="tDBInput_10" label="Pharmacy_Extra">
        <input>none</input>
        <output link="tMap_5">tMap_5</output>
        <componentType>tPostgresqlInput</componentType>
        <parameters>
          <column name="Database" value="tPostgresqlInput"/>
          <column name="Unique Name" value="tDBInput_10"/>
          <column name="Component Name" value="tPostgresqlInput"/>
          <column name="Version" value="0.102 (ALPHA)"/>
          <column name="Family" value="Databases/DB Specifics/PostgreSQL"/>
          <column name="Start" value="false"/>
          <column name="Startable" value="true"/>
          <column name="SUBTREE_START" value="false"/>
          <column name="END_OF_FLOW" value="false"/>
          <column name="Activate" value="true"/>
          <column name="DUMMY" value="false"/>
          <column name="tStatCatcher Statistics" value="false"/>
          <column name="Help" value="org.talend.help.tPostgresqlInput"/>
          <column name="Update components" value="true"/>
          <column name="IREPORT_PATH" value=""/>
          <column name="JAVA_LIBRARY_PATH" value="C:\Users\A\Documents\TOS_BD-20200219_1130-V7.3.1\configuration\lib\java"/>
          <column name="Subjob color" value=""/>
          <column name="Title color" value=""/>
          <column name="Property Type" value="repository: DB (POSTGRESQL):LAMIS3"/>
          <column name="Use an existing connection" value="false"/>
          <column name="Component List" value=""/>
          <column name="DB Version" value="V9_X"/>
          <column name="Host" value="context.LAMIS3_Server"/>
          <column name="Database Driver" value="POSTGRESQL"/>
          <column name="Port" value="context.LAMIS3_Port"/>
          <column name="Database" value="context.LAMIS3_Database"/>
          <column name="Schema" value="context.LAMIS3_Schema"/>
          <column name="Username" value="context.LAMIS3_Login"/>
          <column name="Password" value="context.LAMIS3_Password"/>
          <column name="REPOSITORY_ALLOW_AUTO_SWITCH" value="true"/>
          <column name="Schema" value="Built-In"/>
          <column name="Table Name" value="&quot;&quot;"/>
          <column name="Query Type" value="Built-In"/>
          <column name="Guess Schema" value="&quot;&quot;"/>
          <column name="Query" value="&quot;SELECT pharm.id,pharm.person_uuid,
json_build_object('regimens',json_agg(json_build_object('duration',pharm.duration,'name',pharm.regimen_description,
						   'regimenName',pharm.regimen_description, 'dispense', pharm.duration,
							'freqency', '',
							'prescribed', '',
							'dosage', ''))) as extra
FROM (SELECT DISTINCT result.id, result.patient_id, 
result.duration::INTEGER, r.description as regimen_description, r.composition as regimen_compostion,
rt.description as regimen_type_description,p.uuid as person_uuid
FROM (SELECT DISTINCT pharmacy.id, pharmacy.date_visit,pharmacy.patient_id,
pharmacy_object -&gt;&gt; 'morning' as morning, pharmacy_object -&gt;&gt; 'duration'::VARCHAR as duration, 
pharmacy_object -&gt;&gt; 'afternoon'::VARCHAR as afternoon, 
pharmacy_object -&gt;&gt;'regimen_id'::VARCHAR as regimen_id, 
pharmacy_object -&gt;&gt;'regimen_drug_id'::VARCHAR as regimen_drug_id, 
pharmacy_object -&gt;&gt;'regimen_type_id' ::VARCHAR as regimen_type_id FROM pharmacy,
jsonb_array_elements(lines) with ordinality p(pharmacy_object)) as result
INNER JOIN regimen r ON result.regimen_id::bigint=r.id
INNER JOIN regimen_drug rd ON result.regimen_drug_id::bigint = rd.id
INNER JOIN regimen_type rt ON result.regimen_type_id::bigint = rt.id
INNER JOIN patient p ON p.id = result.patient_id
WHERE p.extra-&gt;&gt;'art'='true'
ORDER BY result.id ASC) pharm GROUP BY id, person_uuid&quot;"/>
          <column name="Specify a data source alias" value="false"/>
          <column name="Data source alias" value="&quot;&quot;"/>
          <column name="Mapping" value="postgres_id"/>
          <column name="Additional JDBC Parameters" value="context.LAMIS3_AdditionalParams"/>
          <column name="Encoding" value="&quot;ISO-8859-15&quot;"/>
          <column name="Use fetch size" value="false"/>
          <column name="Fetch size" value="1000"/>
          <column name="Trim all the String/Char columns" value="false"/>
          <column name="Trim column" value="[{SCHEMA_COLUMN=id, TRIM=false}, {SCHEMA_COLUMN=person_uuid, TRIM=false}, {SCHEMA_COLUMN=extra, TRIM=false}]"/>
          <column name="Label format" value="Pharmacy_Extra"/>
          <column name="Hint format" value="&lt;b&gt;__UNIQUE_NAME__&lt;/b&gt;&lt;br&gt;__COMMENT__"/>
          <column name="Connection format" value="row"/>
          <column name="Show Information" value="false"/>
          <column name="Comment" value=""/>
          <column name="Use an existing validation rule" value="false"/>
          <column name="Validation Rule Type" value=""/>
        </parameters>
        <schemas>
          <schema name="tDBInput_10">
            <column name="id" key="true" type="int" length="19" precision="" nullable="false" comment=""/>
            <column name="person_uuid" key="false" type="String" length="36" precision="" nullable="true" comment=""/>
            <column name="extra" key="false" type="String" length="2147483647" precision="" nullable="true" comment=""/>
          </schema>
        </schemas>
      </component>
      <component icon="pictures/tDBInput_2.png" uniqueName="tDBInput_2" label="HIV_art_pharmacy">
        <input>none</input>
        <output link="tMap_1">tMap_1</output>
        <output link="tDBInput_4">tDBInput_4</output>
        <output link="tJava_1">tJava_1</output>
        <componentType>tPostgresqlInput</componentType>
        <parameters>
          <column name="Database" value="tPostgresqlInput"/>
          <column name="Unique Name" value="tDBInput_2"/>
          <column name="Component Name" value="tPostgresqlInput"/>
          <column name="Version" value="0.102 (ALPHA)"/>
          <column name="Family" value="Databases/DB Specifics/PostgreSQL"/>
          <column name="Start" value="true"/>
          <column name="Startable" value="true"/>
          <column name="SUBTREE_START" value="true"/>
          <column name="END_OF_FLOW" value="false"/>
          <column name="Activate" value="true"/>
          <column name="DUMMY" value="false"/>
          <column name="tStatCatcher Statistics" value="false"/>
          <column name="Help" value="org.talend.help.tPostgresqlInput"/>
          <column name="Update components" value="true"/>
          <column name="IREPORT_PATH" value=""/>
          <column name="JAVA_LIBRARY_PATH" value="C:\Users\A\Documents\TOS_BD-20200219_1130-V7.3.1\configuration\lib\java"/>
          <column name="Subjob color" value=""/>
          <column name="Title color" value=""/>
          <column name="Property Type" value="repository: DB (POSTGRESQL):LAMIS3"/>
          <column name="Use an existing connection" value="false"/>
          <column name="Component List" value=""/>
          <column name="DB Version" value="V9_X"/>
          <column name="Host" value="context.LAMIS3_Server"/>
          <column name="Database Driver" value="POSTGRESQL"/>
          <column name="Port" value="context.LAMIS3_Port"/>
          <column name="Database" value="context.LAMIS3_Database"/>
          <column name="Schema" value="context.LAMIS3_Schema"/>
          <column name="Username" value="context.LAMIS3_Login"/>
          <column name="Password" value="context.LAMIS3_Password"/>
          <column name="REPOSITORY_ALLOW_AUTO_SWITCH" value="true"/>
          <column name="Schema" value="Built-In"/>
          <column name="Table Name" value="&quot;&quot;"/>
          <column name="Query Type" value="Built-In"/>
          <column name="Guess Schema" value="&quot;&quot;"/>
          <column name="Query" value="&quot;SELECT phar.id, phar.last_modified, phar.next_appointment, phar.date_visit, 
        phar.adr_screened, phar.adherence, phar.adverse_drug_reactions, 
        phar.mmd_type, phar.prescription_error,phar.archived::integer, 
        phar.extra, p.uuid as person_uuid, ''::VARCHAR as uuid, 
        nf.datim_id,
		(CASE
			WHEN phar.extra -&gt;'ipt'-&gt;&gt;'type' is null 
		 AND phar.extra -&gt;'ipt'-&gt;&gt;'dateCompleted' is null THEN null
			ELSE
			json_build_object('type', phar.extra-&gt;'ipt'-&gt;&gt;'type',
		'dateCompleted',phar.extra-&gt;'ipt'-&gt;&gt;'dateCompleted')
		  END) ipt
    FROM pharmacy as phar
    INNER JOIN patient p 
    ON p.id=phar.patient_id
    INNER JOIN ndr_facility nf
    ON nf.id=phar.facility_id
WHERE p.extra-&gt;&gt;'art'='true'
ORDER BY id ASC&quot;"/>
          <column name="Specify a data source alias" value="false"/>
          <column name="Data source alias" value="&quot;&quot;"/>
          <column name="Mapping" value="postgres_id"/>
          <column name="Additional JDBC Parameters" value="context.LAMIS3_AdditionalParams"/>
          <column name="Encoding" value="&quot;ISO-8859-15&quot;"/>
          <column name="Use fetch size" value="false"/>
          <column name="Fetch size" value="1000"/>
          <column name="Trim all the String/Char columns" value="false"/>
          <column name="Trim column" value="[{SCHEMA_COLUMN=id, TRIM=false}, {SCHEMA_COLUMN=last_modified, TRIM=false}, {SCHEMA_COLUMN=next_appointment, TRIM=false}, {SCHEMA_COLUMN=date_visit, TRIM=false}, {SCHEMA_COLUMN=adr_screened, TRIM=false}, {SCHEMA_COLUMN=adherence, TRIM=false}, {SCHEMA_COLUMN=adverse_drug_reactions, TRIM=false}, {SCHEMA_COLUMN=mmd_type, TRIM=false}, {SCHEMA_COLUMN=prescription_error, TRIM=false}, {SCHEMA_COLUMN=archived, TRIM=false}, {SCHEMA_COLUMN=extra, TRIM=false}, {SCHEMA_COLUMN=person_uuid, TRIM=false}, {SCHEMA_COLUMN=uuid, TRIM=false}, {SCHEMA_COLUMN=datim_id, TRIM=false}, {SCHEMA_COLUMN=ipt, TRIM=false}]"/>
          <column name="Label format" value="HIV_art_pharmacy"/>
          <column name="Hint format" value="&lt;b&gt;__UNIQUE_NAME__&lt;/b&gt;&lt;br&gt;__COMMENT__"/>
          <column name="Connection format" value="row"/>
          <column name="Show Information" value="false"/>
          <column name="Comment" value=""/>
          <column name="Use an existing validation rule" value="false"/>
          <column name="Validation Rule Type" value=""/>
        </parameters>
        <schemas>
          <schema name="tDBInput_2">
            <column name="id" key="true" type="int" length="19" precision="" nullable="false" comment=""/>
            <column name="last_modified" key="false" type="java.util.Date" length="29" precision="6" nullable="false" comment=""/>
            <column name="next_appointment" key="false" type="java.util.Date" length="13" precision="" nullable="true" comment=""/>
            <column name="date_visit" key="false" type="java.util.Date" length="13" precision="" nullable="false" comment=""/>
            <column name="adr_screened" key="false" type="Boolean" length="1" precision="" nullable="true" comment=""/>
            <column name="adherence" key="false" type="Boolean" length="1" precision="" nullable="true" comment=""/>
            <column name="adverse_drug_reactions" key="false" type="String" length="500" precision="" nullable="true" comment=""/>
            <column name="mmd_type" key="false" type="String" length="45" precision="" nullable="true" comment=""/>
            <column name="prescription_error" key="false" type="Boolean" length="1" precision="" nullable="true" comment=""/>
            <column name="archived" key="false" type="int" length="10" precision="" nullable="false" comment=""/>
            <column name="extra" key="false" type="String" length="500" precision="" nullable="true" comment=""/>
            <column name="person_uuid" key="false" type="String" length="36" precision="" nullable="false" comment=""/>
            <column name="uuid" key="false" type="String" length="500" precision="" nullable="true" comment=""/>
            <column name="datim_id" key="false" type="String" length="32" precision="" nullable="false" comment=""/>
            <column name="ipt" key="false" type="String" length="500" precision="" nullable="true" comment=""/>
          </schema>
        </schemas>
      </component>
      <component icon="pictures/tDBInput_3.png" uniqueName="tDBInput_3" label="Pharm_Regimen">
        <input>none</input>
        <output link="tMap_2">tMap_2</output>
        <componentType>tPostgresqlInput</componentType>
        <parameters>
          <column name="Database" value="tPostgresqlInput"/>
          <column name="Unique Name" value="tDBInput_3"/>
          <column name="Component Name" value="tPostgresqlInput"/>
          <column name="Version" value="0.102 (ALPHA)"/>
          <column name="Family" value="Databases/DB Specifics/PostgreSQL"/>
          <column name="Start" value="false"/>
          <column name="Startable" value="true"/>
          <column name="SUBTREE_START" value="false"/>
          <column name="END_OF_FLOW" value="false"/>
          <column name="Activate" value="true"/>
          <column name="DUMMY" value="false"/>
          <column name="tStatCatcher Statistics" value="false"/>
          <column name="Help" value="org.talend.help.tPostgresqlInput"/>
          <column name="Update components" value="true"/>
          <column name="IREPORT_PATH" value=""/>
          <column name="JAVA_LIBRARY_PATH" value="C:\Users\A\Documents\TOS_BD-20200219_1130-V7.3.1\configuration\lib\java"/>
          <column name="Subjob color" value=""/>
          <column name="Title color" value=""/>
          <column name="Property Type" value="repository: DB (POSTGRESQL):LAMISPlus"/>
          <column name="Use an existing connection" value="false"/>
          <column name="Component List" value=""/>
          <column name="DB Version" value="V9_X"/>
          <column name="Host" value="context.LAMISPlus_Server"/>
          <column name="Database Driver" value="POSTGRESQL"/>
          <column name="Port" value="context.LAMISPlus_Port"/>
          <column name="Database" value="context.LAMISPlus_Database"/>
          <column name="Schema" value="context.LAMISPlus_Schema"/>
          <column name="Username" value="context.LAMISPlus_Login"/>
          <column name="Password" value="context.LAMISPlus_Password"/>
          <column name="REPOSITORY_ALLOW_AUTO_SWITCH" value="true"/>
          <column name="Schema" value="Built-In"/>
          <column name="Table Name" value="&quot;&quot;"/>
          <column name="Query Type" value="Built-In"/>
          <column name="Guess Schema" value="&quot;&quot;"/>
          <column name="Query" value="&quot;SELECT id, description, regimen_type_id FROM hiv_regimen&quot;"/>
          <column name="Specify a data source alias" value="false"/>
          <column name="Data source alias" value="&quot;&quot;"/>
          <column name="Mapping" value="postgres_id"/>
          <column name="Additional JDBC Parameters" value="context.LAMISPlus_AdditionalParams"/>
          <column name="Encoding" value="&quot;ISO-8859-15&quot;"/>
          <column name="Use fetch size" value="false"/>
          <column name="Fetch size" value="1000"/>
          <column name="Trim all the String/Char columns" value="false"/>
          <column name="Trim column" value="[{SCHEMA_COLUMN=id, TRIM=false}, {SCHEMA_COLUMN=description, TRIM=false}, {SCHEMA_COLUMN=regimen_type_id, TRIM=false}]"/>
          <column name="Label format" value="Pharm_Regimen"/>
          <column name="Hint format" value="&lt;b&gt;__UNIQUE_NAME__&lt;/b&gt;&lt;br&gt;__COMMENT__"/>
          <column name="Connection format" value="row"/>
          <column name="Show Information" value="false"/>
          <column name="Comment" value=""/>
          <column name="Use an existing validation rule" value="false"/>
          <column name="Validation Rule Type" value=""/>
        </parameters>
        <schemas>
          <schema name="tDBInput_3">
            <column name="id" key="true" type="long" length="19" precision="" nullable="false" comment=""/>
            <column name="description" key="false" type="String" length="100" precision="" nullable="false" comment=""/>
            <column name="regimen_type_id" key="false" type="long" length="19" precision="" nullable="false" comment=""/>
          </schema>
        </schemas>
      </component>
      <component icon="pictures/tDBInput_4.png" uniqueName="tDBInput_4" label="Pharmacy_Lines">
        <input link="tDBInput_2">tDBInput_2</input>
        <output link="tMap_2">tMap_2</output>
        <output link="tJava_2">tJava_2</output>
        <output link="tDBInput_7">tDBInput_7</output>
        <componentType>tPostgresqlInput</componentType>
        <parameters>
          <column name="Database" value="tPostgresqlInput"/>
          <column name="Unique Name" value="tDBInput_4"/>
          <column name="Component Name" value="tPostgresqlInput"/>
          <column name="Version" value="0.102 (ALPHA)"/>
          <column name="Family" value="Databases/DB Specifics/PostgreSQL"/>
          <column name="Start" value="false"/>
          <column name="Startable" value="true"/>
          <column name="SUBTREE_START" value="true"/>
          <column name="END_OF_FLOW" value="false"/>
          <column name="Activate" value="true"/>
          <column name="DUMMY" value="false"/>
          <column name="tStatCatcher Statistics" value="false"/>
          <column name="Help" value="org.talend.help.tPostgresqlInput"/>
          <column name="Update components" value="true"/>
          <column name="IREPORT_PATH" value=""/>
          <column name="JAVA_LIBRARY_PATH" value="C:\Users\A\Documents\TOS_BD-20200219_1130-V7.3.1\configuration\lib\java"/>
          <column name="Subjob color" value=""/>
          <column name="Title color" value=""/>
          <column name="Property Type" value="repository: DB (POSTGRESQL):LAMIS3"/>
          <column name="Use an existing connection" value="false"/>
          <column name="Component List" value=""/>
          <column name="DB Version" value="V9_X"/>
          <column name="Host" value="context.LAMIS3_Server"/>
          <column name="Database Driver" value="POSTGRESQL"/>
          <column name="Port" value="context.LAMIS3_Port"/>
          <column name="Database" value="context.LAMIS3_Database"/>
          <column name="Schema" value="context.LAMIS3_Schema"/>
          <column name="Username" value="context.LAMIS3_Login"/>
          <column name="Password" value="context.LAMIS3_Password"/>
          <column name="REPOSITORY_ALLOW_AUTO_SWITCH" value="true"/>
          <column name="Schema" value="Built-In"/>
          <column name="Table Name" value="&quot;&quot;"/>
          <column name="Query Type" value="Built-In"/>
          <column name="Guess Schema" value="&quot;&quot;"/>
          <column name="Query" value="&quot;SELECT DISTINCT result.id, result.date_visit, result.patient_id, 
result.duration::INTEGER, result.regimen_id::BIGINT,
result.regimen_type_id::BIGINT,r.description as regimen_description, r.composition as regimen_compostion,
rt.description as regimen_type_description,p.uuid as person_uuid,date_visit as visit_date
FROM (SELECT DISTINCT pharmacy.id, pharmacy.date_visit,pharmacy.patient_id,
pharmacy_object -&gt;&gt; 'duration'::VARCHAR as duration, 
pharmacy_object -&gt;&gt;'regimen_id'::VARCHAR as regimen_id,  
pharmacy_object -&gt;&gt;'regimen_type_id' ::VARCHAR as regimen_type_id FROM pharmacy,
jsonb_array_elements(lines) with ordinality p(pharmacy_object)) as result
INNER JOIN regimen r ON result.regimen_id::bigint=r.id
INNER JOIN regimen_type rt ON result.regimen_type_id::bigint = rt.id
INNER JOIN patient p ON p.id = result.patient_id
WHERE p.extra-&gt;&gt;'art'='true'&quot;"/>
          <column name="Specify a data source alias" value="false"/>
          <column name="Data source alias" value="&quot;&quot;"/>
          <column name="Mapping" value="postgres_id"/>
          <column name="Additional JDBC Parameters" value="context.LAMIS3_AdditionalParams"/>
          <column name="Encoding" value="&quot;ISO-8859-15&quot;"/>
          <column name="Use fetch size" value="false"/>
          <column name="Fetch size" value="1000"/>
          <column name="Trim all the String/Char columns" value="false"/>
          <column name="Trim column" value="[{SCHEMA_COLUMN=id, TRIM=false}, {SCHEMA_COLUMN=date_visit, TRIM=false}, {SCHEMA_COLUMN=patient_id, TRIM=false}, {SCHEMA_COLUMN=duration, TRIM=false}, {SCHEMA_COLUMN=regimen_id, TRIM=false}, {SCHEMA_COLUMN=regimen_type_id, TRIM=false}, {SCHEMA_COLUMN=regimen_description, TRIM=false}, {SCHEMA_COLUMN=regimen_compostion, TRIM=false}, {SCHEMA_COLUMN=regimen_type_description, TRIM=false}, {SCHEMA_COLUMN=person_uuid, TRIM=false}, {SCHEMA_COLUMN=visit_date, TRIM=false}]"/>
          <column name="Label format" value="Pharmacy_Lines"/>
          <column name="Hint format" value="&lt;b&gt;__UNIQUE_NAME__&lt;/b&gt;&lt;br&gt;__COMMENT__"/>
          <column name="Connection format" value="row"/>
          <column name="Show Information" value="false"/>
          <column name="Comment" value=""/>
          <column name="Use an existing validation rule" value="false"/>
          <column name="Validation Rule Type" value=""/>
        </parameters>
        <schemas>
          <schema name="tDBInput_4">
            <column name="id" key="true" type="int" length="19" precision="" nullable="false" comment=""/>
            <column name="date_visit" key="false" type="java.util.Date" length="13" precision="" nullable="false" comment=""/>
            <column name="patient_id" key="false" type="long" length="19" precision="" nullable="false" comment=""/>
            <column name="duration" key="false" type="Integer" length="50" precision="" nullable="true" comment=""/>
            <column name="regimen_id" key="false" type="String" length="19" precision="" nullable="true" comment=""/>
            <column name="regimen_type_id" key="false" type="String" length="19" precision="" nullable="true" comment=""/>
            <column name="regimen_description" key="false" type="String" length="100" precision="" nullable="false" comment=""/>
            <column name="regimen_compostion" key="false" type="String" length="100" precision="" nullable="true" comment=""/>
            <column name="regimen_type_description" key="false" type="String" length="100" precision="" nullable="false" comment=""/>
            <column name="person_uuid" key="false" type="String" length="36" precision="" nullable="true" comment=""/>
            <column name="visit_date" key="false" type="java.util.Date" length="13" precision="" nullable="false" comment=""/>
          </schema>
        </schemas>
      </component>
      <component icon="pictures/tDBInput_5.png" uniqueName="tDBInput_5" label="HIV_Pharmacy">
        <input>none</input>
        <output link="tMap_3">tMap_3</output>
        <componentType>tPostgresqlInput</componentType>
        <parameters>
          <column name="Database" value="tPostgresqlInput"/>
          <column name="Unique Name" value="tDBInput_5"/>
          <column name="Component Name" value="tPostgresqlInput"/>
          <column name="Version" value="0.102 (ALPHA)"/>
          <column name="Family" value="Databases/DB Specifics/PostgreSQL"/>
          <column name="Start" value="false"/>
          <column name="Startable" value="true"/>
          <column name="SUBTREE_START" value="false"/>
          <column name="END_OF_FLOW" value="false"/>
          <column name="Activate" value="true"/>
          <column name="DUMMY" value="false"/>
          <column name="tStatCatcher Statistics" value="false"/>
          <column name="Help" value="org.talend.help.tPostgresqlInput"/>
          <column name="Update components" value="true"/>
          <column name="IREPORT_PATH" value=""/>
          <column name="JAVA_LIBRARY_PATH" value="C:\Users\A\Documents\TOS_BD-20200219_1130-V7.3.1\configuration\lib\java"/>
          <column name="Subjob color" value=""/>
          <column name="Title color" value=""/>
          <column name="Property Type" value="repository: DB (POSTGRESQL):LAMISPlus"/>
          <column name="Use an existing connection" value="false"/>
          <column name="Component List" value=""/>
          <column name="DB Version" value="V9_X"/>
          <column name="Host" value="context.LAMISPlus_Server"/>
          <column name="Database Driver" value="POSTGRESQL"/>
          <column name="Port" value="context.LAMISPlus_Port"/>
          <column name="Database" value="context.LAMISPlus_Database"/>
          <column name="Schema" value="context.LAMISPlus_Schema"/>
          <column name="Username" value="context.LAMISPlus_Login"/>
          <column name="Password" value="context.LAMISPlus_Password"/>
          <column name="REPOSITORY_ALLOW_AUTO_SWITCH" value="true"/>
          <column name="Schema" value="Built-In"/>
          <column name="Table Name" value="&quot;&quot;"/>
          <column name="Query Type" value="Built-In"/>
          <column name="Guess Schema" value="&quot;&quot;"/>
          <column name="Query" value="&quot;SELECT id as art_pharmacy_id, person_uuid, visit_date FROM hiv_art_pharmacy&quot;"/>
          <column name="Specify a data source alias" value="false"/>
          <column name="Data source alias" value="&quot;&quot;"/>
          <column name="Mapping" value="postgres_id"/>
          <column name="Additional JDBC Parameters" value="context.LAMISPlus_AdditionalParams"/>
          <column name="Encoding" value="&quot;ISO-8859-15&quot;"/>
          <column name="Use fetch size" value="false"/>
          <column name="Fetch size" value="1000"/>
          <column name="Trim all the String/Char columns" value="false"/>
          <column name="Trim column" value="[{SCHEMA_COLUMN=art_pharmacy_id, TRIM=false}, {SCHEMA_COLUMN=person_uuid, TRIM=false}, {SCHEMA_COLUMN=visit_date, TRIM=false}]"/>
          <column name="Label format" value="HIV_Pharmacy"/>
          <column name="Hint format" value="&lt;b&gt;__UNIQUE_NAME__&lt;/b&gt;&lt;br&gt;__COMMENT__"/>
          <column name="Connection format" value="row"/>
          <column name="Show Information" value="false"/>
          <column name="Comment" value=""/>
          <column name="Use an existing validation rule" value="false"/>
          <column name="Validation Rule Type" value=""/>
        </parameters>
        <schemas>
          <schema name="tDBInput_5">
            <column name="art_pharmacy_id" key="false" type="long" length="19" precision="" nullable="false" comment=""/>
            <column name="person_uuid" key="false" type="String" length="255" precision="" nullable="true" comment=""/>
            <column name="visit_date" key="false" type="java.util.Date" length="13" precision="" nullable="false" comment=""/>
          </schema>
        </schemas>
      </component>
      <component icon="pictures/tDBInput_7.png" uniqueName="tDBInput_7" label="Sequence_Update">
        <input link="tDBInput_4">tDBInput_4</input>
        <input link="tDBInput_3">tDBInput_3</input>
        <output link="tMap_6">tMap_6</output>
        <componentType>tPostgresqlInput</componentType>
        <parameters>
          <column name="Database" value="tPostgresqlInput"/>
          <column name="Unique Name" value="tDBInput_7"/>
          <column name="Component Name" value="tPostgresqlInput"/>
          <column name="Version" value="0.102 (ALPHA)"/>
          <column name="Family" value="Databases/DB Specifics/PostgreSQL"/>
          <column name="Start" value="false"/>
          <column name="Startable" value="true"/>
          <column name="SUBTREE_START" value="true"/>
          <column name="END_OF_FLOW" value="false"/>
          <column name="Activate" value="true"/>
          <column name="DUMMY" value="false"/>
          <column name="tStatCatcher Statistics" value="false"/>
          <column name="Help" value="org.talend.help.tPostgresqlInput"/>
          <column name="Update components" value="true"/>
          <column name="IREPORT_PATH" value=""/>
          <column name="JAVA_LIBRARY_PATH" value="C:\Users\A\Documents\TOS_BD-20200219_1130-V7.3.1\configuration\lib\java"/>
          <column name="Subjob color" value=""/>
          <column name="Title color" value=""/>
          <column name="Property Type" value="repository: DB (POSTGRESQL):LAMISPlus"/>
          <column name="Use an existing connection" value="false"/>
          <column name="Component List" value=""/>
          <column name="DB Version" value="V9_X"/>
          <column name="Host" value="context.LAMISPlus_Server"/>
          <column name="Database Driver" value="POSTGRESQL"/>
          <column name="Port" value="context.LAMISPlus_Port"/>
          <column name="Database" value="context.LAMISPlus_Database"/>
          <column name="Schema" value="context.LAMISPlus_Schema"/>
          <column name="Username" value="context.LAMISPlus_Login"/>
          <column name="Password" value="context.LAMISPlus_Password"/>
          <column name="REPOSITORY_ALLOW_AUTO_SWITCH" value="true"/>
          <column name="Schema" value="Built-In"/>
          <column name="Table Name" value="&quot;&quot;"/>
          <column name="Query Type" value="Built-In"/>
          <column name="Guess Schema" value="&quot;&quot;"/>
          <column name="Query" value="&quot;SELECT pg_catalog.setval('hiv_art_pharmacy_id_seq', (SELECT MAX(id) FROM hiv_art_pharmacy), true);&quot;"/>
          <column name="Specify a data source alias" value="false"/>
          <column name="Data source alias" value="&quot;&quot;"/>
          <column name="Mapping" value="postgres_id"/>
          <column name="Additional JDBC Parameters" value="context.LAMISPlus_AdditionalParams"/>
          <column name="Encoding" value="&quot;ISO-8859-15&quot;"/>
          <column name="Use fetch size" value="false"/>
          <column name="Fetch size" value="1000"/>
          <column name="Trim all the String/Char columns" value="false"/>
          <column name="Trim column" value="[{SCHEMA_COLUMN=sequence_count, TRIM=false}]"/>
          <column name="Label format" value="Sequence_Update"/>
          <column name="Hint format" value="&lt;b&gt;__UNIQUE_NAME__&lt;/b&gt;&lt;br&gt;__COMMENT__"/>
          <column name="Connection format" value="row"/>
          <column name="Show Information" value="false"/>
          <column name="Comment" value=""/>
          <column name="Use an existing validation rule" value="false"/>
          <column name="Validation Rule Type" value=""/>
        </parameters>
        <schemas>
          <schema name="tDBInput_7">
            <column name="sequence_count" key="false" type="Long" length="19" precision="" nullable="true" comment=""/>
          </schema>
        </schemas>
      </component>
      <component icon="pictures/tDBInput_8.png" uniqueName="tDBInput_8" label="patient_visit">
        <input>none</input>
        <output link="tMap_5">tMap_5</output>
        <componentType>tPostgresqlInput</componentType>
        <parameters>
          <column name="Database" value="tPostgresqlInput"/>
          <column name="Unique Name" value="tDBInput_8"/>
          <column name="Component Name" value="tPostgresqlInput"/>
          <column name="Version" value="0.102 (ALPHA)"/>
          <column name="Family" value="Databases/DB Specifics/PostgreSQL"/>
          <column name="Start" value="false"/>
          <column name="Startable" value="true"/>
          <column name="SUBTREE_START" value="false"/>
          <column name="END_OF_FLOW" value="false"/>
          <column name="Activate" value="true"/>
          <column name="DUMMY" value="false"/>
          <column name="tStatCatcher Statistics" value="false"/>
          <column name="Help" value="org.talend.help.tPostgresqlInput"/>
          <column name="Update components" value="true"/>
          <column name="IREPORT_PATH" value=""/>
          <column name="JAVA_LIBRARY_PATH" value="C:\Users\A\Documents\TOS_BD-20200219_1130-V7.3.1\configuration\lib\java"/>
          <column name="Subjob color" value=""/>
          <column name="Title color" value=""/>
          <column name="Property Type" value="repository: DB (POSTGRESQL):LAMISPlus"/>
          <column name="Use an existing connection" value="false"/>
          <column name="Component List" value=""/>
          <column name="DB Version" value="V9_X"/>
          <column name="Host" value="context.LAMISPlus_Server"/>
          <column name="Database Driver" value="POSTGRESQL"/>
          <column name="Port" value="context.LAMISPlus_Port"/>
          <column name="Database" value="context.LAMISPlus_Database"/>
          <column name="Schema" value="context.LAMISPlus_Schema"/>
          <column name="Username" value="context.LAMISPlus_Login"/>
          <column name="Password" value="context.LAMISPlus_Password"/>
          <column name="REPOSITORY_ALLOW_AUTO_SWITCH" value="true"/>
          <column name="Schema" value="Built-In"/>
          <column name="Table Name" value="&quot;&quot;"/>
          <column name="Query Type" value="Built-In"/>
          <column name="Guess Schema" value="&quot;&quot;"/>
          <column name="Query" value="&quot;SELECT person_uuid, visit_start_date, uuid FROM patient_visit&quot;"/>
          <column name="Specify a data source alias" value="false"/>
          <column name="Data source alias" value="&quot;&quot;"/>
          <column name="Mapping" value="postgres_id"/>
          <column name="Additional JDBC Parameters" value="context.LAMISPlus_AdditionalParams"/>
          <column name="Encoding" value="&quot;ISO-8859-15&quot;"/>
          <column name="Use fetch size" value="false"/>
          <column name="Fetch size" value="1000"/>
          <column name="Trim all the String/Char columns" value="false"/>
          <column name="Trim column" value="[{SCHEMA_COLUMN=person_uuid, TRIM=false}, {SCHEMA_COLUMN=visit_start_date, TRIM=false}, {SCHEMA_COLUMN=uuid, TRIM=false}]"/>
          <column name="Label format" value="patient_visit"/>
          <column name="Hint format" value="&lt;b&gt;__UNIQUE_NAME__&lt;/b&gt;&lt;br&gt;__COMMENT__"/>
          <column name="Connection format" value="row"/>
          <column name="Show Information" value="false"/>
          <column name="Comment" value=""/>
          <column name="Use an existing validation rule" value="false"/>
          <column name="Validation Rule Type" value=""/>
        </parameters>
        <schemas>
          <schema name="tDBInput_8">
            <column name="person_uuid" key="false" type="String" length="255" precision="" nullable="false" comment=""/>
            <column name="visit_start_date" key="false" type="java.util.Date" length="29" precision="6" nullable="true" comment=""/>
            <column name="uuid" key="true" type="String" length="255" precision="" nullable="false" comment=""/>
          </schema>
        </schemas>
      </component>
      <component icon="pictures/tDBInput_9.png" uniqueName="tDBInput_9" label="Pharmacy_Refill_Period">
        <input>none</input>
        <output link="tMap_1">tMap_1</output>
        <componentType>tPostgresqlInput</componentType>
        <parameters>
          <column name="Database" value="tPostgresqlInput"/>
          <column name="Unique Name" value="tDBInput_9"/>
          <column name="Component Name" value="tPostgresqlInput"/>
          <column name="Version" value="0.102 (ALPHA)"/>
          <column name="Family" value="Databases/DB Specifics/PostgreSQL"/>
          <column name="Start" value="false"/>
          <column name="Startable" value="true"/>
          <column name="SUBTREE_START" value="false"/>
          <column name="END_OF_FLOW" value="false"/>
          <column name="Activate" value="true"/>
          <column name="DUMMY" value="false"/>
          <column name="tStatCatcher Statistics" value="false"/>
          <column name="Help" value="org.talend.help.tPostgresqlInput"/>
          <column name="Update components" value="true"/>
          <column name="IREPORT_PATH" value=""/>
          <column name="JAVA_LIBRARY_PATH" value="C:\Users\A\Documents\TOS_BD-20200219_1130-V7.3.1\configuration\lib\java"/>
          <column name="Subjob color" value=""/>
          <column name="Title color" value=""/>
          <column name="Property Type" value="repository: DB (POSTGRESQL):LAMIS3"/>
          <column name="Use an existing connection" value="false"/>
          <column name="Component List" value=""/>
          <column name="DB Version" value="V9_X"/>
          <column name="Host" value="context.LAMIS3_Server"/>
          <column name="Database Driver" value="POSTGRESQL"/>
          <column name="Port" value="context.LAMIS3_Port"/>
          <column name="Database" value="context.LAMIS3_Database"/>
          <column name="Schema" value="context.LAMIS3_Schema"/>
          <column name="Username" value="context.LAMIS3_Login"/>
          <column name="Password" value="context.LAMIS3_Password"/>
          <column name="REPOSITORY_ALLOW_AUTO_SWITCH" value="true"/>
          <column name="Schema" value="Built-In"/>
          <column name="Table Name" value="&quot;&quot;"/>
          <column name="Query Type" value="Built-In"/>
          <column name="Guess Schema" value="&quot;&quot;"/>
          <column name="Query" value="&quot;SELECT DISTINCT id, arr.line-&gt;&gt;'duration'::VARCHAR as refill_period
FROM pharmacy,
jsonb_array_elements(lines) with ordinality arr(line, position) 
WHERE arr.line-&gt;&gt;'regimen_type_id'::VARCHAR IN ('1','2','3','4','14')&quot;"/>
          <column name="Specify a data source alias" value="false"/>
          <column name="Data source alias" value="&quot;&quot;"/>
          <column name="Mapping" value="postgres_id"/>
          <column name="Additional JDBC Parameters" value="context.LAMIS3_AdditionalParams"/>
          <column name="Encoding" value="&quot;ISO-8859-15&quot;"/>
          <column name="Use fetch size" value="false"/>
          <column name="Fetch size" value="1000"/>
          <column name="Trim all the String/Char columns" value="false"/>
          <column name="Trim column" value="[{SCHEMA_COLUMN=id, TRIM=false}, {SCHEMA_COLUMN=refill_period, TRIM=false}]"/>
          <column name="Label format" value="Pharmacy_Refill_Period"/>
          <column name="Hint format" value="&lt;b&gt;__UNIQUE_NAME__&lt;/b&gt;&lt;br&gt;__COMMENT__"/>
          <column name="Connection format" value="row"/>
          <column name="Show Information" value="false"/>
          <column name="Comment" value=""/>
          <column name="Use an existing validation rule" value="false"/>
          <column name="Validation Rule Type" value=""/>
        </parameters>
        <schemas>
          <schema name="tDBInput_9">
            <column name="id" key="false" type="int" length="19" precision="" nullable="false" comment=""/>
            <column name="refill_period" key="false" type="String" length="2147483647" precision="" nullable="true" comment=""/>
          </schema>
        </schemas>
      </component>
      <component icon="pictures/tDBOutput_1.png" uniqueName="tDBOutput_1" label="HIV_pharmacy_Lamisplus">
        <input link="tMap_5">tMap_5</input>
        <input link="tDBInput_8">tDBInput_8</input>
        <input link="tDBInput_9">tDBInput_9</input>
        <input link="tDBInput_10">tDBInput_10</input>
        <output>none</output>
        <componentType>tPostgresqlOutput</componentType>
        <parameters>
          <column name="Database" value="tPostgresqlOutput"/>
          <column name="Unique Name" value="tDBOutput_1"/>
          <column name="Component Name" value="tPostgresqlOutput"/>
          <column name="Version" value="0.102 (ALPHA)"/>
          <column name="Family" value="Databases/DB Specifics/PostgreSQL"/>
          <column name="Startable" value="false"/>
          <column name="SUBTREE_START" value="false"/>
          <column name="END_OF_FLOW" value="true"/>
          <column name="Activate" value="true"/>
          <column name="DUMMY" value="false"/>
          <column name="tStatCatcher Statistics" value="false"/>
          <column name="Help" value="org.talend.help.tPostgresqlOutput"/>
          <column name="Update components" value="true"/>
          <column name="IREPORT_PATH" value=""/>
          <column name="JAVA_LIBRARY_PATH" value="C:\Users\A\Documents\TOS_BD-20200219_1130-V7.3.1\configuration\lib\java"/>
          <column name="Subjob color" value=""/>
          <column name="Title color" value=""/>
          <column name="Property Type" value="repository: DB (POSTGRESQL):LAMISPlus"/>
          <column name="Use an existing connection" value="false"/>
          <column name="Component List" value=""/>
          <column name="DB Version" value="V9_X"/>
          <column name="Host" value="context.LAMISPlus_Server"/>
          <column name="Port" value="context.LAMISPlus_Port"/>
          <column name="Database" value="context.LAMISPlus_Database"/>
          <column name="Database Driver" value="POSTGRESQL"/>
          <column name="Schema" value="context.LAMISPlus_Schema"/>
          <column name="Username" value="context.LAMISPlus_Login"/>
          <column name="Password" value="context.LAMISPlus_Password"/>
          <column name="Table" value="&quot;hiv_art_pharmacy&quot;"/>
          <column name="Action on table" value="NONE"/>
          <column name="Action on data" value="INSERT_OR_UPDATE"/>
          <column name="REPOSITORY_ALLOW_AUTO_SWITCH" value="true"/>
          <column name="Schema" value="Built-In"/>
          <column name="Reject Schema" value="Built-In"/>
          <column name="Use spatial options" value="false"/>
          <column name="Create Spatial index" value="false"/>
          <column name="Create geometry columns reference" value="false"/>
          <column name="Specify a data source alias" value="false"/>
          <column name="Data source alias" value="&quot;&quot;"/>
          <column name="Die on error" value="false"/>
          <column name="Mapping" value="postgres_id"/>
          <column name="Use alternate schema" value="false"/>
          <column name="Schema" value="&quot;&quot;"/>
          <column name="Additional JDBC Parameters" value="context.LAMISPlus_AdditionalParams"/>
          <column name="Use save point" value="false"/>
          <column name="Encoding" value="&quot;ISO-8859-15&quot;"/>
          <column name="Commit every" value="10000"/>
          <column name="Additional columns" value="[{NAME=&quot;extra&quot;, DATATYPE=VARCHAR(50), SQL=&quot;?::json&quot;, POS=REPLACE, REFCOL=extra}, {NAME=&quot;adverse_drug_reactions&quot;, DATATYPE=VARCHAR(50), SQL=&quot;?::json&quot;, POS=REPLACE, REFCOL=adverse_drug_reactions}, {NAME=&quot;ipt&quot;, DATATYPE=VARCHAR(50), SQL=&quot;?::json&quot;, POS=REPLACE, REFCOL=ipt}]"/>
          <column name="Use field options" value="true"/>
          <column name="Field options" value="[{SCHEMA_COLUMN=id, UPDATE_KEY=true, DELETE_KEY=false, UPDATABLE=true, INSERTABLE=true}, {SCHEMA_COLUMN=created_date, UPDATE_KEY=false, DELETE_KEY=false, UPDATABLE=true, INSERTABLE=true}, {SCHEMA_COLUMN=created_by, UPDATE_KEY=false, DELETE_KEY=false, UPDATABLE=true, INSERTABLE=true}, {SCHEMA_COLUMN=last_modified_date, UPDATE_KEY=false, DELETE_KEY=false, UPDATABLE=true, INSERTABLE=true}, {SCHEMA_COLUMN=last_modified_by, UPDATE_KEY=false, DELETE_KEY=false, UPDATABLE=true, INSERTABLE=true}, {SCHEMA_COLUMN=next_appointment, UPDATE_KEY=false, DELETE_KEY=false, UPDATABLE=true, INSERTABLE=true}, {SCHEMA_COLUMN=visit_date, UPDATE_KEY=false, DELETE_KEY=false, UPDATABLE=true, INSERTABLE=true}, {SCHEMA_COLUMN=ard_screened, UPDATE_KEY=false, DELETE_KEY=false, UPDATABLE=true, INSERTABLE=true}, {SCHEMA_COLUMN=adherence, UPDATE_KEY=false, DELETE_KEY=false, UPDATABLE=true, INSERTABLE=true}, {SCHEMA_COLUMN=adverse_drug_reactions, UPDATE_KEY=false, DELETE_KEY=false, UPDATABLE=true, INSERTABLE=true}, {SCHEMA_COLUMN=mmd_type, UPDATE_KEY=false, DELETE_KEY=false, UPDATABLE=true, INSERTABLE=true}, {SCHEMA_COLUMN=prescription_error, UPDATE_KEY=false, DELETE_KEY=false, UPDATABLE=true, INSERTABLE=true}, {SCHEMA_COLUMN=extra, UPDATE_KEY=false, DELETE_KEY=false, UPDATABLE=true, INSERTABLE=true}, {SCHEMA_COLUMN=uuid, UPDATE_KEY=false, DELETE_KEY=false, UPDATABLE=true, INSERTABLE=true}, {SCHEMA_COLUMN=visit_id, UPDATE_KEY=false, DELETE_KEY=false, UPDATABLE=true, INSERTABLE=true}, {SCHEMA_COLUMN=facility_id, UPDATE_KEY=false, DELETE_KEY=false, UPDATABLE=true, INSERTABLE=true}, {SCHEMA_COLUMN=is_devolve, UPDATE_KEY=false, DELETE_KEY=false, UPDATABLE=true, INSERTABLE=true}, {SCHEMA_COLUMN=refill_period, UPDATE_KEY=false, DELETE_KEY=false, UPDATABLE=true, INSERTABLE=true}, {SCHEMA_COLUMN=delivery_point, UPDATE_KEY=false, DELETE_KEY=false, UPDATABLE=true, INSERTABLE=true}, {SCHEMA_COLUMN=dsd_model, UPDATE_KEY=false, DELETE_KEY=false, UPDATABLE=true, INSERTABLE=true}, {SCHEMA_COLUMN=person_uuid, UPDATE_KEY=false, DELETE_KEY=false, UPDATABLE=true, INSERTABLE=true}, {SCHEMA_COLUMN=archived, UPDATE_KEY=false, DELETE_KEY=false, UPDATABLE=true, INSERTABLE=true}, {SCHEMA_COLUMN=ipt, UPDATE_KEY=false, DELETE_KEY=false, UPDATABLE=true, INSERTABLE=true}]"/>
          <column name="Debug query mode" value="false"/>
          <column name="Support null in &quot;SQL WHERE&quot; statement" value="false"/>
          <column name="Convert columns and table to lowercase" value="false"/>
          <column name="Use Batch Size" value="true"/>
          <column name="Batch Size" value="10000"/>
          <column name="Label format" value="HIV_pharmacy_Lamisplus"/>
          <column name="Hint format" value="&lt;b&gt;__UNIQUE_NAME__&lt;/b&gt;&lt;br&gt;__COMMENT__"/>
          <column name="Connection format" value="row"/>
          <column name="Show Information" value="false"/>
          <column name="Comment" value=""/>
          <column name="Use an existing validation rule" value="false"/>
          <column name="Validation Rule Type" value=""/>
        </parameters>
        <schemas>
          <schema name="tDBOutput_1">
            <column name="id" key="false" type="int" length="19" precision="" nullable="false" comment=""/>
            <column name="created_date" key="false" type="java.util.Date" length="29" precision="6" nullable="true" comment=""/>
            <column name="created_by" key="false" type="String" length="255" precision="" nullable="true" comment=""/>
            <column name="last_modified_date" key="false" type="java.util.Date" length="29" precision="6" nullable="true" comment=""/>
            <column name="last_modified_by" key="false" type="String" length="255" precision="" nullable="true" comment=""/>
            <column name="next_appointment" key="false" type="java.util.Date" length="13" precision="" nullable="true" comment=""/>
            <column name="visit_date" key="false" type="java.util.Date" length="13" precision="" nullable="true" comment=""/>
            <column name="ard_screened" key="false" type="Boolean" length="230" precision="" nullable="true" comment=""/>
            <column name="adherence" key="false" type="Boolean" length="250" precision="" nullable="true" comment=""/>
            <column name="adverse_drug_reactions" key="false" type="String" length="250" precision="" nullable="true" comment=""/>
            <column name="mmd_type" key="false" type="String" length="500" precision="" nullable="true" comment=""/>
            <column name="prescription_error" key="false" type="Boolean" length="1" precision="" nullable="true" comment=""/>
            <column name="extra" key="false" type="String" length="500" precision="" nullable="true" comment=""/>
            <column name="uuid" key="false" type="String" length="50" precision="" nullable="false" comment=""/>
            <column name="visit_id" key="false" type="String" length="50" precision="" nullable="false" comment=""/>
            <column name="facility_id" key="false" type="long" length="19" precision="" nullable="false" comment=""/>
            <column name="is_devolve" key="false" type="Boolean" length="" precision="" nullable="true" comment=""/>
            <column name="refill_period" key="false" type="Integer" length="" precision="" nullable="true" comment=""/>
            <column name="delivery_point" key="false" type="String" length="" precision="" nullable="true" comment=""/>
            <column name="dsd_model" key="false" type="String" length="" precision="" nullable="true" comment=""/>
            <column name="person_uuid" key="false" type="String" length="255" precision="" nullable="false" comment=""/>
            <column name="archived" key="false" type="int" length="10" precision="" nullable="false" comment=""/>
            <column name="ipt" key="false" type="String" length="500" precision="" nullable="true" comment=""/>
          </schema>
        </schemas>
      </component>
      <component icon="pictures/tDBOutput_3.png" uniqueName="tDBOutput_3" label="HIV_pharmacy_regimens">
        <input link="tMap_3">tMap_3</input>
        <input link="tDBInput_5">tDBInput_5</input>
        <output link="tJava_5">tJava_5</output>
        <componentType>tPostgresqlOutput</componentType>
        <parameters>
          <column name="Database" value="tPostgresqlOutput"/>
          <column name="Unique Name" value="tDBOutput_3"/>
          <column name="Component Name" value="tPostgresqlOutput"/>
          <column name="Version" value="0.102 (ALPHA)"/>
          <column name="Family" value="Databases/DB Specifics/PostgreSQL"/>
          <column name="Startable" value="false"/>
          <column name="SUBTREE_START" value="false"/>
          <column name="END_OF_FLOW" value="true"/>
          <column name="Activate" value="true"/>
          <column name="DUMMY" value="false"/>
          <column name="tStatCatcher Statistics" value="false"/>
          <column name="Help" value="org.talend.help.tPostgresqlOutput"/>
          <column name="Update components" value="true"/>
          <column name="IREPORT_PATH" value=""/>
          <column name="JAVA_LIBRARY_PATH" value="C:\Users\A\Documents\TOS_BD-20200219_1130-V7.3.1\configuration\lib\java"/>
          <column name="Subjob color" value=""/>
          <column name="Title color" value=""/>
          <column name="Property Type" value="repository: DB (POSTGRESQL):LAMISPlus"/>
          <column name="Use an existing connection" value="false"/>
          <column name="Component List" value=""/>
          <column name="DB Version" value="V9_X"/>
          <column name="Host" value="context.LAMISPlus_Server"/>
          <column name="Port" value="context.LAMISPlus_Port"/>
          <column name="Database" value="context.LAMISPlus_Database"/>
          <column name="Database Driver" value="POSTGRESQL"/>
          <column name="Schema" value="context.LAMISPlus_Schema"/>
          <column name="Username" value="context.LAMISPlus_Login"/>
          <column name="Password" value="context.LAMISPlus_Password"/>
          <column name="Table" value="&quot;hiv_art_pharmacy_regimens&quot;"/>
          <column name="Action on table" value="CREATE_IF_NOT_EXISTS"/>
          <column name="Action on data" value="INSERT_OR_UPDATE"/>
          <column name="REPOSITORY_ALLOW_AUTO_SWITCH" value="true"/>
          <column name="Schema" value="Built-In"/>
          <column name="Reject Schema" value="Built-In"/>
          <column name="Use spatial options" value="false"/>
          <column name="Create Spatial index" value="false"/>
          <column name="Create geometry columns reference" value="false"/>
          <column name="Specify a data source alias" value="false"/>
          <column name="Data source alias" value="&quot;&quot;"/>
          <column name="Die on error" value="false"/>
          <column name="Mapping" value="postgres_id"/>
          <column name="Use alternate schema" value="false"/>
          <column name="Schema" value="&quot;&quot;"/>
          <column name="Additional JDBC Parameters" value="context.LAMISPlus_AdditionalParams"/>
          <column name="Use save point" value="false"/>
          <column name="Encoding" value="&quot;ISO-8859-15&quot;"/>
          <column name="Commit every" value="10000"/>
          <column name="Additional columns" value="[]"/>
          <column name="Use field options" value="true"/>
          <column name="Field options" value="[{SCHEMA_COLUMN=id, UPDATE_KEY=true, DELETE_KEY=false, UPDATABLE=true, INSERTABLE=true}, {SCHEMA_COLUMN=art_pharmacy_id, UPDATE_KEY=false, DELETE_KEY=false, UPDATABLE=true, INSERTABLE=true}, {SCHEMA_COLUMN=regimens_id, UPDATE_KEY=false, DELETE_KEY=false, UPDATABLE=true, INSERTABLE=true}]"/>
          <column name="Debug query mode" value="false"/>
          <column name="Support null in &quot;SQL WHERE&quot; statement" value="false"/>
          <column name="Convert columns and table to lowercase" value="false"/>
          <column name="Use Batch Size" value="true"/>
          <column name="Batch Size" value="10000"/>
          <column name="Label format" value="HIV_pharmacy_regimens"/>
          <column name="Hint format" value="&lt;b&gt;__UNIQUE_NAME__&lt;/b&gt;&lt;br&gt;__COMMENT__"/>
          <column name="Connection format" value="row"/>
          <column name="Show Information" value="false"/>
          <column name="Comment" value=""/>
          <column name="Use an existing validation rule" value="false"/>
          <column name="Validation Rule Type" value=""/>
        </parameters>
        <schemas>
          <schema name="tDBOutput_3">
            <column name="id" key="true" type="Integer" length="" precision="" nullable="true" comment=""/>
            <column name="art_pharmacy_id" key="false" type="long" length="19" precision="" nullable="false" comment=""/>
            <column name="regimens_id" key="false" type="long" length="19" precision="" nullable="false" comment=""/>
          </schema>
        </schemas>
      </component>
      <component icon="pictures/tDBOutput_5.png" uniqueName="tDBOutput_5" label="Etl_Sequence">
        <input link="tMap_6">tMap_6</input>
        <output link="tJava_3">tJava_3</output>
        <componentType>tPostgresqlOutput</componentType>
        <parameters>
          <column name="Database" value="tPostgresqlOutput"/>
          <column name="Unique Name" value="tDBOutput_5"/>
          <column name="Component Name" value="tPostgresqlOutput"/>
          <column name="Version" value="0.102 (ALPHA)"/>
          <column name="Family" value="Databases/DB Specifics/PostgreSQL"/>
          <column name="Startable" value="false"/>
          <column name="SUBTREE_START" value="false"/>
          <column name="END_OF_FLOW" value="true"/>
          <column name="Activate" value="true"/>
          <column name="DUMMY" value="false"/>
          <column name="tStatCatcher Statistics" value="false"/>
          <column name="Help" value="org.talend.help.tPostgresqlOutput"/>
          <column name="Update components" value="true"/>
          <column name="IREPORT_PATH" value=""/>
          <column name="JAVA_LIBRARY_PATH" value="C:\Users\A\Documents\TOS_BD-20200219_1130-V7.3.1\configuration\lib\java"/>
          <column name="Subjob color" value=""/>
          <column name="Title color" value=""/>
          <column name="Property Type" value="repository: DB (POSTGRESQL):LAMISPlus"/>
          <column name="Use an existing connection" value="false"/>
          <column name="Component List" value=""/>
          <column name="DB Version" value="V9_X"/>
          <column name="Host" value="context.LAMISPlus_Server"/>
          <column name="Port" value="context.LAMISPlus_Port"/>
          <column name="Database" value="context.LAMISPlus_Database"/>
          <column name="Database Driver" value="POSTGRESQL"/>
          <column name="Schema" value="context.LAMISPlus_Schema"/>
          <column name="Username" value="context.LAMISPlus_Login"/>
          <column name="Password" value="context.LAMISPlus_Password"/>
          <column name="Table" value="&quot;etl_sequence&quot;"/>
          <column name="Action on table" value="CREATE_IF_NOT_EXISTS"/>
          <column name="Action on data" value="INSERT_OR_UPDATE"/>
          <column name="REPOSITORY_ALLOW_AUTO_SWITCH" value="true"/>
          <column name="Schema" value="Built-In"/>
          <column name="Reject Schema" value="Built-In"/>
          <column name="Use spatial options" value="false"/>
          <column name="Create Spatial index" value="false"/>
          <column name="Create geometry columns reference" value="false"/>
          <column name="Specify a data source alias" value="false"/>
          <column name="Data source alias" value="&quot;&quot;"/>
          <column name="Die on error" value="false"/>
          <column name="Mapping" value="postgres_id"/>
          <column name="Use alternate schema" value="false"/>
          <column name="Schema" value="&quot;&quot;"/>
          <column name="Additional JDBC Parameters" value="context.LAMISPlus_AdditionalParams"/>
          <column name="Use save point" value="false"/>
          <column name="Encoding" value="&quot;ISO-8859-15&quot;"/>
          <column name="Commit every" value="10000"/>
          <column name="Additional columns" value="[]"/>
          <column name="Use field options" value="false"/>
          <column name="Field options" value="[{SCHEMA_COLUMN=sequence_count, UPDATE_KEY=false, DELETE_KEY=false, UPDATABLE=true, INSERTABLE=true}, {SCHEMA_COLUMN=table_name, UPDATE_KEY=false, DELETE_KEY=false, UPDATABLE=true, INSERTABLE=true}, {SCHEMA_COLUMN=date_time, UPDATE_KEY=false, DELETE_KEY=false, UPDATABLE=true, INSERTABLE=true}]"/>
          <column name="Debug query mode" value="false"/>
          <column name="Support null in &quot;SQL WHERE&quot; statement" value="false"/>
          <column name="Convert columns and table to lowercase" value="false"/>
          <column name="Use Batch Size" value="true"/>
          <column name="Batch Size" value="10000"/>
          <column name="Label format" value="Etl_Sequence"/>
          <column name="Hint format" value="&lt;b&gt;__UNIQUE_NAME__&lt;/b&gt;&lt;br&gt;__COMMENT__"/>
          <column name="Connection format" value="row"/>
          <column name="Show Information" value="false"/>
          <column name="Comment" value=""/>
          <column name="Use an existing validation rule" value="false"/>
          <column name="Validation Rule Type" value=""/>
        </parameters>
        <schemas>
          <schema name="tDBOutput_5">
            <column name="sequence_count" key="false" type="Long" length="19" precision="" nullable="true" comment=""/>
            <column name="table_name" key="true" type="String" length="" precision="" nullable="true" comment=""/>
            <column name="date_time" key="false" type="java.util.Date" length="" precision="" nullable="true" comment=""/>
          </schema>
        </schemas>
      </component>
      <component icon="pictures/tJava_1.png" uniqueName="tJava_1" label="__UNIQUE_NAME__">
        <input link="tDBInput_2">tDBInput_2</input>
        <input link="tDBInput_1">tDBInput_1</input>
        <output>none</output>
        <componentType>tJava</componentType>
        <parameters>
          <column name="Unique Name" value="tJava_1"/>
          <column name="Component Name" value="tJava"/>
          <column name="Version" value="0.101 (ALPHA)"/>
          <column name="Family" value="Custom_Code"/>
          <column name="Start" value="false"/>
          <column name="Startable" value="true"/>
          <column name="SUBTREE_START" value="true"/>
          <column name="END_OF_FLOW" value="true"/>
          <column name="Activate" value="true"/>
          <column name="DUMMY" value="false"/>
          <column name="tStatCatcher Statistics" value="false"/>
          <column name="Help" value="org.talend.help.tJava"/>
          <column name="Update components" value="true"/>
          <column name="IREPORT_PATH" value=""/>
          <column name="JAVA_LIBRARY_PATH" value="C:\Users\A\Documents\TOS_BD-20200219_1130-V7.3.1\configuration\lib\java"/>
          <column name="Subjob color" value=""/>
          <column name="Title color" value=""/>
          <column name="Code" value="System.out.println(&quot;Total Pharmacy records fetched from LAMIS3 Pharmacy - &quot;+globalMap.get(&quot;tDBInput_2_NB_LINE&quot;));
System.out.println(&quot;&quot;);"/>
          <column name="Import" value="//import java.util.List;"/>
          <column name="Schema" value="Built-In"/>
          <column name="Label format" value="__UNIQUE_NAME__"/>
          <column name="Hint format" value="&lt;b&gt;__UNIQUE_NAME__&lt;/b&gt;&lt;br&gt;__COMMENT__"/>
          <column name="Connection format" value="row"/>
          <column name="Show Information" value="false"/>
          <column name="Comment" value=""/>
          <column name="Use an existing validation rule" value="false"/>
          <column name="Validation Rule Type" value=""/>
        </parameters>
        <schemas>
          <schema name="tJava_1"/>
        </schemas>
      </component>
      <component icon="pictures/tJava_2.png" uniqueName="tJava_2" label="__UNIQUE_NAME__">
        <input link="tDBInput_4">tDBInput_4</input>
        <output>none</output>
        <componentType>tJava</componentType>
        <parameters>
          <column name="Unique Name" value="tJava_2"/>
          <column name="Component Name" value="tJava"/>
          <column name="Version" value="0.101 (ALPHA)"/>
          <column name="Family" value="Custom_Code"/>
          <column name="Start" value="false"/>
          <column name="Startable" value="true"/>
          <column name="SUBTREE_START" value="true"/>
          <column name="END_OF_FLOW" value="true"/>
          <column name="Activate" value="true"/>
          <column name="DUMMY" value="false"/>
          <column name="tStatCatcher Statistics" value="false"/>
          <column name="Help" value="org.talend.help.tJava"/>
          <column name="Update components" value="true"/>
          <column name="IREPORT_PATH" value=""/>
          <column name="JAVA_LIBRARY_PATH" value="C:\Users\A\Documents\TOS_BD-20200219_1130-V7.3.1\configuration\lib\java"/>
          <column name="Subjob color" value=""/>
          <column name="Title color" value=""/>
          <column name="Code" value="System.out.println(&quot;Total hiv_art_pharmacy records fetched for regimen ordered - &quot;+globalMap.get(&quot;tDBInput_4_NB_LINE&quot;));"/>
          <column name="Import" value="//import java.util.List;"/>
          <column name="Schema" value="Built-In"/>
          <column name="Label format" value="__UNIQUE_NAME__"/>
          <column name="Hint format" value="&lt;b&gt;__UNIQUE_NAME__&lt;/b&gt;&lt;br&gt;__COMMENT__"/>
          <column name="Connection format" value="row"/>
          <column name="Show Information" value="false"/>
          <column name="Comment" value=""/>
          <column name="Use an existing validation rule" value="false"/>
          <column name="Validation Rule Type" value=""/>
        </parameters>
        <schemas>
          <schema name="tJava_2"/>
        </schemas>
      </component>
      <component icon="pictures/tJava_3.png" uniqueName="tJava_3" label="__UNIQUE_NAME__">
        <input link="tDBOutput_5">tDBOutput_5</input>
        <output>none</output>
        <componentType>tJava</componentType>
        <parameters>
          <column name="Unique Name" value="tJava_3"/>
          <column name="Component Name" value="tJava"/>
          <column name="Version" value="0.101 (ALPHA)"/>
          <column name="Family" value="Custom_Code"/>
          <column name="Start" value="false"/>
          <column name="Startable" value="true"/>
          <column name="SUBTREE_START" value="true"/>
          <column name="END_OF_FLOW" value="true"/>
          <column name="Activate" value="true"/>
          <column name="DUMMY" value="false"/>
          <column name="tStatCatcher Statistics" value="false"/>
          <column name="Help" value="org.talend.help.tJava"/>
          <column name="Update components" value="true"/>
          <column name="IREPORT_PATH" value=""/>
          <column name="JAVA_LIBRARY_PATH" value="C:\Users\A\Documents\TOS_BD-20200219_1130-V7.3.1\configuration\lib\java"/>
          <column name="Subjob color" value=""/>
          <column name="Title color" value=""/>
          <column name="Code" value="int totalMigrated = globalMap.get(&quot;tDBOutput_6_NB_LINE_UPDATED&quot;) != null ? (Integer)globalMap.get(&quot;tDBOutput_6_NB_LINE_UPDATED&quot;) : 0;

System.out.println(&quot;Total hiv_art_pharmacy already migrated &quot;+totalMigrated);

System.out.println(&quot;Total new records migrated - &quot;+globalMap.get(&quot;tDBOutput_6_NB_LINE_INSERTED&quot;));
if(globalMap.get(&quot;tDBOutput_6_ERROR_MESSAGE&quot;) != null){
System.out.println(&quot;Migration Error - &quot;+globalMap.get(&quot;tDBOutput_6_ERROR_MESSAGE&quot;));
}
System.out.println(&quot;Total erroneous records not migrated - &quot;+globalMap.get(&quot;tFileOutputDelimited_6_NB_LINE&quot;));
System.out.println();
java.time.LocalDateTime endTime = java.time.LocalDateTime.now();
System.out.println(&quot;End time - &quot;+ endTime);
java.time.LocalDateTime statTime = (java.time.LocalDateTime)globalMap.get(&quot;startTime&quot;);

java.time.Duration duration = java.time.Duration.between(statTime, endTime);
System.out.println(&quot;Duration - &quot;+ duration);

System.out.println(&quot;*************HIV_ART_PHARMACY MIGRATION REPORT END*****************&quot;);
System.out.println(&quot;****************************************************************&quot;);"/>
          <column name="Import" value="//import java.util.List;"/>
          <column name="Schema" value="Built-In"/>
          <column name="Label format" value="__UNIQUE_NAME__"/>
          <column name="Hint format" value="&lt;b&gt;__UNIQUE_NAME__&lt;/b&gt;&lt;br&gt;__COMMENT__"/>
          <column name="Connection format" value="row"/>
          <column name="Show Information" value="false"/>
          <column name="Comment" value=""/>
          <column name="Use an existing validation rule" value="false"/>
          <column name="Validation Rule Type" value=""/>
        </parameters>
        <schemas>
          <schema name="schema_create_transform_jsonfield">
            <column name="id" key="true" type="int" length="10" precision="" nullable="false" comment=""/>
            <column name="hospital_number" key="false" type="String" length="25" precision="" nullable="false" comment=""/>
            <column name="uuid" key="false" type="String" length="36" precision="" nullable="true" comment=""/>
            <column name="first_name" key="false" type="String" length="230" precision="" nullable="true" comment=""/>
            <column name="surname" key="false" type="String" length="45" precision="" nullable="true" comment=""/>
            <column name="other_name" key="false" type="String" length="75" precision="" nullable="true" comment=""/>
            <column name="gender" key="false" type="String" length="500" precision="" nullable="true" comment=""/>
            <column name="date_of_birth" key="false" type="java.util.Date" length="13" precision="" nullable="true" comment=""/>
            <column name="is_date_of_birth_estimated" key="false" type="Boolean" length="1" precision="" nullable="true" comment=""/>
            <column name="education" key="false" type="String" length="1500" precision="" nullable="true" comment=""/>
            <column name="marital_status" key="false" type="String" length="1500" precision="" nullable="true" comment=""/>
            <column name="employment_status" key="false" type="String" length="1500" precision="" nullable="true" comment=""/>
            <column name="address" key="false" type="String" length="1500" precision="" nullable="true" comment=""/>
            <column name="contact_point" key="false" type="String" length="1500" precision="" nullable="true" comment=""/>
            <column name="contact" key="false" type="String" length="1500" precision="" nullable="true" comment=""/>
            <column name="date_of_registration" key="false" type="java.util.Date" length="13" precision="" nullable="false" comment=""/>
            <column name="archived" key="false" type="Integer" length="1" precision="" nullable="true" comment=""/>
            <column name="active" key="false" type="boolean" length="" precision="" nullable="false" comment=""/>
            <column name="deceased" key="false" type="Boolean" length="" precision="" nullable="true" comment=""/>
            <column name="deceased_date_time" key="false" type="java.util.Date" length="" precision="" nullable="true" comment=""/>
            <column name="created_date" key="false" type="java.util.Date" length="" precision="" nullable="true" comment=""/>
            <column name="last_modified_date" key="false" type="java.util.Date" length="29" precision="6" nullable="true" comment=""/>
            <column name="created_by" key="false" type="String" length="" precision="" nullable="true" comment=""/>
            <column name="last_modified_by" key="false" type="String" length="" precision="" nullable="true" comment=""/>
            <column name="identifier" key="false" type="String" length="25" precision="" nullable="true" comment=""/>
            <column name="facility_id" key="false" type="long" length="19" precision="" nullable="false" comment=""/>
            <column name="organization" key="false" type="String" length="" precision="" nullable="true" comment=""/>
            <column name="sex" key="false" type="String" length="230" precision="" nullable="true" comment=""/>
          </schema>
        </schemas>
      </component>
      <component icon="pictures/tJava_4.png" uniqueName="tJava_4" label="__UNIQUE_NAME__">
        <input link="tDBInput_1">tDBInput_1</input>
        <output>none</output>
        <componentType>tJava</componentType>
        <parameters>
          <column name="Unique Name" value="tJava_4"/>
          <column name="Component Name" value="tJava"/>
          <column name="Version" value="0.101 (ALPHA)"/>
          <column name="Family" value="Custom_Code"/>
          <column name="Start" value="false"/>
          <column name="Startable" value="true"/>
          <column name="SUBTREE_START" value="true"/>
          <column name="END_OF_FLOW" value="true"/>
          <column name="Activate" value="true"/>
          <column name="DUMMY" value="false"/>
          <column name="tStatCatcher Statistics" value="false"/>
          <column name="Help" value="org.talend.help.tJava"/>
          <column name="Update components" value="true"/>
          <column name="IREPORT_PATH" value=""/>
          <column name="JAVA_LIBRARY_PATH" value="C:\Users\A\Documents\TOS_BD-20200219_1130-V7.3.1\configuration\lib\java"/>
          <column name="Subjob color" value=""/>
          <column name="Title color" value=""/>
          <column name="Code" value="System.out.println(&quot;*****************************************************************&quot;);
System.out.println(&quot;***********HIV_ART_PHARMACY MIGRATION REPORT START*****************&quot;);
java.time.LocalDateTime startTime = java.time.LocalDateTime.now();
globalMap.put(&quot;startTime&quot;, startTime);
System.out.println(&quot;Start time - &quot;+ startTime);
System.out.println(&quot;&quot;);"/>
          <column name="Import" value="//import java.util.List;"/>
          <column name="Schema" value="Built-In"/>
          <column name="Label format" value="__UNIQUE_NAME__"/>
          <column name="Hint format" value="&lt;b&gt;__UNIQUE_NAME__&lt;/b&gt;&lt;br&gt;__COMMENT__"/>
          <column name="Connection format" value="row"/>
          <column name="Show Information" value="false"/>
          <column name="Comment" value=""/>
          <column name="Use an existing validation rule" value="false"/>
          <column name="Validation Rule Type" value=""/>
        </parameters>
        <schemas>
          <schema name="tJava_4"/>
        </schemas>
      </component>
      <component icon="pictures/tJava_5.png" uniqueName="tJava_5" label="__UNIQUE_NAME__">
        <input link="tDBOutput_3">tDBOutput_3</input>
        <output>none</output>
        <componentType>tJava</componentType>
        <parameters>
          <column name="Unique Name" value="tJava_5"/>
          <column name="Component Name" value="tJava"/>
          <column name="Version" value="0.101 (ALPHA)"/>
          <column name="Family" value="Custom_Code"/>
          <column name="Start" value="false"/>
          <column name="Startable" value="true"/>
          <column name="SUBTREE_START" value="true"/>
          <column name="END_OF_FLOW" value="true"/>
          <column name="Activate" value="true"/>
          <column name="DUMMY" value="false"/>
          <column name="tStatCatcher Statistics" value="false"/>
          <column name="Help" value="org.talend.help.tJava"/>
          <column name="Update components" value="true"/>
          <column name="IREPORT_PATH" value=""/>
          <column name="JAVA_LIBRARY_PATH" value="C:\Users\A\Documents\TOS_BD-20200219_1130-V7.3.1\configuration\lib\java"/>
          <column name="Subjob color" value=""/>
          <column name="Title color" value=""/>
          <column name="Code" value="int totalMigrated = globalMap.get(&quot;tDBOutput_3_NB_LINE_UPDATED&quot;) != null ? (Integer)globalMap.get(&quot;tDBOutput_3_NB_LINE_UPDATED&quot;) : 0;

System.out.println(&quot;Total hiv_art_pharmacy_regimens already migrated &quot;+totalMigrated);

System.out.println(&quot;Total new records migrated - &quot;+globalMap.get(&quot;tDBOutput_3_NB_LINE_INSERTED&quot;));
if(globalMap.get(&quot;tDBOutput_3_ERROR_MESSAGE&quot;) != null){
System.out.println(&quot;Migration Error - &quot;+globalMap.get(&quot;tDBOutput_3_ERROR_MESSAGE&quot;));
}
System.out.println(&quot;Total erroneous records not migrated - &quot;+globalMap.get(&quot;tFileOutputDelimited_3_NB_LINE&quot;));
System.out.println();"/>
          <column name="Import" value="//import java.util.List;"/>
          <column name="Schema" value="Built-In"/>
          <column name="Label format" value="__UNIQUE_NAME__"/>
          <column name="Hint format" value="&lt;b&gt;__UNIQUE_NAME__&lt;/b&gt;&lt;br&gt;__COMMENT__"/>
          <column name="Connection format" value="row"/>
          <column name="Show Information" value="false"/>
          <column name="Comment" value=""/>
          <column name="Use an existing validation rule" value="false"/>
          <column name="Validation Rule Type" value=""/>
        </parameters>
        <schemas>
          <schema name="schema_create_transform_jsonfield">
            <column name="id" key="true" type="int" length="10" precision="" nullable="false" comment=""/>
            <column name="hospital_number" key="false" type="String" length="25" precision="" nullable="false" comment=""/>
            <column name="uuid" key="false" type="String" length="36" precision="" nullable="true" comment=""/>
            <column name="first_name" key="false" type="String" length="230" precision="" nullable="true" comment=""/>
            <column name="surname" key="false" type="String" length="45" precision="" nullable="true" comment=""/>
            <column name="other_name" key="false" type="String" length="75" precision="" nullable="true" comment=""/>
            <column name="gender" key="false" type="String" length="500" precision="" nullable="true" comment=""/>
            <column name="date_of_birth" key="false" type="java.util.Date" length="13" precision="" nullable="true" comment=""/>
            <column name="is_date_of_birth_estimated" key="false" type="Boolean" length="1" precision="" nullable="true" comment=""/>
            <column name="education" key="false" type="String" length="1500" precision="" nullable="true" comment=""/>
            <column name="marital_status" key="false" type="String" length="1500" precision="" nullable="true" comment=""/>
            <column name="employment_status" key="false" type="String" length="1500" precision="" nullable="true" comment=""/>
            <column name="address" key="false" type="String" length="1500" precision="" nullable="true" comment=""/>
            <column name="contact_point" key="false" type="String" length="1500" precision="" nullable="true" comment=""/>
            <column name="contact" key="false" type="String" length="1500" precision="" nullable="true" comment=""/>
            <column name="date_of_registration" key="false" type="java.util.Date" length="13" precision="" nullable="false" comment=""/>
            <column name="archived" key="false" type="Integer" length="1" precision="" nullable="true" comment=""/>
            <column name="active" key="false" type="boolean" length="" precision="" nullable="false" comment=""/>
            <column name="deceased" key="false" type="Boolean" length="" precision="" nullable="true" comment=""/>
            <column name="deceased_date_time" key="false" type="java.util.Date" length="" precision="" nullable="true" comment=""/>
            <column name="created_date" key="false" type="java.util.Date" length="" precision="" nullable="true" comment=""/>
            <column name="last_modified_date" key="false" type="java.util.Date" length="29" precision="6" nullable="true" comment=""/>
            <column name="created_by" key="false" type="String" length="" precision="" nullable="true" comment=""/>
            <column name="last_modified_by" key="false" type="String" length="" precision="" nullable="true" comment=""/>
            <column name="identifier" key="false" type="String" length="25" precision="" nullable="true" comment=""/>
            <column name="facility_id" key="false" type="long" length="19" precision="" nullable="false" comment=""/>
            <column name="organization" key="false" type="String" length="" precision="" nullable="true" comment=""/>
            <column name="sex" key="false" type="String" length="230" precision="" nullable="true" comment=""/>
          </schema>
        </schemas>
      </component>
    </internalNodeComponents>
    <externalNodeComponents>
      <component icon="pictures/tMap_1.png" uniqueName="tMap_1" label="Map_hiv_pharmacy" preview="pictures/external_preview_tMap_1.png">
        <input link="tMap_5">tMap_5</input>
        <input link="tDBInput_8">tDBInput_8</input>
        <input link="tDBInput_9">tDBInput_9</input>
        <input link="tDBInput_10">tDBInput_10</input>
        <output link="tMap_5">tMap_5</output>
        <componentType>tMap</componentType>
        <!--tMap_1-->
      </component>
      <component icon="pictures/tMap_2.png" uniqueName="tMap_2" label="Map_hiv_pharmacy">
        <input link="tDBInput_4">tDBInput_4</input>
        <input link="tDBInput_3">tDBInput_3</input>
        <output link="tMap_3">tMap_3</output>
        <componentType>tMap</componentType>
        <!--tMap_2-->
      </component>
      <component icon="pictures/tMap_3.png" uniqueName="tMap_3" label="Map_hiv_pharmacy">
        <input link="tMap_3">tMap_3</input>
        <input link="tDBInput_5">tDBInput_5</input>
        <output link="tDBOutput_3">tDBOutput_3</output>
        <componentType>tMap</componentType>
        <!--tMap_3-->
      </component>
      <component icon="pictures/tMap_5.png" uniqueName="tMap_5" label="__UNIQUE_NAME__" preview="pictures/external_preview_tMap_5.png">
        <input link="tMap_5">tMap_5</input>
        <input link="tDBInput_8">tDBInput_8</input>
        <input link="tDBInput_9">tDBInput_9</input>
        <input link="tDBInput_10">tDBInput_10</input>
        <output link="tDBOutput_1">tDBOutput_1</output>
        <componentType>tMap</componentType>
        <!--tMap_5-->
      </component>
      <component icon="pictures/tMap_6.png" uniqueName="tMap_6" label="update_sequence">
        <input link="tDBInput_7">tDBInput_7</input>
        <output link="tDBOutput_5">tDBOutput_5</output>
        <componentType>tMap</componentType>
        <!--tMap_6-->
      </component>
    </externalNodeComponents>
    <connections>
      <connection label="hiv_pharmacy" lineStyle="0" metaname="tDBInput_2" offsetLabelX="0" offsetLabelY="0" source="tDBInput_2" target="tMap_1"/>
      <connection label="OnSubjobOk" lineStyle="1" metaname="tDBInput_2" offsetLabelX="0" offsetLabelY="0" source="tDBInput_2" target="tDBInput_4"/>
      <connection label="If" lineStyle="6" metaname="tDBInput_2" offsetLabelX="0" offsetLabelY="0" source="tDBInput_2" target="tJava_1"/>
      <connection label="facilities_lookup" lineStyle="8" metaname="tDBInput_1" offsetLabelX="0" offsetLabelY="0" source="tDBInput_1" target="tMap_1"/>
      <connection label="If" lineStyle="6" metaname="tDBInput_1" offsetLabelX="0" offsetLabelY="0" source="tDBInput_1" target="tJava_4"/>
      <connection label="HIV_Art_Pharmacy" lineStyle="0" metaname="HIV_Art_Pharmacy" offsetLabelX="0" offsetLabelY="0" source="tMap_1" target="tMap_5"/>
      <connection label="Pharmacy_visit_map" lineStyle="0" metaname="Pharmacy_visit_map" offsetLabelX="0" offsetLabelY="0" source="tMap_5" target="tDBOutput_1"/>
      <connection label="row1" lineStyle="8" metaname="tDBInput_8" offsetLabelX="0" offsetLabelY="0" source="tDBInput_8" target="tMap_5"/>
      <connection label="row4" lineStyle="8" metaname="tDBInput_9" offsetLabelX="0" offsetLabelY="0" source="tDBInput_9" target="tMap_1"/>
      <connection label="row7" lineStyle="8" metaname="tDBInput_10" offsetLabelX="0" offsetLabelY="0" source="tDBInput_10" target="tMap_5"/>
      <connection label="Pharm_Lines" lineStyle="0" metaname="tDBInput_4" offsetLabelX="0" offsetLabelY="0" source="tDBInput_4" target="tMap_2"/>
      <connection label="If" lineStyle="6" metaname="tDBInput_4" offsetLabelX="0" offsetLabelY="0" source="tDBInput_4" target="tJava_2"/>
      <connection label="OnSubjobOk" lineStyle="1" metaname="tDBInput_4" offsetLabelX="0" offsetLabelY="0" source="tDBInput_4" target="tDBInput_7"/>
      <connection label="row2" lineStyle="8" metaname="tDBInput_3" offsetLabelX="0" offsetLabelY="0" source="tDBInput_3" target="tMap_2"/>
      <connection label="Load_pharmlines" lineStyle="0" metaname="Load_pharmlines" offsetLabelX="0" offsetLabelY="0" source="tMap_2" target="tMap_3"/>
      <connection label="HIV_Regimen" lineStyle="0" metaname="HIV_Regimen" offsetLabelX="0" offsetLabelY="0" source="tMap_3" target="tDBOutput_3"/>
      <connection label="row5" lineStyle="8" metaname="tDBInput_5" offsetLabelX="0" offsetLabelY="0" source="tDBInput_5" target="tMap_3"/>
      <connection label="OnComponentOk" lineStyle="3" metaname="tDBOutput_3" offsetLabelX="0" offsetLabelY="0" source="tDBOutput_3" target="tJava_5"/>
      <connection label="row6" lineStyle="0" metaname="tDBInput_7" offsetLabelX="0" offsetLabelY="0" source="tDBInput_7" target="tMap_6"/>
      <connection label="sequence_extra" lineStyle="0" metaname="sequence_extra" offsetLabelX="-11" offsetLabelY="3" source="tMap_6" target="tDBOutput_5"/>
      <connection label="OnComponentOk" lineStyle="3" metaname="tDBOutput_5" offsetLabelX="0" offsetLabelY="0" source="tDBOutput_5" target="tJava_3"/>
    </connections>
  </job>
</project>
