<?xml version="1.1" encoding="UTF-8"?>

<externalNode i18n.job.component.parameters="Component Parameters:" i18n.job.properties="Properties" i18n.job.values="Values" i18n.mapper.table.for="Mapper table for " i18n.mapper.table.properties="Mapper table Properties" i18n.job.name="Name" i18n.tmap.matching.mode="Matching-mode" i18n.mapper.table.isminimized="isMinimized" i18n.tmap.isreject="isReject" i18n.tmap.isrejectinnnerjoin="isRejectInnerJoin" i18n.tmap.isinnerjoin="isInnerJoin" i18n.tmap.expressionfilter="expressionFilter" i18n.mapper.table.metadata.entries="Metadata Table Entries" i18n.job.type="Type" i18n.mapper.table.expression="Expression" i18n.tmap.isnullable="isNullable" i18n.tmap.constraint.entries="Constraint Table Entries" name="tMap_1" preview="pictures/_tTDjYFbbEe2hB7JEvW46Ew-tMap_1-PREVIEW.bmp">
  <parameters>
    <column name="tStatCatcher Statistics">false</column>
    <column name="Mapping links display as:">AUTO</column>
    <column name="Temp data directory path:"></column>
    <column name="Max buffer size (nb of rows):">2000000</column>
    <column name="Ignore trailing zeros for BigDecimal">true</column>
    <column name="Show Information">false</column>
    <column name="Comment"><![CDATA[]]></column>
    <column name="Use an existing validation rule">false</column>
  </parameters>
  <mapperTable type="input">
    <table name="hiv_pharmacy" matching-mode="UNIQUE_MATCH" lookup-mode="LOAD_ONCE" isMinimized="false" isReject="false" isRejectInnerJoin="false" isInnerJoin="false" isPersistent="false" expressionFilter="null" activateExpressionFilter="false" activateCondensedTool="false" activateColumnNameFilter="false" columnNameFilter="null">
      <metadataTableEntries>
        <entry name="id" type="int" expression="" isNullable="false"/>
        <entry name="last_modified" type="java.util.Date" expression="" isNullable="false"/>
        <entry name="next_appointment" type="java.util.Date" expression="" isNullable="true"/>
        <entry name="date_visit" type="java.util.Date" expression="" isNullable="false"/>
        <entry name="adr_screened" type="Boolean" expression="" isNullable="true"/>
        <entry name="adherence" type="Boolean" expression="" isNullable="true"/>
        <entry name="adverse_drug_reactions" type="String" expression="" isNullable="true"/>
        <entry name="mmd_type" type="String" expression="" isNullable="true"/>
        <entry name="prescription_error" type="Boolean" expression="" isNullable="true"/>
        <entry name="archived" type="int" expression="" isNullable="false"/>
        <entry name="extra" type="String" expression="" isNullable="true"/>
        <entry name="person_uuid" type="String" expression="" isNullable="false"/>
        <entry name="uuid" type="String" expression="" isNullable="true"/>
        <entry name="datim_id" type="String" expression="" isNullable="false"/>
        <entry name="ipt" type="String" expression="" isNullable="true"/>
      </metadataTableEntries>
    </table>
    <table name="facilities_lookup" matching-mode="UNIQUE_MATCH" lookup-mode="LOAD_ONCE" isMinimized="false" isReject="false" isRejectInnerJoin="false" isInnerJoin="false" isPersistent="false" expressionFilter="null" activateExpressionFilter="false" activateCondensedTool="false" activateColumnNameFilter="false" columnNameFilter="null">
      <metadataTableEntries>
        <entry name="id" type="long" expression="" isNullable="false"/>
        <entry name="facility_name" type="String" expression="" isNullable="false"/>
        <entry name="lga_name" type="String" expression="" isNullable="false"/>
        <entry name="datim_code" type="String" expression="hiv_pharmacy.datim_id " isNullable="false"/>
      </metadataTableEntries>
    </table>
    <table name="row4" matching-mode="UNIQUE_MATCH" lookup-mode="LOAD_ONCE" isMinimized="false" isReject="false" isRejectInnerJoin="false" isInnerJoin="false" isPersistent="false" expressionFilter="null" activateExpressionFilter="false" activateCondensedTool="false" activateColumnNameFilter="false" columnNameFilter="null">
      <metadataTableEntries>
        <entry name="id" type="int" expression="hiv_pharmacy.id" isNullable="false"/>
        <entry name="refill_period" type="String" expression="" isNullable="true"/>
      </metadataTableEntries>
    </table>
  </mapperTable>
  <mapperTable type="output">
    <table name="HIV_Art_Pharmacy" isMinimized="false" isReject="false" isRejectInnerJoin="false" isInnerJoin="false" isPersistent="false" expressionFilter="null" activateExpressionFilter="false" activateCondensedTool="false" activateColumnNameFilter="false" columnNameFilter="null">
      <metadataTableEntries>
        <entry name="id" type="int" expression="hiv_pharmacy.id " isNullable="false"/>
        <entry name="created_date" type="java.util.Date" expression="hiv_pharmacy.last_modified " isNullable="true"/>
        <entry name="created_by" type="String" expression="&quot;ETL&quot;" isNullable="true"/>
        <entry name="last_modified_date" type="java.util.Date" expression="hiv_pharmacy.last_modified " isNullable="true"/>
        <entry name="last_modified_by" type="String" expression="&quot;ETL&quot;" isNullable="true"/>
        <entry name="next_appointment" type="java.util.Date" expression="hiv_pharmacy.next_appointment " isNullable="true"/>
        <entry name="visit_date" type="java.util.Date" expression="hiv_pharmacy.date_visit " isNullable="true"/>
        <entry name="ard_screened" type="Boolean" expression="hiv_pharmacy.adr_screened " isNullable="true"/>
        <entry name="adherence" type="Boolean" expression="hiv_pharmacy.adherence " isNullable="true"/>
        <entry name="adverse_drug_reactions" type="String" expression="hiv_pharmacy.adverse_drug_reactions " isNullable="true"/>
        <entry name="mmd_type" type="String" expression="hiv_pharmacy.mmd_type " isNullable="true"/>
        <entry name="prescription_error" type="Boolean" expression="hiv_pharmacy.prescription_error " isNullable="true"/>
        <entry name="extra" type="String" expression="hiv_pharmacy.extra " isNullable="true"/>
        <entry name="person_uuid" type="String" expression="hiv_pharmacy.person_uuid " isNullable="false"/>
        <entry name="uuid" type="String" expression="java.util.UUID.randomUUID().toString() " isNullable="false"/>
        <entry name="facility_id" type="long" expression="facilities_lookup.id " isNullable="false"/>
        <entry name="is_devolve" type="Boolean" expression="null" isNullable="true"/>
        <entry name="refill_period" type="Integer" expression="(row4.refill_period != null &amp;&amp; row4.refill_period.matches(&quot;[0-9.]+&quot;))
? Integer.valueOf(row4.refill_period) : null " isNullable="true"/>
        <entry name="delivery_point" type="String" expression="null" isNullable="true"/>
        <entry name="dsd_model" type="String" expression="null" isNullable="true"/>
        <entry name="archived" type="int" expression="hiv_pharmacy.archived " isNullable="false"/>
        <entry name="ipt" type="String" expression="hiv_pharmacy.ipt " isNullable="true"/>
      </metadataTableEntries>
    </table>
  </mapperTable>
  <mapperTable type="var">
    <table name="Var" isMinimized="true" isReject="false" isRejectInnerJoin="false" isInnerJoin="false" isPersistent="false" expressionFilter="null" activateExpressionFilter="false" activateCondensedTool="false" activateColumnNameFilter="false" columnNameFilter="null"/>
  </mapperTable>
</externalNode>
