<?xml version="1.1" encoding="UTF-8"?>

<externalNode i18n.job.component.parameters="Component Parameters:" i18n.job.properties="Properties" i18n.job.values="Values" i18n.mapper.table.for="Mapper table for " i18n.mapper.table.properties="Mapper table Properties" i18n.job.name="Name" i18n.tmap.matching.mode="Matching-mode" i18n.mapper.table.isminimized="isMinimized" i18n.tmap.isreject="isReject" i18n.tmap.isrejectinnnerjoin="isRejectInnerJoin" i18n.tmap.isinnerjoin="isInnerJoin" i18n.tmap.expressionfilter="expressionFilter" i18n.mapper.table.metadata.entries="Metadata Table Entries" i18n.job.type="Type" i18n.mapper.table.expression="Expression" i18n.tmap.isnullable="isNullable" i18n.tmap.constraint.entries="Constraint Table Entries" name="tMap_5" preview="pictures/_tTDjYFbbEe2hB7JEvW46Ew-tMap_5-PREVIEW.bmp">
  <parameters>
    <column name="tStatCatcher Statistics">false</column>
    <column name="Mapping links display as:">AUTO</column>
    <column name="Temp data directory path:"></column>
    <column name="Max buffer size (nb of rows):">2000000</column>
    <column name="Ignore trailing zeros for BigDecimal">true</column>
    <column name="Show Information">false</column>
    <column name="Comment"><![CDATA[]]></column>
    <column name="Use an existing validation rule">false</column>
  </parameters>
  <mapperTable type="input">
    <table name="HIV_Art_Pharmacy" matching-mode="UNIQUE_MATCH" lookup-mode="LOAD_ONCE" isMinimized="false" isReject="false" isRejectInnerJoin="false" isInnerJoin="false" isPersistent="false" expressionFilter="null" activateExpressionFilter="false" activateCondensedTool="false" activateColumnNameFilter="false" columnNameFilter="null">
      <metadataTableEntries>
        <entry name="id" type="int" expression="" isNullable="false"/>
        <entry name="created_date" type="java.util.Date" expression="" isNullable="true"/>
        <entry name="created_by" type="String" expression="" isNullable="true"/>
        <entry name="last_modified_date" type="java.util.Date" expression="" isNullable="true"/>
        <entry name="last_modified_by" type="String" expression="" isNullable="true"/>
        <entry name="next_appointment" type="java.util.Date" expression="" isNullable="true"/>
        <entry name="visit_date" type="java.util.Date" expression="" isNullable="true"/>
        <entry name="ard_screened" type="Boolean" expression="" isNullable="true"/>
        <entry name="adherence" type="Boolean" expression="" isNullable="true"/>
        <entry name="adverse_drug_reactions" type="String" expression="" isNullable="true"/>
        <entry name="mmd_type" type="String" expression="" isNullable="true"/>
        <entry name="prescription_error" type="Boolean" expression="" isNullable="true"/>
        <entry name="extra" type="String" expression="" isNullable="true"/>
        <entry name="person_uuid" type="String" expression="" isNullable="false"/>
        <entry name="uuid" type="String" expression="" isNullable="false"/>
        <entry name="facility_id" type="long" expression="" isNullable="false"/>
        <entry name="is_devolve" type="Boolean" expression="" isNullable="true"/>
        <entry name="refill_period" type="Integer" expression="" isNullable="true"/>
        <entry name="delivery_point" type="String" expression="" isNullable="true"/>
        <entry name="dsd_model" type="String" expression="" isNullable="true"/>
        <entry name="archived" type="int" expression="" isNullable="false"/>
        <entry name="ipt" type="String" expression="" isNullable="true"/>
      </metadataTableEntries>
    </table>
    <table name="row1" matching-mode="UNIQUE_MATCH" lookup-mode="LOAD_ONCE" isMinimized="false" isReject="false" isRejectInnerJoin="false" isInnerJoin="false" isPersistent="false" expressionFilter="null" activateExpressionFilter="false" activateCondensedTool="false" activateColumnNameFilter="false" columnNameFilter="null">
      <metadataTableEntries>
        <entry name="person_uuid" type="String" expression="HIV_Art_Pharmacy.person_uuid " isNullable="false"/>
        <entry name="visit_start_date" type="java.util.Date" expression="HIV_Art_Pharmacy.visit_date " isNullable="true"/>
        <entry name="uuid" type="String" expression="" isNullable="false"/>
      </metadataTableEntries>
    </table>
    <table name="row7" matching-mode="UNIQUE_MATCH" lookup-mode="LOAD_ONCE" isMinimized="false" isReject="false" isRejectInnerJoin="false" isInnerJoin="false" isPersistent="false" expressionFilter="null" activateExpressionFilter="false" activateCondensedTool="false" activateColumnNameFilter="false" columnNameFilter="null">
      <metadataTableEntries>
        <entry name="id" type="int" expression="HIV_Art_Pharmacy.id" isNullable="false"/>
        <entry name="person_uuid" type="String" expression="" isNullable="true"/>
        <entry name="extra" type="String" expression="" isNullable="true"/>
      </metadataTableEntries>
    </table>
  </mapperTable>
  <mapperTable type="output">
    <table name="Pharmacy_visit_map" isMinimized="false" isReject="false" isRejectInnerJoin="false" isInnerJoin="false" isPersistent="false" expressionFilter="null" activateExpressionFilter="false" activateCondensedTool="false" activateColumnNameFilter="false" columnNameFilter="null">
      <metadataTableEntries>
        <entry name="id" type="int" expression="HIV_Art_Pharmacy.id " isNullable="false"/>
        <entry name="created_date" type="java.util.Date" expression="HIV_Art_Pharmacy.created_date " isNullable="true"/>
        <entry name="created_by" type="String" expression="HIV_Art_Pharmacy.created_by " isNullable="true"/>
        <entry name="last_modified_date" type="java.util.Date" expression="HIV_Art_Pharmacy.last_modified_date " isNullable="true"/>
        <entry name="last_modified_by" type="String" expression="HIV_Art_Pharmacy.last_modified_by " isNullable="true"/>
        <entry name="next_appointment" type="java.util.Date" expression="HIV_Art_Pharmacy.next_appointment " isNullable="true"/>
        <entry name="visit_date" type="java.util.Date" expression="row1.visit_start_date " isNullable="true"/>
        <entry name="ard_screened" type="Boolean" expression="HIV_Art_Pharmacy.ard_screened " isNullable="true"/>
        <entry name="adherence" type="Boolean" expression="HIV_Art_Pharmacy.adherence " isNullable="true"/>
        <entry name="adverse_drug_reactions" type="String" expression="HIV_Art_Pharmacy.adverse_drug_reactions " isNullable="true"/>
        <entry name="mmd_type" type="String" expression="HIV_Art_Pharmacy.mmd_type " isNullable="true"/>
        <entry name="prescription_error" type="Boolean" expression="HIV_Art_Pharmacy.prescription_error " isNullable="true"/>
        <entry name="extra" type="String" expression="row7.extra " isNullable="true"/>
        <entry name="uuid" type="String" expression="HIV_Art_Pharmacy.uuid " isNullable="false"/>
        <entry name="visit_id" type="String" expression="row1.uuid " isNullable="false"/>
        <entry name="facility_id" type="long" expression="HIV_Art_Pharmacy.facility_id " isNullable="false"/>
        <entry name="is_devolve" type="Boolean" expression="HIV_Art_Pharmacy.is_devolve " isNullable="true"/>
        <entry name="refill_period" type="Integer" expression="HIV_Art_Pharmacy.refill_period " isNullable="true"/>
        <entry name="delivery_point" type="String" expression="HIV_Art_Pharmacy.delivery_point " isNullable="true"/>
        <entry name="dsd_model" type="String" expression="HIV_Art_Pharmacy.dsd_model " isNullable="true"/>
        <entry name="person_uuid" type="String" expression="row1.person_uuid " isNullable="false"/>
        <entry name="archived" type="int" expression="HIV_Art_Pharmacy.archived " isNullable="false"/>
        <entry name="ipt" type="String" expression="HIV_Art_Pharmacy.ipt " isNullable="true"/>
      </metadataTableEntries>
    </table>
  </mapperTable>
  <mapperTable type="var">
    <table name="Var" isMinimized="true" isReject="false" isRejectInnerJoin="false" isInnerJoin="false" isPersistent="false" expressionFilter="null" activateExpressionFilter="false" activateCondensedTool="false" activateColumnNameFilter="false" columnNameFilter="null"/>
  </mapperTable>
</externalNode>
