<?xml version="1.1" encoding="UTF-8"?>

<externalNode i18n.job.component.parameters="Component Parameters:" i18n.job.properties="Properties" i18n.job.values="Values" i18n.mapper.table.for="Mapper table for " i18n.mapper.table.properties="Mapper table Properties" i18n.job.name="Name" i18n.tmap.matching.mode="Matching-mode" i18n.mapper.table.isminimized="isMinimized" i18n.tmap.isreject="isReject" i18n.tmap.isrejectinnnerjoin="isRejectInnerJoin" i18n.tmap.isinnerjoin="isInnerJoin" i18n.tmap.expressionfilter="expressionFilter" i18n.mapper.table.metadata.entries="Metadata Table Entries" i18n.job.type="Type" i18n.mapper.table.expression="Expression" i18n.tmap.isnullable="isNullable" i18n.tmap.constraint.entries="Constraint Table Entries" name="tMap_2" preview="pictures/_tTDjYFbbEe2hB7JEvW46Ew-tMap_2-PREVIEW.bmp">
  <parameters>
    <column name="tStatCatcher Statistics">false</column>
    <column name="Mapping links display as:">AUTO</column>
    <column name="Temp data directory path:"></column>
    <column name="Max buffer size (nb of rows):">2000000</column>
    <column name="Ignore trailing zeros for BigDecimal">true</column>
    <column name="Show Information">false</column>
    <column name="Comment"><![CDATA[]]></column>
    <column name="Use an existing validation rule">false</column>
  </parameters>
  <mapperTable type="input">
    <table name="Pharm_Lines" matching-mode="UNIQUE_MATCH" lookup-mode="LOAD_ONCE" isMinimized="false" isReject="false" isRejectInnerJoin="false" isInnerJoin="false" isPersistent="false" expressionFilter="null" activateExpressionFilter="false" activateCondensedTool="false" activateColumnNameFilter="false" columnNameFilter="null">
      <metadataTableEntries>
        <entry name="id" type="int" expression="" isNullable="false"/>
        <entry name="date_visit" type="java.util.Date" expression="" isNullable="false"/>
        <entry name="patient_id" type="long" expression="" isNullable="false"/>
        <entry name="duration" type="Integer" expression="" isNullable="true"/>
        <entry name="regimen_id" type="String" expression="" isNullable="true"/>
        <entry name="regimen_type_id" type="String" expression="" isNullable="true"/>
        <entry name="regimen_description" type="String" expression="" isNullable="false"/>
        <entry name="regimen_compostion" type="String" expression="" isNullable="true"/>
        <entry name="regimen_type_description" type="String" expression="" isNullable="false"/>
        <entry name="person_uuid" type="String" expression="" isNullable="true"/>
        <entry name="visit_date" type="java.util.Date" expression="" isNullable="false"/>
      </metadataTableEntries>
    </table>
    <table name="row2" matching-mode="UNIQUE_MATCH" lookup-mode="LOAD_ONCE" isMinimized="false" isReject="false" isRejectInnerJoin="false" isInnerJoin="false" isPersistent="false" expressionFilter="null" activateExpressionFilter="false" activateCondensedTool="false" activateColumnNameFilter="false" columnNameFilter="null">
      <metadataTableEntries>
        <entry name="id" type="long" expression="" isNullable="false"/>
        <entry name="description" type="String" expression="Pharm_Lines.regimen_description " isNullable="false"/>
        <entry name="regimen_type_id" type="long" expression="" isNullable="false"/>
      </metadataTableEntries>
    </table>
  </mapperTable>
  <mapperTable type="output">
    <table name="Load_pharmlines" isMinimized="false" isReject="false" isRejectInnerJoin="false" isInnerJoin="false" isPersistent="false" expressionFilter="null" activateExpressionFilter="false" activateCondensedTool="false" activateColumnNameFilter="false" columnNameFilter="null">
      <metadataTableEntries>
        <entry name="patient_id" type="long" expression="Pharm_Lines.patient_id " isNullable="false"/>
        <entry name="person_uuid" type="String" expression="Pharm_Lines.person_uuid " isNullable="true"/>
        <entry name="regimen_description" type="String" expression="Pharm_Lines.regimen_description " isNullable="false"/>
        <entry name="regimen_type_description" type="String" expression="Pharm_Lines.regimen_type_description " isNullable="false"/>
        <entry name="regimen_id" type="long" expression="row2.id " isNullable="false"/>
        <entry name="regimen_type_id" type="long" expression="row2.regimen_type_id " isNullable="false"/>
        <entry name="date_visit" type="java.util.Date" expression="Pharm_Lines.date_visit " isNullable="false"/>
        <entry name="visit_date" type="java.util.Date" expression="Pharm_Lines.visit_date " isNullable="false"/>
      </metadataTableEntries>
    </table>
    <table name="update_hiv_art_pharmacy" isMinimized="false" isReject="false" isRejectInnerJoin="false" isInnerJoin="false" isPersistent="false" expressionFilter="null" activateExpressionFilter="false" activateCondensedTool="false" activateColumnNameFilter="false" columnNameFilter="null">
      <metadataTableEntries>
        <entry name="refill_period" type="Integer" expression="Pharm_Lines.duration" isNullable="true"/>
        <entry name="id" type="int" expression="Pharm_Lines.id " isNullable="false"/>
      </metadataTableEntries>
    </table>
  </mapperTable>
  <mapperTable type="var">
    <table name="Var" isMinimized="true" isReject="false" isRejectInnerJoin="false" isInnerJoin="false" isPersistent="false" expressionFilter="null" activateExpressionFilter="false" activateCondensedTool="false" activateColumnNameFilter="false" columnNameFilter="null"/>
  </mapperTable>
</externalNode>
