<?xml version="1.1" encoding="UTF-8"?>

<externalNode i18n.job.component.parameters="Component Parameters:" i18n.job.properties="Properties" i18n.job.values="Values" i18n.mapper.table.for="Mapper table for " i18n.mapper.table.properties="Mapper table Properties" i18n.job.name="Name" i18n.tmap.matching.mode="Matching-mode" i18n.mapper.table.isminimized="isMinimized" i18n.tmap.isreject="isReject" i18n.tmap.isrejectinnnerjoin="isRejectInnerJoin" i18n.tmap.isinnerjoin="isInnerJoin" i18n.tmap.expressionfilter="expressionFilter" i18n.mapper.table.metadata.entries="Metadata Table Entries" i18n.job.type="Type" i18n.mapper.table.expression="Expression" i18n.tmap.isnullable="isNullable" i18n.tmap.constraint.entries="Constraint Table Entries" name="tMap_7" preview="pictures/_7-tecGjBEe2_68Xw0AqssA-tMap_7-PREVIEW.bmp">
  <parameters>
    <column name="tStatCatcher Statistics">false</column>
    <column name="Mapping links display as:">AUTO</column>
    <column name="Temp data directory path:"></column>
    <column name="Max buffer size (nb of rows):">2000000</column>
    <column name="Ignore trailing zeros for BigDecimal">true</column>
    <column name="Show Information">false</column>
    <column name="Comment"><![CDATA[]]></column>
    <column name="Use an existing validation rule">false</column>
  </parameters>
  <mapperTable type="input">
    <table name="Extract_Lamis3_Patients" matching-mode="UNIQUE_MATCH" lookup-mode="LOAD_ONCE" isMinimized="false" isReject="false" isRejectInnerJoin="false" isInnerJoin="false" isPersistent="false" expressionFilter="null" activateExpressionFilter="false" activateCondensedTool="false" activateColumnNameFilter="false" columnNameFilter="null">
      <metadataTableEntries>
        <entry name="patient_id" type="int" expression="" isNullable="false"/>
        <entry name="person_uuid" type="String" expression="" isNullable="true"/>
        <entry name="gender" type="String" expression="" isNullable="true"/>
        <entry name="marital_status" type="String" expression="" isNullable="true"/>
        <entry name="education" type="String" expression="" isNullable="true"/>
        <entry name="occupation" type="String" expression="" isNullable="true"/>
        <entry name="next_of_kin_relationship" type="String" expression="" isNullable="true"/>
      </metadataTableEntries>
    </table>
  </mapperTable>
  <mapperTable type="output">
    <table name="Sort_records" isMinimized="false" isReject="false" isRejectInnerJoin="false" isInnerJoin="false" isPersistent="false" expressionFilter="null" activateExpressionFilter="false" activateCondensedTool="false" activateColumnNameFilter="false" columnNameFilter="null">
      <metadataTableEntries>
        <entry name="patient_id" type="int" expression="Extract_Lamis3_Patients.patient_id " isNullable="false"/>
        <entry name="person_uuid" type="String" expression="Extract_Lamis3_Patients.person_uuid " isNullable="true"/>
        <entry name="gender" type="String" expression="Extract_Lamis3_Patients.gender " isNullable="true"/>
        <entry name="marital_status" type="String" expression="Extract_Lamis3_Patients.marital_status " isNullable="true"/>
        <entry name="education" type="String" expression="Extract_Lamis3_Patients.education " isNullable="true"/>
        <entry name="occupation" type="String" expression="Extract_Lamis3_Patients.occupation " isNullable="true"/>
        <entry name="next_of_kin_relationship" type="String" expression="Extract_Lamis3_Patients.next_of_kin_relationship " isNullable="true"/>
      </metadataTableEntries>
    </table>
  </mapperTable>
  <mapperTable type="var">
    <table name="Var" isMinimized="true" isReject="false" isRejectInnerJoin="false" isInnerJoin="false" isPersistent="false" expressionFilter="null" activateExpressionFilter="false" activateCondensedTool="false" activateColumnNameFilter="false" columnNameFilter="null"/>
  </mapperTable>
</externalNode>
