<?xml version="1.1" encoding="UTF-8"?>

<externalNode i18n.job.component.parameters="Component Parameters:" i18n.job.properties="Properties" i18n.job.values="Values" i18n.mapper.table.for="Mapper table for " i18n.mapper.table.properties="Mapper table Properties" i18n.job.name="Name" i18n.tmap.matching.mode="Matching-mode" i18n.mapper.table.isminimized="isMinimized" i18n.tmap.isreject="isReject" i18n.tmap.isrejectinnnerjoin="isRejectInnerJoin" i18n.tmap.isinnerjoin="isInnerJoin" i18n.tmap.expressionfilter="expressionFilter" i18n.mapper.table.metadata.entries="Metadata Table Entries" i18n.job.type="Type" i18n.mapper.table.expression="Expression" i18n.tmap.isnullable="isNullable" i18n.tmap.constraint.entries="Constraint Table Entries" name="tMap_6" preview="pictures/_7-tecGjBEe2_68Xw0AqssA-tMap_6-PREVIEW.bmp">
  <parameters>
    <column name="tStatCatcher Statistics">false</column>
    <column name="Mapping links display as:">AUTO</column>
    <column name="Temp data directory path:"></column>
    <column name="Max buffer size (nb of rows):">2000000</column>
    <column name="Ignore trailing zeros for BigDecimal">true</column>
    <column name="Show Information">false</column>
    <column name="Comment"><![CDATA[]]></column>
    <column name="Use an existing validation rule">false</column>
  </parameters>
  <mapperTable type="input">
    <table name="Patients_mapping" matching-mode="UNIQUE_MATCH" lookup-mode="LOAD_ONCE" isMinimized="false" isReject="false" isRejectInnerJoin="false" isInnerJoin="false" isPersistent="false" expressionFilter="null" activateExpressionFilter="false" activateCondensedTool="false" activateColumnNameFilter="false" columnNameFilter="null">
      <metadataTableEntries>
        <entry name="id" type="Integer" expression="" isNullable="true"/>
        <entry name="hospital_num" type="String" expression="" isNullable="true"/>
        <entry name="uuid" type="String" expression="" isNullable="true"/>
        <entry name="surname" type="String" expression="" isNullable="true"/>
        <entry name="other_names" type="String" expression="" isNullable="true"/>
        <entry name="gender" type="String" expression="" isNullable="true"/>
        <entry name="date_birth" type="java.util.Date" expression="" isNullable="true"/>
        <entry name="dob_estimated" type="Boolean" expression="" isNullable="true"/>
        <entry name="education" type="String" expression="" isNullable="true"/>
        <entry name="marital_status" type="String" expression="" isNullable="true"/>
        <entry name="occupation" type="String" expression="" isNullable="true"/>
        <entry name="address" type="String" expression="" isNullable="true"/>
        <entry name="phone" type="String" expression="" isNullable="true"/>
        <entry name="next_of_kin" type="String" expression="" isNullable="true"/>
        <entry name="next_of_kin_address" type="String" expression="" isNullable="true"/>
        <entry name="next_of_kin_phone" type="String" expression="" isNullable="true"/>
        <entry name="next_of_kin_relationship" type="String" expression="" isNullable="true"/>
        <entry name="date_registration" type="java.util.Date" expression="" isNullable="true"/>
        <entry name="archived" type="Boolean" expression="" isNullable="true"/>
        <entry name="last_modified" type="java.util.Date" expression="" isNullable="true"/>
        <entry name="facility_id" type="Integer" expression="" isNullable="true"/>
        <entry name="facility_name" type="String" expression="" isNullable="true"/>
        <entry name="lga_name" type="String" expression="" isNullable="true"/>
        <entry name="datim_id" type="String" expression="" isNullable="true"/>
      </metadataTableEntries>
    </table>
    <table name="Lamisplus_orgunits_lookup" matching-mode="UNIQUE_MATCH" lookup-mode="LOAD_ONCE" isMinimized="false" isReject="false" isRejectInnerJoin="false" isInnerJoin="false" isPersistent="false" expressionFilter="null" activateExpressionFilter="false" activateCondensedTool="false" activateColumnNameFilter="false" columnNameFilter="null">
      <metadataTableEntries>
        <entry name="patient_id" type="int" expression="Patients_mapping.id " isNullable="false"/>
        <entry name="state_id" type="Long" expression="" isNullable="true"/>
        <entry name="state_name" type="String" expression="" isNullable="false"/>
        <entry name="district_id" type="Long" expression="" isNullable="true"/>
        <entry name="district" type="String" expression="" isNullable="true"/>
      </metadataTableEntries>
    </table>
    <table name="Gender" matching-mode="UNIQUE_MATCH" lookup-mode="LOAD_ONCE" isMinimized="false" isReject="false" isRejectInnerJoin="false" isInnerJoin="false" isPersistent="false" expressionFilter="null" activateExpressionFilter="false" activateCondensedTool="false" activateColumnNameFilter="false" columnNameFilter="null">
      <metadataTableEntries>
        <entry name="person_uuid" type="String" expression="Patients_mapping.uuid " isNullable="true"/>
        <entry name="id" type="long" expression="" isNullable="false"/>
        <entry name="display" type="String" expression="" isNullable="true"/>
        <entry name="sex" type="String" expression="" isNullable="true"/>
      </metadataTableEntries>
    </table>
    <table name="Employment" matching-mode="UNIQUE_MATCH" lookup-mode="LOAD_ONCE" isMinimized="false" isReject="false" isRejectInnerJoin="false" isInnerJoin="false" isPersistent="false" expressionFilter="null" activateExpressionFilter="false" activateCondensedTool="false" activateColumnNameFilter="false" columnNameFilter="null">
      <metadataTableEntries>
        <entry name="person_uuid" type="String" expression="Patients_mapping.uuid " isNullable="true"/>
        <entry name="occupation_id" type="long" expression="" isNullable="false"/>
        <entry name="occupation_display" type="String" expression="" isNullable="true"/>
      </metadataTableEntries>
    </table>
    <table name="Nextkin_relationship" matching-mode="UNIQUE_MATCH" lookup-mode="LOAD_ONCE" isMinimized="false" isReject="false" isRejectInnerJoin="false" isInnerJoin="false" isPersistent="false" expressionFilter="null" activateExpressionFilter="false" activateCondensedTool="false" activateColumnNameFilter="false" columnNameFilter="null">
      <metadataTableEntries>
        <entry name="person_uuid" type="String" expression="Patients_mapping.uuid " isNullable="true"/>
        <entry name="relationshipid" type="Long" expression="" isNullable="true"/>
        <entry name="display" type="String" expression="" isNullable="true"/>
      </metadataTableEntries>
    </table>
    <table name="Education" matching-mode="UNIQUE_MATCH" lookup-mode="LOAD_ONCE" isMinimized="false" isReject="false" isRejectInnerJoin="false" isInnerJoin="false" isPersistent="false" expressionFilter="null" activateExpressionFilter="false" activateCondensedTool="false" activateColumnNameFilter="false" columnNameFilter="null">
      <metadataTableEntries>
        <entry name="patient_id" type="int" expression="" isNullable="false"/>
        <entry name="person_uuid" type="String" expression="Patients_mapping.uuid " isNullable="true"/>
        <entry name="id" type="long" expression="" isNullable="false"/>
        <entry name="display" type="String" expression="" isNullable="true"/>
      </metadataTableEntries>
    </table>
    <table name="Marital_status" matching-mode="UNIQUE_MATCH" lookup-mode="LOAD_ONCE" isMinimized="false" isReject="false" isRejectInnerJoin="false" isInnerJoin="false" isPersistent="false" expressionFilter="null" activateExpressionFilter="false" activateCondensedTool="false" activateColumnNameFilter="false" columnNameFilter="null">
      <metadataTableEntries>
        <entry name="person_uuid" type="String" expression="Patients_mapping.uuid " isNullable="true"/>
        <entry name="id" type="Long" expression="" isNullable="true"/>
        <entry name="display" type="String" expression="" isNullable="true"/>
      </metadataTableEntries>
    </table>
    <table name="Facilities_lookup" matching-mode="UNIQUE_MATCH" lookup-mode="LOAD_ONCE" isMinimized="false" isReject="false" isRejectInnerJoin="false" isInnerJoin="false" isPersistent="false" expressionFilter="null" activateExpressionFilter="false" activateCondensedTool="false" activateColumnNameFilter="false" columnNameFilter="null">
      <metadataTableEntries>
        <entry name="id" type="long" expression="" isNullable="false"/>
        <entry name="name" type="String" expression="" isNullable="true"/>
        <entry name="orgunit_name" type="String" expression="" isNullable="true"/>
        <entry name="datim_code" type="String" expression="Patients_mapping.datim_id " isNullable="true"/>
      </metadataTableEntries>
    </table>
  </mapperTable>
  <mapperTable type="output">
    <table name="CreatJSON_Field" isMinimized="false" isReject="false" isRejectInnerJoin="false" isInnerJoin="false" isPersistent="false" expressionFilter="null" activateExpressionFilter="false" activateCondensedTool="false" activateColumnNameFilter="false" columnNameFilter="null">
      <metadataTableEntries>
        <entry name="id" type="int" expression="Patients_mapping.id " isNullable="false"/>
        <entry name="hospital_number" type="String" expression="Patients_mapping.hospital_num " isNullable="false"/>
        <entry name="uuid" type="String" expression="Patients_mapping.uuid " isNullable="true"/>
        <entry name="first_name" type="String" expression="(Patients_mapping.other_names==null)||(&quot;&quot;.equals(Patients_mapping.other_names))?&quot;&quot;:Patients_mapping.other_names " isNullable="true"/>
        <entry name="surname" type="String" expression="(Patients_mapping.surname==null)||(&quot;&quot;.equals(Patients_mapping.surname))?&quot;&quot;:Patients_mapping.surname " isNullable="true"/>
        <entry name="other_name" type="String" expression="(Patients_mapping.other_names==null)||(&quot;&quot;.equals(Patients_mapping.other_names))?&quot;&quot;:Patients_mapping.other_names " isNullable="true"/>
        <entry name="gender" type="String" expression="Patients_mapping.gender " isNullable="true"/>
        <entry name="date_of_birth" type="java.util.Date" expression="Patients_mapping.date_birth " isNullable="true"/>
        <entry name="is_date_of_birth_estimated" type="Boolean" expression="Patients_mapping.dob_estimated " isNullable="true"/>
        <entry name="education" type="String" expression="Patients_mapping.education " isNullable="true"/>
        <entry name="marital_status" type="String" expression="Patients_mapping.marital_status " isNullable="true"/>
        <entry name="employment_status" type="String" expression="Patients_mapping.occupation " isNullable="true"/>
        <entry name="address" type="String" expression="Patients_mapping.address " isNullable="true"/>
        <entry name="contact_point" type="String" expression="Patients_mapping.phone " isNullable="true"/>
        <entry name="contact" type="String" expression="" isNullable="true"/>
        <entry name="next_of_kin" type="String" expression="Patients_mapping.next_of_kin " isNullable="true"/>
        <entry name="next_of_kin_address" type="String" expression="Patients_mapping.next_of_kin_address " isNullable="true"/>
        <entry name="next_of_kin_phone" type="String" expression="(Patients_mapping.next_of_kin_phone == null) || (&quot;&quot;.equals(Patients_mapping.next_of_kin_phone))? &quot;None&quot;:Patients_mapping.next_of_kin_phone " isNullable="true"/>
        <entry name="next_of_kin_relationship" type="String" expression="Patients_mapping.next_of_kin_relationship " isNullable="true"/>
        <entry name="date_of_registration" type="java.util.Date" expression="Patients_mapping.date_registration " isNullable="false"/>
        <entry name="archived" type="Integer" expression="Patients_mapping.archived?1:0 " isNullable="true"/>
        <entry name="active" type="boolean" expression="true" isNullable="false"/>
        <entry name="deceased" type="Boolean" expression="true" isNullable="true"/>
        <entry name="deceased_date_time" type="java.util.Date" expression="" isNullable="true"/>
        <entry name="created_date" type="java.util.Date" expression="Patients_mapping.last_modified " isNullable="true"/>
        <entry name="last_modified_date" type="java.util.Date" expression="Patients_mapping.last_modified " isNullable="true"/>
        <entry name="created_by" type="String" expression="&quot;Lamis data migration system&quot;" isNullable="true"/>
        <entry name="last_modified_by" type="String" expression="&quot;Lamis data migration system&quot;" isNullable="true"/>
        <entry name="identifier" type="String" expression="" isNullable="true"/>
        <entry name="state_name" type="String" expression="Lamisplus_orgunits_lookup.state_name " isNullable="true"/>
        <entry name="state_id" type="Long" expression="Lamisplus_orgunits_lookup.state_id " isNullable="true"/>
        <entry name="district_id" type="Long" expression="Lamisplus_orgunits_lookup.district_id " isNullable="true"/>
        <entry name="district" type="String" expression="Lamisplus_orgunits_lookup.district " isNullable="true"/>
        <entry name="facility_id" type="long" expression="Facilities_lookup.id " isNullable="false"/>
        <entry name="facility_name" type="String" expression="Facilities_lookup.name " isNullable="true"/>
        <entry name="contact_loop" type="String" expression="&quot;loop&quot;" isNullable="true"/>
        <entry name="education_loop" type="String" expression="&quot;loop&quot;" isNullable="true"/>
        <entry name="status_loop" type="String" expression="&quot;loop&quot;" isNullable="true"/>
        <entry name="employmentLoop" type="String" expression="&quot;loop&quot;" isNullable="true"/>
        <entry name="address_loop" type="String" expression="&quot;loop&quot;" isNullable="true"/>
        <entry name="phone_loop" type="String" expression="&quot;loop&quot;" isNullable="true"/>
        <entry name="orgunit_loop" type="String" expression="&quot;loop&quot;" isNullable="true"/>
        <entry name="marital_id" type="Long" expression="Marital_status.id " isNullable="true"/>
        <entry name="marital_display" type="String" expression="Marital_status.display " isNullable="true"/>
        <entry name="gender_id" type="Long" expression="Gender.id " isNullable="true"/>
        <entry name="gender_display" type="String" expression="(Gender.display==null)?null: Gender.display " isNullable="true"/>
        <entry name="education_id" type="Long" expression="Education.id " isNullable="true"/>
        <entry name="education_display" type="String" expression="Education.display " isNullable="true"/>
        <entry name="occupation_id" type="long" expression="Employment.occupation_id " isNullable="false"/>
        <entry name="occupation_display" type="String" expression="Employment.occupation_display " isNullable="true"/>
        <entry name="relationshipid" type="Long" expression="Nextkin_relationship.relationshipid " isNullable="true"/>
        <entry name="sex" type="String" expression="Gender.sex " isNullable="true"/>
      </metadataTableEntries>
    </table>
  </mapperTable>
  <mapperTable type="var">
    <table name="Var" isMinimized="true" isReject="false" isRejectInnerJoin="false" isInnerJoin="false" isPersistent="false" expressionFilter="null" activateExpressionFilter="false" activateCondensedTool="false" activateColumnNameFilter="false" columnNameFilter="null"/>
  </mapperTable>
</externalNode>
