<?xml version="1.1" encoding="UTF-8"?>

<externalNode i18n.job.component.parameters="Component Parameters:" i18n.job.properties="Properties" i18n.job.values="Values" i18n.mapper.table.for="Mapper table for " i18n.mapper.table.properties="Mapper table Properties" i18n.job.name="Name" i18n.tmap.matching.mode="Matching-mode" i18n.mapper.table.isminimized="isMinimized" i18n.tmap.isreject="isReject" i18n.tmap.isrejectinnnerjoin="isRejectInnerJoin" i18n.tmap.isinnerjoin="isInnerJoin" i18n.tmap.expressionfilter="expressionFilter" i18n.mapper.table.metadata.entries="Metadata Table Entries" i18n.job.type="Type" i18n.mapper.table.expression="Expression" i18n.tmap.isnullable="isNullable" i18n.tmap.constraint.entries="Constraint Table Entries" name="tMap_9" preview="pictures/_7-tecGjBEe2_68Xw0AqssA-tMap_9-PREVIEW.bmp">
  <parameters>
    <column name="tStatCatcher Statistics">false</column>
    <column name="Mapping links display as:">AUTO</column>
    <column name="Temp data directory path:"></column>
    <column name="Max buffer size (nb of rows):">2000000</column>
    <column name="Ignore trailing zeros for BigDecimal">true</column>
    <column name="Show Information">false</column>
    <column name="Comment"><![CDATA[]]></column>
    <column name="Use an existing validation rule">false</column>
  </parameters>
  <mapperTable type="input">
    <table name="Unique_Patients" matching-mode="UNIQUE_MATCH" lookup-mode="LOAD_ONCE" isMinimized="false" isReject="false" isRejectInnerJoin="false" isInnerJoin="false" isPersistent="false" expressionFilter="null" activateExpressionFilter="false" activateCondensedTool="false" activateColumnNameFilter="false" columnNameFilter="null">
      <metadataTableEntries>
        <entry name="id" type="int" expression="" isNullable="false"/>
        <entry name="hospital_number" type="String" expression="" isNullable="false"/>
        <entry name="uuid" type="String" expression="" isNullable="true"/>
        <entry name="first_name" type="String" expression="" isNullable="true"/>
        <entry name="surname" type="String" expression="" isNullable="true"/>
        <entry name="other_name" type="String" expression="" isNullable="true"/>
        <entry name="gender" type="String" expression="" isNullable="true"/>
        <entry name="date_of_birth" type="java.util.Date" expression="" isNullable="true"/>
        <entry name="is_date_of_birth_estimated" type="Boolean" expression="" isNullable="true"/>
        <entry name="education" type="String" expression="" isNullable="true"/>
        <entry name="marital_status" type="String" expression="" isNullable="true"/>
        <entry name="employment_status" type="String" expression="" isNullable="true"/>
        <entry name="address" type="String" expression="" isNullable="true"/>
        <entry name="contact_point" type="String" expression="" isNullable="true"/>
        <entry name="contact" type="String" expression="" isNullable="true"/>
        <entry name="date_of_registration" type="java.util.Date" expression="" isNullable="false"/>
        <entry name="archived" type="Integer" expression="" isNullable="true"/>
        <entry name="active" type="boolean" expression="" isNullable="false"/>
        <entry name="deceased" type="Boolean" expression="" isNullable="true"/>
        <entry name="deceased_date_time" type="java.util.Date" expression="" isNullable="true"/>
        <entry name="created_date" type="java.util.Date" expression="" isNullable="true"/>
        <entry name="last_modified_date" type="java.util.Date" expression="" isNullable="true"/>
        <entry name="created_by" type="String" expression="" isNullable="true"/>
        <entry name="last_modified_by" type="String" expression="" isNullable="true"/>
        <entry name="identifier" type="String" expression="" isNullable="true"/>
        <entry name="facility_id" type="long" expression="" isNullable="false"/>
        <entry name="organization" type="String" expression="" isNullable="true"/>
        <entry name="sex" type="String" expression="" isNullable="true"/>
      </metadataTableEntries>
    </table>
  </mapperTable>
  <mapperTable type="output">
    <table name="final_mapper" isMinimized="false" isReject="false" isRejectInnerJoin="false" isInnerJoin="false" isPersistent="false" expressionFilter="null" activateExpressionFilter="false" activateCondensedTool="false" activateColumnNameFilter="false" columnNameFilter="null">
      <metadataTableEntries>
        <entry name="id" type="int" expression="Unique_Patients.id " isNullable="false"/>
        <entry name="hospital_number" type="String" expression="Unique_Patients.hospital_number " isNullable="false"/>
        <entry name="uuid" type="String" expression="Unique_Patients.uuid " isNullable="true"/>
        <entry name="first_name" type="String" expression="Unique_Patients.first_name " isNullable="true"/>
        <entry name="surname" type="String" expression="Unique_Patients.surname " isNullable="true"/>
        <entry name="other_name" type="String" expression="Unique_Patients.other_name " isNullable="true"/>
        <entry name="gender" type="String" expression="Unique_Patients.gender " isNullable="true"/>
        <entry name="date_of_birth" type="java.util.Date" expression="Unique_Patients.date_of_birth " isNullable="true"/>
        <entry name="is_date_of_birth_estimated" type="Boolean" expression="Unique_Patients.is_date_of_birth_estimated " isNullable="true"/>
        <entry name="education" type="String" expression="Unique_Patients.education " isNullable="true"/>
        <entry name="marital_status" type="String" expression="Unique_Patients.marital_status " isNullable="true"/>
        <entry name="employment_status" type="String" expression="Unique_Patients.employment_status " isNullable="true"/>
        <entry name="address" type="String" expression="Unique_Patients.address " isNullable="true"/>
        <entry name="contact_point" type="String" expression="Unique_Patients.contact_point " isNullable="true"/>
        <entry name="contact" type="String" expression="Unique_Patients.contact " isNullable="true"/>
        <entry name="date_of_registration" type="java.util.Date" expression="Unique_Patients.date_of_registration " isNullable="false"/>
        <entry name="archived" type="Integer" expression="Unique_Patients.archived " isNullable="true"/>
        <entry name="active" type="boolean" expression="Unique_Patients.active " isNullable="false"/>
        <entry name="deceased" type="Boolean" expression="Unique_Patients.deceased " isNullable="true"/>
        <entry name="deceased_date_time" type="java.util.Date" expression="Unique_Patients.deceased_date_time " isNullable="true"/>
        <entry name="created_date" type="java.util.Date" expression="Unique_Patients.created_date " isNullable="true"/>
        <entry name="last_modified_date" type="java.util.Date" expression="Unique_Patients.last_modified_date " isNullable="true"/>
        <entry name="created_by" type="String" expression="Unique_Patients.created_by " isNullable="true"/>
        <entry name="last_modified_by" type="String" expression="Unique_Patients.last_modified_by " isNullable="true"/>
        <entry name="identifier" type="String" expression="Unique_Patients.identifier " isNullable="true"/>
        <entry name="facility_id" type="long" expression="Unique_Patients.facility_id " isNullable="false"/>
        <entry name="organization" type="String" expression="Unique_Patients.organization " isNullable="true"/>
        <entry name="sex" type="String" expression="(Unique_Patients.sex != null)?(Character.toUpperCase(Unique_Patients.sex.toLowerCase().charAt(0)) + Unique_Patients.sex.toLowerCase().substring(1)):Unique_Patients.sex; " isNullable="true"/>
        <entry name="full_name" type="String" expression="((Unique_Patients.first_name == null)?&quot;&quot;:Unique_Patients.first_name.trim()) + 
((Unique_Patients.surname == null)?&quot;&quot;:Unique_Patients.surname.trim()) " isNullable="true"/>
      </metadataTableEntries>
    </table>
  </mapperTable>
  <mapperTable type="var">
    <table name="Var" isMinimized="true" isReject="false" isRejectInnerJoin="false" isInnerJoin="false" isPersistent="false" expressionFilter="null" activateExpressionFilter="false" activateCondensedTool="false" activateColumnNameFilter="false" columnNameFilter="null"/>
  </mapperTable>
</externalNode>
