<?xml version="1.1" encoding="UTF-8"?>

<externalNode i18n.job.component.parameters="Component Parameters:" i18n.job.properties="Properties" i18n.job.values="Values" i18n.mapper.table.for="Mapper table for " i18n.mapper.table.properties="Mapper table Properties" i18n.job.name="Name" i18n.tmap.matching.mode="Matching-mode" i18n.mapper.table.isminimized="isMinimized" i18n.tmap.isreject="isReject" i18n.tmap.isrejectinnnerjoin="isRejectInnerJoin" i18n.tmap.isinnerjoin="isInnerJoin" i18n.tmap.expressionfilter="expressionFilter" i18n.mapper.table.metadata.entries="Metadata Table Entries" i18n.job.type="Type" i18n.mapper.table.expression="Expression" i18n.tmap.isnullable="isNullable" i18n.tmap.constraint.entries="Constraint Table Entries" name="tMap_1" preview="pictures/_L0qnsF9EEe2shsWFuhW0xw-tMap_1-PREVIEW.bmp">
  <parameters>
    <column name="tStatCatcher Statistics">false</column>
    <column name="Mapping links display as:">AUTO</column>
    <column name="Temp data directory path:"></column>
    <column name="Max buffer size (nb of rows):">2000000</column>
    <column name="Ignore trailing zeros for BigDecimal">true</column>
    <column name="Show Information">false</column>
    <column name="Comment"><![CDATA[]]></column>
    <column name="Use an existing validation rule">false</column>
  </parameters>
  <mapperTable type="input">
    <table name="row2" matching-mode="UNIQUE_MATCH" lookup-mode="LOAD_ONCE" isMinimized="false" isReject="false" isRejectInnerJoin="false" isInnerJoin="false" isPersistent="false" expressionFilter="null" activateExpressionFilter="false" activateCondensedTool="false" activateColumnNameFilter="false" columnNameFilter="null">
      <metadataTableEntries>
        <entry name="screening_result" type="String" expression="" isNullable="true"/>
        <entry name="screen_method" type="String" expression="" isNullable="true"/>
        <entry name="screen_type" type="String" expression="" isNullable="true"/>
        <entry name="date_of_screening" type="String" expression="" isNullable="true"/>
        <entry name="screening_area" type="String" expression="" isNullable="true"/>
        <entry name="screening_gross" type="String" expression="" isNullable="true"/>
        <entry name="screening_refferal" type="String" expression="" isNullable="true"/>
        <entry name="screening_visible" type="String" expression="" isNullable="true"/>
        <entry name="created_date" type="java.util.Date" expression="" isNullable="false"/>
        <entry name="last_modified_date" type="java.util.Date" expression="" isNullable="false"/>
        <entry name="created_by" type="String" expression="" isNullable="true"/>
        <entry name="last_modified_by" type="String" expression="" isNullable="true"/>
        <entry name="type" type="String" expression="" isNullable="true"/>
        <entry name="date_of_observation" type="java.util.Date" expression="" isNullable="false"/>
        <entry name="datim_id" type="String" expression="" isNullable="false"/>
        <entry name="person_uuid" type="String" expression="" isNullable="true"/>
        <entry name="uuid" type="String" expression="" isNullable="false"/>
        <entry name="archived" type="Integer" expression="" isNullable="true"/>
      </metadataTableEntries>
    </table>
    <table name="facility" matching-mode="UNIQUE_MATCH" lookup-mode="LOAD_ONCE" isMinimized="false" isReject="false" isRejectInnerJoin="false" isInnerJoin="false" isPersistent="false" expressionFilter="null" activateExpressionFilter="false" activateCondensedTool="false" activateColumnNameFilter="false" columnNameFilter="null">
      <metadataTableEntries>
        <entry name="id" type="long" expression="" isNullable="false"/>
        <entry name="facility_name" type="String" expression="" isNullable="false"/>
        <entry name="lga_name" type="String" expression="" isNullable="false"/>
        <entry name="datim_id" type="String" expression="row2.datim_id " isNullable="false"/>
      </metadataTableEntries>
    </table>
    <table name="codeset_lookup" matching-mode="UNIQUE_MATCH" lookup-mode="LOAD_ONCE" isMinimized="false" isReject="false" isRejectInnerJoin="false" isInnerJoin="false" isPersistent="false" expressionFilter="null" activateExpressionFilter="false" activateCondensedTool="false" activateColumnNameFilter="false" columnNameFilter="null">
      <metadataTableEntries>
        <entry name="display" type="String" expression="row2.screen_method " isNullable="true"/>
        <entry name="code" type="String" expression="" isNullable="true"/>
      </metadataTableEntries>
    </table>
    <table name="row3" matching-mode="UNIQUE_MATCH" lookup-mode="LOAD_ONCE" isMinimized="false" isReject="false" isRejectInnerJoin="false" isInnerJoin="false" isPersistent="false" expressionFilter="null" activateExpressionFilter="false" activateCondensedTool="false" activateColumnNameFilter="false" columnNameFilter="null">
      <metadataTableEntries>
        <entry name="display" type="String" expression="row2.screen_type" isNullable="true"/>
        <entry name="code" type="String" expression="" isNullable="true"/>
      </metadataTableEntries>
    </table>
    <table name="row4" matching-mode="UNIQUE_MATCH" lookup-mode="LOAD_ONCE" isMinimized="false" isReject="false" isRejectInnerJoin="false" isInnerJoin="false" isPersistent="false" expressionFilter="null" activateExpressionFilter="false" activateCondensedTool="false" activateColumnNameFilter="false" columnNameFilter="null">
      <metadataTableEntries>
        <entry name="display" type="String" expression="row2.screening_result" isNullable="true"/>
        <entry name="code" type="String" expression="" isNullable="true"/>
      </metadataTableEntries>
    </table>
    <table name="row5" matching-mode="UNIQUE_MATCH" lookup-mode="LOAD_ONCE" isMinimized="false" isReject="false" isRejectInnerJoin="false" isInnerJoin="false" isPersistent="false" expressionFilter="null" activateExpressionFilter="false" activateCondensedTool="false" activateColumnNameFilter="false" columnNameFilter="null">
      <metadataTableEntries>
        <entry name="visit_id" type="String" expression="" isNullable="false"/>
        <entry name="visit_start_date" type="java.util.Date" expression="row2.date_of_observation" isNullable="true"/>
        <entry name="visit_end_date" type="java.util.Date" expression="row2.date_of_observation" isNullable="true"/>
        <entry name="person_uuid" type="String" expression="row2.person_uuid " isNullable="false"/>
      </metadataTableEntries>
    </table>
  </mapperTable>
  <mapperTable type="output">
    <table name="cervical_cancer_extract" isMinimized="false" isReject="false" isRejectInnerJoin="false" isInnerJoin="false" isPersistent="false" expressionFilter="null" activateExpressionFilter="false" activateCondensedTool="false" activateColumnNameFilter="false" columnNameFilter="null">
      <metadataTableEntries>
        <entry name="id" type="Integer" expression="Numeric.sequence(&quot;s1&quot;,1,1) " isNullable="true"/>
        <entry name="screening_result" type="String" expression="row4.code " isNullable="true"/>
        <entry name="screen_method" type="String" expression="codeset_lookup.code " isNullable="true"/>
        <entry name="screen_type" type="String" expression="row3.code " isNullable="true"/>
        <entry name="date_of_screening" type="String" expression="row2.date_of_screening " isNullable="true"/>
        <entry name="screening_area" type="String" expression="row2.screening_area " isNullable="true"/>
        <entry name="screening_gross" type="String" expression="row2.screening_gross " isNullable="true"/>
        <entry name="screening_refferal" type="String" expression="row2.screening_refferal " isNullable="true"/>
        <entry name="screening_visible" type="String" expression="row2.screening_visible " isNullable="true"/>
        <entry name="created_date" type="java.util.Date" expression="row2.created_date " isNullable="false"/>
        <entry name="last_modified_date" type="java.util.Date" expression="row2.last_modified_date " isNullable="false"/>
        <entry name="created_by" type="String" expression="row2.created_by " isNullable="true"/>
        <entry name="last_modified_by" type="String" expression="row2.last_modified_by " isNullable="true"/>
        <entry name="type" type="String" expression="row2.type " isNullable="true"/>
        <entry name="date_of_observation" type="java.util.Date" expression="row2.date_of_observation " isNullable="false"/>
        <entry name="person_uuid" type="String" expression="row2.person_uuid " isNullable="false"/>
        <entry name="uuid" type="String" expression="row2.uuid " isNullable="false"/>
        <entry name="archived" type="int" expression="row2.archived " isNullable="false"/>
        <entry name="facility_id" type="long" expression="facility.id " isNullable="false"/>
        <entry name="visit_id" type="String" expression="row5.visit_id " isNullable="false"/>
      </metadataTableEntries>
    </table>
  </mapperTable>
  <mapperTable type="var">
    <table name="Var" isMinimized="true" isReject="false" isRejectInnerJoin="false" isInnerJoin="false" isPersistent="false" expressionFilter="null" activateExpressionFilter="false" activateCondensedTool="false" activateColumnNameFilter="false" columnNameFilter="null"/>
  </mapperTable>
</externalNode>
