<?xml version="1.1" encoding="UTF-8"?>

<project i18n.job.generated.documetation="Generated documentation" i18n.job.project.name="Project Name" i18n.job.generated.date="GENERATION DATE" i18n.job.author="AUTHOR" i18n.job.summary="Summary" i18n.job.project.description="Project Description" i18n.job.job.description="Description" i18n.job.job.preview.picture="Preview Picture" i18n.job.job.setting="Settings" i18n.job.context.list="Context List" i18n.job.component.list="Component List" i18n.job.components.description="Components Description" i18n.job.source.code="Source Code" i18n.job.properties="Properties" i18n.job.values="Values" i18n.job.name="Name" i18n.job.language="Language" i18n.job.description="Description" i18n.job.author.min="Author" i18n.job.version="Version" i18n.job.purpose="Purpose" i18n.job.status="Status" i18n.job.creation="Creation" i18n.job.modification="Modification" i18n.job.extract.settings="Extra settings" i18n.job.value="Value" i18n.job.stats.logs="Status &amp; Logs" i18n.job.context="Context" i18n.job.promt="Prompt" i18n.job.need.promt="Need Prompt?" i18n.job.type="Type" i18n.job.source="Source" i18n.job.component.name="Component Name" i18n.job.component.type="Component Type" i18n.job.component="Component" i18n.job.unique.name="UNIQUE NAME" i18n.job.input="INPUT(S)" i18n.job.label="LABEL" i18n.job.output="OUTPUT(S)" i18n.job.component.parameters="Component Parameters:" i18n.job.schema.for="Schema for " i18n.job.column="Column" i18n.job.key="Key" i18n.job.length="Length" i18n.job.precision="Precision" i18n.job.nullable="Nullable" i18n.job.comment="Comment" i18n.job.original.function.parameters="Original Function Parameters:" i18n.job.ended="ended" i18n.job.content="content" i18n.route.manifest.type="Type" i18n.route.manifest.value="Value" i18n.route.resource.name="Name" i18n.route.resource.version="Version" i18n.route.resource.path="Path" name="LAMISPlus_ETL" logo="pictures/logo.jpg" title="Generated by Talend Open Studio for Big Data" link="http://www.talend.com" language="java" generatedDate="Mar 20, 2023 10:43:23 PM" versionName="Talend Open Studio VERSION " version="7.3.1.20200219_1130" docType="Jobs" company="">
  <pro-description><![CDATA[]]></pro-description>
  <job name="J_HTS" author="user@talend.com" i18n.job.extract.settings.type="i18n.job.extract.settings" i18n.job.stats.logs.type="i18n.job.stats.logs" version="6.0" purpose="ETL Tool for HTS migration" status="" creation="Nov 5, 2022 5:32:26 PM" modification="Mar 20, 2023 10:43:08 PM">
    <description><![CDATA[This ETL tool is used for migration of HTS data from LAMIS 3 to LAMISPlus hts table<br/>]]></description>
    <preview picture="pictures/J_HTS_6.0.png"/>
    <contextList>
      <context name="Lamisplus">
        <contextParameter name="LAMISPlus_Schema" prompt="LAMISPlus_Schema?" promptNeeded="false" type="id_String" value="public"/>
        <contextParameter name="LAMISPlus_AdditionalParams" prompt="LAMISPlus_AdditionalParams?" promptNeeded="false" type="id_String" value=""/>
        <contextParameter name="LAMISPlus_Database" prompt="LAMISPlus_Database?" promptNeeded="true" type="id_String" value="test"/>
        <contextParameter name="LAMISPlus_Login" prompt="LAMISPlus_Login?" promptNeeded="false" type="id_String" value="postgres"/>
        <contextParameter name="LAMISPlus_Server" prompt="LAMISPlus_Server?" promptNeeded="false" type="id_String" value="localhost"/>
        <contextParameter name="LAMISPlus_Password" prompt="LAMISPlus_Password?" promptNeeded="true" type="id_Password" value="*****"/>
        <contextParameter name="LAMISPlus_Port" prompt="LAMISPlus_Port?" promptNeeded="false" type="id_String" value="5432"/>
        <contextParameter name="LAMIS3_Login" prompt="LAMIS3_Login?" promptNeeded="false" type="id_String" value="postgres" source="LAMIS3"/>
        <contextParameter name="LAMIS3_Port" prompt="LAMIS3_Port?" promptNeeded="false" type="id_String" value="5432" source="LAMIS3"/>
        <contextParameter name="LAMIS3_AdditionalParams" prompt="LAMIS3_AdditionalParams?" promptNeeded="false" type="id_String" value="" source="LAMIS3"/>
        <contextParameter name="LAMIS3_Database" prompt="LAMIS3_Database?" promptNeeded="true" type="id_String" value="lamis-aminu" source="LAMIS3"/>
        <contextParameter name="LAMIS3_Password" prompt="LAMIS3_Password?" promptNeeded="true" type="id_Password" value="*****" source="LAMIS3"/>
        <contextParameter name="LAMIS3_Server" prompt="LAMIS3_Server?" promptNeeded="false" type="id_String" value="localhost" source="LAMIS3"/>
        <contextParameter name="LAMIS3_Schema" prompt="LAMIS3_Schema?" promptNeeded="false" type="id_String" value="public" source="LAMIS3"/>
      </context>
      <context name="Default">
        <contextParameter name="LAMIS3_Database" prompt="LAMIS3_Database?" promptNeeded="true" type="id_String" value="lamis-aminu" source="LAMIS3"/>
        <contextParameter name="LAMIS3_Port" prompt="LAMIS3_Port?" promptNeeded="false" type="id_String" value="5432" source="LAMIS3"/>
        <contextParameter name="LAMIS3_AdditionalParams" prompt="LAMIS3_AdditionalParams?" promptNeeded="false" type="id_String" value="" source="LAMIS3"/>
        <contextParameter name="LAMIS3_Schema" prompt="LAMIS3_Schema?" promptNeeded="false" type="id_String" value="public" source="LAMIS3"/>
        <contextParameter name="LAMIS3_Password" prompt="LAMIS3_Password?" promptNeeded="true" type="id_Password" value="*****" source="LAMIS3"/>
        <contextParameter name="LAMIS3_Server" prompt="LAMIS3_Server?" promptNeeded="false" type="id_String" value="localhost" source="LAMIS3"/>
        <contextParameter name="LAMIS3_Login" prompt="LAMIS3_Login?" promptNeeded="false" type="id_String" value="postgres" source="LAMIS3"/>
        <contextParameter name="LAMISPlus_Port" prompt="LAMISPlus_Port?" promptNeeded="false" type="id_String" value="5432"/>
        <contextParameter name="LAMISPlus_Server" prompt="LAMISPlus_Server?" promptNeeded="false" type="id_String" value="localhost"/>
        <contextParameter name="LAMISPlus_Schema" prompt="LAMISPlus_Schema?" promptNeeded="false" type="id_String" value="public"/>
        <contextParameter name="LAMISPlus_Login" prompt="LAMISPlus_Login?" promptNeeded="false" type="id_String" value="postgres"/>
        <contextParameter name="LAMISPlus_AdditionalParams" prompt="LAMISPlus_AdditionalParams?" promptNeeded="false" type="id_String" value=""/>
        <contextParameter name="LAMISPlus_Password" prompt="LAMISPlus_Password?" promptNeeded="true" type="id_Password" value="*****"/>
        <contextParameter name="LAMISPlus_Database" prompt="LAMISPlus_Database?" promptNeeded="true" type="id_String" value="test"/>
      </context>
    </contextList>
    <jobSetting>
      <extra>
        <jobParameter name="COMP_DEFAULT_FILE_DIR" value=""/>
        <jobParameter name="Multi thread execution" value="false"/>
        <jobParameter name="Implicit tContextLoad" value="false"/>
      </extra>
      <Statslogs>
        <jobParameter name="Use statistics (tStatCatcher)" value="false"/>
        <jobParameter name="Use logs (tLogCatcher)" value="false"/>
        <jobParameter name="Use volumetrics (tFlowMeterCatcher)" value="false"/>
        <jobParameter name="On Console" value="false"/>
        <jobParameter name="On Files" value="false"/>
        <jobParameter name="On Databases" value="false"/>
        <jobParameter name="Catch components statistics" value="false"/>
        <jobParameter name="Catch runtime errors" value="true"/>
        <jobParameter name="Catch user errors" value="true"/>
        <jobParameter name="Catch user warnings" value="true"/>
      </Statslogs>
    </jobSetting>
    <componentList>
      <componentItem name="tDBInput_1" link="tDBInput_1" type="tPostgresqlInput" leftTopX="128" leftTopY="160" rightBottomX="160" rightBottomY="192"/>
      <componentItem name="tDBInput_2" link="tDBInput_2" type="tPostgresqlInput" leftTopX="192" leftTopY="352" rightBottomX="224" rightBottomY="384"/>
      <componentItem name="tDBInput_3" link="tDBInput_3" type="tPostgresqlInput" leftTopX="192" leftTopY="480" rightBottomX="224" rightBottomY="512"/>
      <componentItem name="tDBInput_4" link="tDBInput_4" type="tPostgresqlInput" leftTopX="480" leftTopY="352" rightBottomX="512" rightBottomY="384"/>
      <componentItem name="tDBInput_5" link="tDBInput_5" type="tPostgresqlInput" leftTopX="480" leftTopY="480" rightBottomX="512" rightBottomY="512"/>
      <componentItem name="tDBInput_6" link="tDBInput_6" type="tPostgresqlInput" leftTopX="768" leftTopY="480" rightBottomX="800" rightBottomY="512"/>
      <componentItem name="tDBInput_7" link="tDBInput_7" type="tPostgresqlInput" leftTopX="128" leftTopY="64" rightBottomX="160" rightBottomY="96"/>
      <componentItem name="tDBInput_8" link="tDBInput_8" type="tPostgresqlInput" leftTopX="128" leftTopY="576" rightBottomX="160" rightBottomY="608"/>
      <componentItem name="tDBOutput_1" link="tDBOutput_1" type="tPostgresqlOutput" leftTopX="1184" leftTopY="288" rightBottomX="1216" rightBottomY="320"/>
      <componentItem name="tDBOutput_2" link="tDBOutput_2" type="tPostgresqlOutput" leftTopX="512" leftTopY="64" rightBottomX="544" rightBottomY="96"/>
      <componentItem name="tDBOutput_3" link="tDBOutput_3" type="tPostgresqlOutput" leftTopX="736" leftTopY="576" rightBottomX="768" rightBottomY="608"/>
      <componentItem name="tJava_1" link="tJava_1" type="tJava" leftTopX="32" leftTopY="160" rightBottomX="64" rightBottomY="192"/>
      <componentItem name="tJava_2" link="tJava_2" type="tJava" leftTopX="928" leftTopY="576" rightBottomX="960" rightBottomY="608"/>
      <componentItem name="tJava_3" link="tJava_3" type="tJava" leftTopX="32" leftTopY="64" rightBottomX="64" rightBottomY="96"/>
      <componentItem name="tMap_1" link="tMap_1" type="tMap" leftTopX="512" leftTopY="192" rightBottomX="544" rightBottomY="224"/>
      <componentItem name="tMap_2" link="tMap_2" type="tMap" leftTopX="800" leftTopY="288" rightBottomX="832" rightBottomY="320"/>
      <componentItem name="tMap_3" link="tMap_3" type="tMap" leftTopX="1024" leftTopY="288" rightBottomX="1056" rightBottomY="320"/>
      <componentItem name="tMap_4" link="tMap_4" type="tMap" leftTopX="416" leftTopY="576" rightBottomX="448" rightBottomY="608"/>
    </componentList>
    <internalNodeComponents>
      <component icon="pictures/tDBInput_1.png" uniqueName="tDBInput_1" label="LAMIS3_hts">
        <input link="tDBInput_7">tDBInput_7</input>
        <output link="tMap_1">tMap_1</output>
        <output link="tJava_1">tJava_1</output>
        <output link="tDBInput_8">tDBInput_8</output>
        <componentType>tPostgresqlInput</componentType>
        <parameters>
          <column name="Database" value="tPostgresqlInput"/>
          <column name="Unique Name" value="tDBInput_1"/>
          <column name="Component Name" value="tPostgresqlInput"/>
          <column name="Version" value="0.102 (ALPHA)"/>
          <column name="Family" value="Databases/DB Specifics/PostgreSQL"/>
          <column name="Start" value="false"/>
          <column name="Startable" value="true"/>
          <column name="SUBTREE_START" value="true"/>
          <column name="END_OF_FLOW" value="false"/>
          <column name="Activate" value="true"/>
          <column name="DUMMY" value="false"/>
          <column name="tStatCatcher Statistics" value="false"/>
          <column name="Help" value="org.talend.help.tPostgresqlInput"/>
          <column name="Update components" value="true"/>
          <column name="IREPORT_PATH" value=""/>
          <column name="JAVA_LIBRARY_PATH" value="C:\Users\A\Documents\TOS_BD-20200219_1130-V7.3.1\configuration\lib\java"/>
          <column name="Subjob color" value=""/>
          <column name="Title color" value=""/>
          <column name="Property Type" value="repository: DB (POSTGRESQL):LAMIS3"/>
          <column name="Use an existing connection" value="false"/>
          <column name="Component List" value=""/>
          <column name="DB Version" value="V9_X"/>
          <column name="Host" value="context.LAMIS3_Server"/>
          <column name="Database Driver" value="POSTGRESQL"/>
          <column name="Port" value="context.LAMIS3_Port"/>
          <column name="Database" value="context.LAMIS3_Database"/>
          <column name="Schema" value="context.LAMIS3_Schema"/>
          <column name="Username" value="context.LAMIS3_Login"/>
          <column name="Password" value="context.LAMIS3_Password"/>
          <column name="REPOSITORY_ALLOW_AUTO_SWITCH" value="true"/>
          <column name="Schema" value="Built-In"/>
          <column name="Table Name" value="&quot;hts_new&quot;"/>
          <column name="Query Type" value="Built-In"/>
          <column name="Guess Schema" value="&quot;&quot;"/>
          <column name="Query" value="&quot;SELECT h.id as id, json_build_object(
  'date', hiv_test_result -&gt;&gt; 'screeningTestDate'::varchar, 
'result', 
	(CASE
    WHEN lower(trim(left(hiv_test_result -&gt;&gt;'screeningTestResult'::VARCHAR, 2)))='re' THEN 'Yes'
	WHEN lower(trim(left(hiv_test_result -&gt;&gt;'screeningTestResult'::VARCHAR, 2)))='no' THEN 'No'
	ELSE
	null
  END)
) test1,
json_build_object(
  'date', hiv_test_result -&gt;&gt; 'confirmatoryTestDate'::varchar, 
'result', 
	(CASE
    WHEN lower(trim(left(hiv_test_result -&gt;&gt;'confirmatoryTestResult'::VARCHAR, 2)))='re' THEN 'Yes'
	WHEN lower(trim(left(hiv_test_result -&gt;&gt;'confirmatoryTestResult'::VARCHAR, 2)))='no' THEN 'No'
	ELSE
	null
  END)	
) confirmatory_test,
json_build_object(
  'date', hiv_test_result -&gt;&gt; 'tieBreakerTestDate'::varchar, 
'result', 
	  (CASE
    WHEN lower(trim(left(hiv_test_result -&gt;&gt;'tieBreakerTestResult'::VARCHAR, 2)))='re' THEN 'Yes'
	WHEN lower(trim(left(hiv_test_result -&gt;&gt;'tieBreakerTestResult'::VARCHAR, 2)))='no' THEN 'No'
	ELSE
	null
  END)	
) tie_breaker_test, h.date_visit::date, h.archived::integer, 
h.created_at::timestamp as date_created,
h.updated_at::timestamp as date_modified,
'ETL' as created_by,
'ETL' as modified_by,
h.completed_by as captured_by,
h.hts_uuid as uuid,
h.previously_tested,
  CASE
    WHEN lower(trim(h.index_testing))='yes' THEN true
	WHEN lower(trim(h.index_testing))='no' THEN false
	ELSE
	null
  END 
  AS index_testing,
h.number_of_children as num_children,
h.number_of_wives as num_wives,
  CASE
    WHEN lower(trim(h.first_time_visit))='yes' THEN true
	WHEN lower(trim(h.first_time_visit))='no' THEN false
	ELSE
	null
  END 
  AS first_time_visit,
h.client_code::varchar,
h.index_client_code,

(CASE
    WHEN lower(trim(left(h.type_of_counseling,4)))='' THEN null
	ELSE
	lower(trim(left(h.type_of_counseling,4)))
  END) as type_counseling,

lower(left(h.referred_from,4)) as referred_from,
lower(left(h.setting,4)) as testing_setting,
lower(left(h.target_group,4)) as target_group,
json_build_object('surname', h.surname,
				  'first_name', h.first_name,
				  'middle_name', h.middle_name,
				  'date_of_birth', h.date_of_birth::varchar,
				  'age', h.age,
				  'gender', h.gender,
				  'phone_number', h.phone_number,
				  'state_of_residence', s.name,
				  'lga_of_residence', l.name,
				  'marital_status', h.marital_status)::jsonb as extra,
				  json_build_object('hivTestBefore', '',
				'hivTestResult', (CASE
    WHEN lower(trim(left(h.post_test_counseling-&gt;&gt;'hivResult'::VARCHAR, 2)))='po' THEN 'True'
	WHEN lower(trim(left(h.post_test_counseling-&gt;&gt;'hivResult'::VARCHAR, 2)))='ne' THEN 'False'
	ELSE
	'False'
  END),
				'informationFp', h.post_test_counseling-&gt;&gt;'providedWithInformationOnFPAndDualContraception',
				'riskReduction', h.post_test_counseling-&gt;&gt;'riskReductionPlanDeveloped',
				'correctCondomUse', h.post_test_counseling-&gt;&gt;'correctCondomUseDemonstrated',
				'hivRequestResult', h.post_test_counseling-&gt;&gt;'hivRequestAndResultFormSignedByTester',
				'childrenHivtesting', h.post_test_counseling-&gt;&gt;'willBringOwnChildrenForHIVTesting',
				'hivRequestResultCt', h.post_test_counseling-&gt;&gt;'hivRequestAndResultFormFilledWithCTIForm',
				'partnerFpUseCondom', h.post_test_counseling-&gt;&gt;'clientOrPartnerUseCondomsAsOneFPMethods',
				'postTestCounseling', h.post_test_counseling-&gt;&gt;'postTestCounsellingDone',
				'postTestDisclosure', h.post_test_counseling-&gt;&gt;'postTestDisclosurePlanDeveloped',
				'referredToServices', h.post_test_counseling-&gt;&gt;'clientReferredToOtherServices',
				'partnerFpThanCondom', h.post_test_counseling-&gt;&gt;'clientOrPartnerUseFPMethodsOtherThanCondoms',
				'bringPartnerHivtesting', h.post_test_counseling-&gt;&gt;'willBringPartnerForHIVTesting',
				'condomProvidedToClient', h.post_test_counseling-&gt;&gt;'condomsProvidedToClient',
				'clientReceivedHivTestResult', h.post_test_counseling-&gt;&gt;'clientReceivedHIVTestResult',
				'unprotectedSexRegularPartnerLastThreeMonth', h.post_test_counseling-&gt;&gt;'testedForHIVBeforeWithinThisYear'
				) as post_test_counseling,
				
				json_build_object('informConsentHivTest', h.pre_test_counseling-&gt;'knowledgeAssessment'-&gt;&gt;'informedConsentForHIVTestingGiven',
				'clientInformRiskkHivTrans', h.pre_test_counseling-&gt;'knowledgeAssessment'-&gt;&gt;'clientInformedOfHIVTransmissionRiskFactors',
				'previousTestedHIVNegative', h.pre_test_counseling-&gt;'knowledgeAssessment'-&gt;&gt; 'previouslyTestedHIVNegative',
			  'clientInformHivTransRoutes', h.pre_test_counseling-&gt;'knowledgeAssessment'-&gt;&gt;'clientInformedAboutHIVTransmissionRoutes',
			  'timeLastHIVNegativeTestResult', '',
			  'clientInformPossibleTestResult',h.pre_test_counseling-&gt;'knowledgeAssessment'-&gt;&gt;'clientInformedAboutPossibleTestResults',
			  'clientInformPreventingsHivTrans', h.pre_test_counseling-&gt;'knowledgeAssessment'-&gt;&gt;'clientInformedAboutPreventingHIV',
				'clientPregnant', h.pre_test_counseling-&gt;'knowledgeAssessment'-&gt;&gt;'clientPregnant'
				)::jsonb as knowledge_assessment,
				
				json_build_object('fever',  h.pre_test_counseling-&gt;'clinicalTBScreening'-&gt;&gt;'fever',
    'weightLoss', h.pre_test_counseling-&gt;'clinicalTBScreening'-&gt;&gt;'weightLoss',
    'nightSweats', h.pre_test_counseling-&gt;'clinicalTBScreening'-&gt;&gt;'nightSweats',
    'currentlyCough', h.pre_test_counseling-&gt;'clinicalTBScreening'-&gt;&gt;'currentlyCough',
    'lymphadenopath', h.pre_test_counseling-&gt;'clinicalTBScreening'-&gt;&gt;'lymphadenopath'
	) as tb_screening,
	
	json_build_object('scrotalSwellingAndPain',  h.pre_test_counseling-&gt;'syndromicSTIScreening'-&gt;&gt;'scrotalSwellingAndPain',
    'genitalSoreOrSwollenInguinalLymphNodes', h.pre_test_counseling-&gt;'syndromicSTIScreening'-&gt;&gt;'genitalSoreOrSwollenInguinalLymphNodes',
    'vaginalDischargeOrBurningWhenUrinating', h.pre_test_counseling-&gt;'syndromicSTIScreening'-&gt;&gt;'vaginalDischargeOrBurningWhenUrinating',
    'urethralDischargeOrBurningWhenUrinating', h.pre_test_counseling-&gt;'syndromicSTIScreening'-&gt;&gt;'urethralDischargeOrBurningWhenUrinating',
    'lowerAbdominalPainsWithOrWithoutVaginalDischarge', h.pre_test_counseling-&gt;'syndromicSTIScreening'-&gt;&gt;'lowerAbdominalPainsWithOrWithoutVaginalDischarge'
	) as sti_screening,
	
	json_build_object('stiInLast3Months',  h.pre_test_counseling-&gt;'hivRiskAssessment'-&gt;&gt;'stiInLast3Months',
    'everHadSexualIntercourse', h.pre_test_counseling-&gt;'hivRiskAssessment'-&gt;&gt;'everHadSexualIntercourse',
    'bloodTransfusionInLast3Months', h.pre_test_counseling-&gt;'hivRiskAssessment'-&gt;&gt;'bloodTransfusionInLast3Months',
    'moreThan1SexPartnerDuringLast3Months', h.pre_test_counseling-&gt;'hivRiskAssessment'-&gt;&gt;'moreThan1SexPartnerDuringLast3Months',
    'unprotectedSexWithCasualPartnerInLast3Months', h.pre_test_counseling-&gt;'hivRiskAssessment'-&gt;&gt;'unprotectedSexWithCasualPartnerInLast3Months',
	'unprotectedSexWithRegularPartnerInLast3Months', h.pre_test_counseling-&gt;'hivRiskAssessment'-&gt;&gt;'unprotectedSexWithRegularPartnerInLast3Months'
	) as risk_assessment, 

json_build_object('optOutRTRI',  h.recency_testing-&gt;&gt;'consent',
    'rencencyId',  h.recency_testing-&gt;&gt;'recencyNumber',
    'sampleType',  h.recency_testing-&gt;&gt;'sampleType',
    'controlLine',  h.recency_testing-&gt;&gt;'controlLine',
    'hasViralLoad',  h.recency_testing-&gt;&gt;'viralLoadRequest',
	'longTermLine',  h.recency_testing-&gt;&gt;'viralLoadRequest',
	'recencyResult',  h.recency_testing-&gt;&gt;'recencyResult',
	'sampleTestDate',  h.recency_testing-&gt;&gt;'testDate',
	'receivingPcrLab',  h.recency_testing-&gt;&gt;'pcrLab',
	'verififcationLine',  h.recency_testing-&gt;&gt;'verificationLine',
	'finalRecencyResult',  h.recency_testing-&gt;&gt;'finalRecencyTestResult',
	'optOutRTRITestDate',  '',
	'optOutRTRITestName',  h.recency_testing-&gt;&gt;'testName',
	'sampleCollectedDate',  h.recency_testing-&gt;&gt;'dateSampleCollected',
	'sampleReferanceNumber',  h.recency_testing-&gt;&gt;'sampleReferenceNumber',
	'dateSampleSentToPCRLab',  h.recency_testing-&gt;&gt;'dateSampleSent',
	'rencencyInterpretation',  h.recency_testing-&gt;&gt;'recencyInterpretation',
	'viralLoadResultClassification',  h.recency_testing-&gt;&gt;'viralLoadClassification',
	'viralLoadConfirmationTestDate',  h.recency_testing-&gt;&gt;'viralLoadConfirmationTestDate',
	'rapidRecencyAssay',  h.recency_testing-&gt;&gt;'rapidRecencyAssay'
	) as recency,
n.datim_id
				  
from hts_new h
INNER JOIN state s ON h.state_of_residence = s.id
INNER JOIN lga l ON h.lga_of_residence = l.id
INNER JOIN ndr_facility n ON n.id=h.facility_id&quot;"/>
          <column name="Specify a data source alias" value="false"/>
          <column name="Data source alias" value="&quot;&quot;"/>
          <column name="Mapping" value="postgres_id"/>
          <column name="Additional JDBC Parameters" value="context.LAMIS3_AdditionalParams"/>
          <column name="Encoding" value="&quot;ISO-8859-15&quot;"/>
          <column name="Use fetch size" value="false"/>
          <column name="Fetch size" value="1000"/>
          <column name="Trim all the String/Char columns" value="false"/>
          <column name="Trim column" value="[{SCHEMA_COLUMN=id, TRIM=false}, {SCHEMA_COLUMN=test1, TRIM=false}, {SCHEMA_COLUMN=confirmatory_test, TRIM=false}, {SCHEMA_COLUMN=tie_breaker_test, TRIM=false}, {SCHEMA_COLUMN=date_visit, TRIM=false}, {SCHEMA_COLUMN=archived, TRIM=false}, {SCHEMA_COLUMN=date_created, TRIM=false}, {SCHEMA_COLUMN=date_modified, TRIM=false}, {SCHEMA_COLUMN=created_by, TRIM=false}, {SCHEMA_COLUMN=modified_by, TRIM=false}, {SCHEMA_COLUMN=captured_by, TRIM=false}, {SCHEMA_COLUMN=uuid, TRIM=false}, {SCHEMA_COLUMN=previously_tested, TRIM=false}, {SCHEMA_COLUMN=index_testing, TRIM=false}, {SCHEMA_COLUMN=num_children, TRIM=false}, {SCHEMA_COLUMN=num_wives, TRIM=false}, {SCHEMA_COLUMN=first_time_visit, TRIM=false}, {SCHEMA_COLUMN=client_code, TRIM=false}, {SCHEMA_COLUMN=index_client_code, TRIM=false}, {SCHEMA_COLUMN=type_counseling, TRIM=false}, {SCHEMA_COLUMN=referred_from, TRIM=false}, {SCHEMA_COLUMN=testing_setting, TRIM=false}, {SCHEMA_COLUMN=target_group, TRIM=false}, {SCHEMA_COLUMN=extra, TRIM=false}, {SCHEMA_COLUMN=post_test_counseling, TRIM=false}, {SCHEMA_COLUMN=knowledge_assessment, TRIM=false}, {SCHEMA_COLUMN=tb_screening, TRIM=false}, {SCHEMA_COLUMN=sti_screening, TRIM=false}, {SCHEMA_COLUMN=risk_assessment, TRIM=false}, {SCHEMA_COLUMN=recency, TRIM=false}, {SCHEMA_COLUMN=datim_id, TRIM=false}]"/>
          <column name="Label format" value="LAMIS3_hts"/>
          <column name="Hint format" value="&lt;b&gt;__UNIQUE_NAME__&lt;/b&gt;&lt;br&gt;__COMMENT__"/>
          <column name="Connection format" value="row"/>
          <column name="Show Information" value="false"/>
          <column name="Comment" value=""/>
          <column name="Use an existing validation rule" value="false"/>
          <column name="Validation Rule Type" value=""/>
        </parameters>
        <schemas>
          <schema name="tDBInput_1">
            <column name="id" key="false" type="int" length="10" precision="" nullable="false" comment=""/>
            <column name="test1" key="false" type="String" length="1000" precision="" nullable="true" comment=""/>
            <column name="confirmatory_test" key="false" type="String" length="1000" precision="" nullable="true" comment=""/>
            <column name="tie_breaker_test" key="false" type="String" length="1000" precision="" nullable="true" comment=""/>
            <column name="date_visit" key="false" type="java.util.Date" length="13" precision="" nullable="false" comment=""/>
            <column name="archived" key="false" type="Integer" length="10" precision="" nullable="true" comment=""/>
            <column name="date_created" key="false" type="java.util.Date" length="29" precision="6" nullable="false" comment=""/>
            <column name="date_modified" key="false" type="java.util.Date" length="29" precision="6" nullable="false" comment=""/>
            <column name="created_by" key="false" type="String" length="50" precision="" nullable="true" comment=""/>
            <column name="modified_by" key="false" type="String" length="50" precision="" nullable="true" comment=""/>
            <column name="captured_by" key="false" type="String" length="150" precision="" nullable="true" comment=""/>
            <column name="uuid" key="false" type="String" length="36" precision="" nullable="false" comment=""/>
            <column name="previously_tested" key="false" type="Boolean" length="1" precision="" nullable="true" comment=""/>
            <column name="index_testing" key="false" type="Boolean" length="1" precision="" nullable="true" comment=""/>
            <column name="num_children" key="false" type="Integer" length="19" precision="" nullable="true" comment=""/>
            <column name="num_wives" key="false" type="Integer" length="19" precision="" nullable="true" comment=""/>
            <column name="first_time_visit" key="false" type="Boolean" length="1" precision="" nullable="true" comment=""/>
            <column name="client_code" key="false" type="String" length="50" precision="" nullable="true" comment=""/>
            <column name="index_client_code" key="false" type="String" length="50" precision="" nullable="true" comment=""/>
            <column name="type_counseling" key="false" type="String" length="50" precision="" nullable="true" comment=""/>
            <column name="referred_from" key="false" type="String" length="50" precision="" nullable="true" comment=""/>
            <column name="testing_setting" key="false" type="String" length="50" precision="" nullable="true" comment=""/>
            <column name="target_group" key="false" type="String" length="50" precision="" nullable="true" comment=""/>
            <column name="extra" key="false" type="String" length="1000" precision="" nullable="true" comment=""/>
            <column name="post_test_counseling" key="false" type="String" length="1000" precision="" nullable="true" comment=""/>
            <column name="knowledge_assessment" key="false" type="String" length="1000" precision="" nullable="true" comment=""/>
            <column name="tb_screening" key="false" type="String" length="1000" precision="" nullable="true" comment=""/>
            <column name="sti_screening" key="false" type="String" length="1000" precision="" nullable="true" comment=""/>
            <column name="risk_assessment" key="false" type="String" length="1000" precision="" nullable="true" comment=""/>
            <column name="recency" key="false" type="String" length="1000" precision="" nullable="true" comment=""/>
            <column name="datim_id" key="false" type="String" length="32" precision="" nullable="false" comment=""/>
          </schema>
        </schemas>
      </component>
      <component icon="pictures/tDBInput_2.png" uniqueName="tDBInput_2" label="Target_Group_Codeset">
        <input>none</input>
        <output link="tMap_1">tMap_1</output>
        <componentType>tPostgresqlInput</componentType>
        <parameters>
          <column name="Database" value="tPostgresqlInput"/>
          <column name="Unique Name" value="tDBInput_2"/>
          <column name="Component Name" value="tPostgresqlInput"/>
          <column name="Version" value="0.102 (ALPHA)"/>
          <column name="Family" value="Databases/DB Specifics/PostgreSQL"/>
          <column name="Start" value="false"/>
          <column name="Startable" value="true"/>
          <column name="SUBTREE_START" value="false"/>
          <column name="END_OF_FLOW" value="false"/>
          <column name="Activate" value="true"/>
          <column name="DUMMY" value="false"/>
          <column name="tStatCatcher Statistics" value="false"/>
          <column name="Help" value="org.talend.help.tPostgresqlInput"/>
          <column name="Update components" value="true"/>
          <column name="IREPORT_PATH" value=""/>
          <column name="JAVA_LIBRARY_PATH" value="C:\Users\A\Documents\TOS_BD-20200219_1130-V7.3.1\configuration\lib\java"/>
          <column name="Subjob color" value=""/>
          <column name="Title color" value=""/>
          <column name="Property Type" value="repository: DB (POSTGRESQL):LAMISPlus"/>
          <column name="Use an existing connection" value="false"/>
          <column name="Component List" value=""/>
          <column name="DB Version" value="V9_X"/>
          <column name="Host" value="context.LAMISPlus_Server"/>
          <column name="Database Driver" value="POSTGRESQL"/>
          <column name="Port" value="context.LAMISPlus_Port"/>
          <column name="Database" value="context.LAMISPlus_Database"/>
          <column name="Schema" value="context.LAMISPlus_Schema"/>
          <column name="Username" value="context.LAMISPlus_Login"/>
          <column name="Password" value="context.LAMISPlus_Password"/>
          <column name="REPOSITORY_ALLOW_AUTO_SWITCH" value="true"/>
          <column name="Schema" value="Built-In"/>
          <column name="Table Name" value="&quot;&quot;"/>
          <column name="Query Type" value="Built-In"/>
          <column name="Guess Schema" value="&quot;&quot;"/>
          <column name="Query" value="&quot;SELECT DISTINCT c.id as codeset_id,codeset_group,lower(left(c.display,4)) as codeset_display, code
FROM public.base_application_codeset c
WHERE c.codeset_group='TARGET_GROUP';&quot;"/>
          <column name="Specify a data source alias" value="false"/>
          <column name="Data source alias" value="&quot;&quot;"/>
          <column name="Mapping" value="postgres_id"/>
          <column name="Additional JDBC Parameters" value="context.LAMISPlus_AdditionalParams"/>
          <column name="Encoding" value="&quot;ISO-8859-15&quot;"/>
          <column name="Use fetch size" value="false"/>
          <column name="Fetch size" value="1000"/>
          <column name="Trim all the String/Char columns" value="false"/>
          <column name="Trim column" value="[{SCHEMA_COLUMN=codeset_id, TRIM=false}, {SCHEMA_COLUMN=codeset_group, TRIM=false}, {SCHEMA_COLUMN=codeset_display, TRIM=false}, {SCHEMA_COLUMN=code, TRIM=false}]"/>
          <column name="Label format" value="Target_Group_Codeset"/>
          <column name="Hint format" value="&lt;b&gt;__UNIQUE_NAME__&lt;/b&gt;&lt;br&gt;__COMMENT__"/>
          <column name="Connection format" value="row"/>
          <column name="Show Information" value="false"/>
          <column name="Comment" value=""/>
          <column name="Use an existing validation rule" value="false"/>
          <column name="Validation Rule Type" value=""/>
        </parameters>
        <schemas>
          <schema name="tDBInput_2">
            <column name="codeset_id" key="true" type="long" length="19" precision="" nullable="false" comment=""/>
            <column name="codeset_group" key="false" type="String" length="50" precision="" nullable="true" comment=""/>
            <column name="codeset_display" key="false" type="String" length="50" precision="" nullable="true" comment=""/>
            <column name="code" key="false" type="String" length="50" precision="" nullable="true" comment=""/>
          </schema>
        </schemas>
      </component>
      <component icon="pictures/tDBInput_3.png" uniqueName="tDBInput_3" label="Testing_Setting_Codeset">
        <input>none</input>
        <output link="tMap_1">tMap_1</output>
        <componentType>tPostgresqlInput</componentType>
        <parameters>
          <column name="Database" value="tPostgresqlInput"/>
          <column name="Unique Name" value="tDBInput_3"/>
          <column name="Component Name" value="tPostgresqlInput"/>
          <column name="Version" value="0.102 (ALPHA)"/>
          <column name="Family" value="Databases/DB Specifics/PostgreSQL"/>
          <column name="Start" value="false"/>
          <column name="Startable" value="true"/>
          <column name="SUBTREE_START" value="false"/>
          <column name="END_OF_FLOW" value="false"/>
          <column name="Activate" value="true"/>
          <column name="DUMMY" value="false"/>
          <column name="tStatCatcher Statistics" value="false"/>
          <column name="Help" value="org.talend.help.tPostgresqlInput"/>
          <column name="Update components" value="true"/>
          <column name="IREPORT_PATH" value=""/>
          <column name="JAVA_LIBRARY_PATH" value="C:\Users\A\Documents\TOS_BD-20200219_1130-V7.3.1\configuration\lib\java"/>
          <column name="Subjob color" value=""/>
          <column name="Title color" value=""/>
          <column name="Property Type" value="repository: DB (POSTGRESQL):LAMISPlus"/>
          <column name="Use an existing connection" value="false"/>
          <column name="Component List" value=""/>
          <column name="DB Version" value="V9_X"/>
          <column name="Host" value="context.LAMISPlus_Server"/>
          <column name="Database Driver" value="POSTGRESQL"/>
          <column name="Port" value="context.LAMISPlus_Port"/>
          <column name="Database" value="context.LAMISPlus_Database"/>
          <column name="Schema" value="context.LAMISPlus_Schema"/>
          <column name="Username" value="context.LAMISPlus_Login"/>
          <column name="Password" value="context.LAMISPlus_Password"/>
          <column name="REPOSITORY_ALLOW_AUTO_SWITCH" value="true"/>
          <column name="Schema" value="Built-In"/>
          <column name="Table Name" value="&quot;&quot;"/>
          <column name="Query Type" value="Built-In"/>
          <column name="Guess Schema" value="&quot;&quot;"/>
          <column name="Query" value="&quot;SELECT DISTINCT c.id as codeset_id,codeset_group,lower(left(c.display,4)) as codeset_display, code
FROM public.base_application_codeset c
WHERE c.codeset_group ='TEST_SETTING';&quot;"/>
          <column name="Specify a data source alias" value="false"/>
          <column name="Data source alias" value="&quot;&quot;"/>
          <column name="Mapping" value="postgres_id"/>
          <column name="Additional JDBC Parameters" value="context.LAMISPlus_AdditionalParams"/>
          <column name="Encoding" value="&quot;ISO-8859-15&quot;"/>
          <column name="Use fetch size" value="false"/>
          <column name="Fetch size" value="1000"/>
          <column name="Trim all the String/Char columns" value="false"/>
          <column name="Trim column" value="[{SCHEMA_COLUMN=codeset_id, TRIM=false}, {SCHEMA_COLUMN=codeset_group, TRIM=false}, {SCHEMA_COLUMN=codeset_display, TRIM=false}, {SCHEMA_COLUMN=code, TRIM=false}]"/>
          <column name="Label format" value="Testing_Setting_Codeset"/>
          <column name="Hint format" value="&lt;b&gt;__UNIQUE_NAME__&lt;/b&gt;&lt;br&gt;__COMMENT__"/>
          <column name="Connection format" value="row"/>
          <column name="Show Information" value="false"/>
          <column name="Comment" value=""/>
          <column name="Use an existing validation rule" value="false"/>
          <column name="Validation Rule Type" value=""/>
        </parameters>
        <schemas>
          <schema name="tDBInput_3">
            <column name="codeset_id" key="true" type="long" length="19" precision="" nullable="false" comment=""/>
            <column name="codeset_group" key="false" type="String" length="50" precision="" nullable="true" comment=""/>
            <column name="codeset_display" key="false" type="String" length="50" precision="" nullable="true" comment=""/>
            <column name="code" key="false" type="String" length="50" precision="" nullable="true" comment=""/>
          </schema>
        </schemas>
      </component>
      <component icon="pictures/tDBInput_4.png" uniqueName="tDBInput_4" label="Referred_From_Codeset">
        <input>none</input>
        <output link="tMap_2">tMap_2</output>
        <componentType>tPostgresqlInput</componentType>
        <parameters>
          <column name="Database" value="tPostgresqlInput"/>
          <column name="Unique Name" value="tDBInput_4"/>
          <column name="Component Name" value="tPostgresqlInput"/>
          <column name="Version" value="0.102 (ALPHA)"/>
          <column name="Family" value="Databases/DB Specifics/PostgreSQL"/>
          <column name="Start" value="false"/>
          <column name="Startable" value="true"/>
          <column name="SUBTREE_START" value="false"/>
          <column name="END_OF_FLOW" value="false"/>
          <column name="Activate" value="true"/>
          <column name="DUMMY" value="false"/>
          <column name="tStatCatcher Statistics" value="false"/>
          <column name="Help" value="org.talend.help.tPostgresqlInput"/>
          <column name="Update components" value="true"/>
          <column name="IREPORT_PATH" value=""/>
          <column name="JAVA_LIBRARY_PATH" value="C:\Users\A\Documents\TOS_BD-20200219_1130-V7.3.1\configuration\lib\java"/>
          <column name="Subjob color" value=""/>
          <column name="Title color" value=""/>
          <column name="Property Type" value="repository: DB (POSTGRESQL):LAMISPlus"/>
          <column name="Use an existing connection" value="false"/>
          <column name="Component List" value=""/>
          <column name="DB Version" value="V9_X"/>
          <column name="Host" value="context.LAMISPlus_Server"/>
          <column name="Database Driver" value="POSTGRESQL"/>
          <column name="Port" value="context.LAMISPlus_Port"/>
          <column name="Database" value="context.LAMISPlus_Database"/>
          <column name="Schema" value="context.LAMISPlus_Schema"/>
          <column name="Username" value="context.LAMISPlus_Login"/>
          <column name="Password" value="context.LAMISPlus_Password"/>
          <column name="REPOSITORY_ALLOW_AUTO_SWITCH" value="true"/>
          <column name="Schema" value="Built-In"/>
          <column name="Table Name" value="&quot;&quot;"/>
          <column name="Query Type" value="Built-In"/>
          <column name="Guess Schema" value="&quot;&quot;"/>
          <column name="Query" value="&quot;SELECT DISTINCT c.id as codeset_id,codeset_group,lower(left(c.display,4)) as codeset_display, code
FROM public.base_application_codeset c
WHERE c.codeset_group='SOURCE_REFERRAL';&quot;"/>
          <column name="Specify a data source alias" value="false"/>
          <column name="Data source alias" value="&quot;&quot;"/>
          <column name="Mapping" value="postgres_id"/>
          <column name="Additional JDBC Parameters" value="context.LAMISPlus_AdditionalParams"/>
          <column name="Encoding" value="&quot;ISO-8859-15&quot;"/>
          <column name="Use fetch size" value="false"/>
          <column name="Fetch size" value="1000"/>
          <column name="Trim all the String/Char columns" value="false"/>
          <column name="Trim column" value="[{SCHEMA_COLUMN=codeset_id, TRIM=false}, {SCHEMA_COLUMN=codeset_group, TRIM=false}, {SCHEMA_COLUMN=codeset_display, TRIM=false}, {SCHEMA_COLUMN=code, TRIM=false}]"/>
          <column name="Label format" value="Referred_From_Codeset"/>
          <column name="Hint format" value="&lt;b&gt;__UNIQUE_NAME__&lt;/b&gt;&lt;br&gt;__COMMENT__"/>
          <column name="Connection format" value="row"/>
          <column name="Show Information" value="false"/>
          <column name="Comment" value=""/>
          <column name="Use an existing validation rule" value="false"/>
          <column name="Validation Rule Type" value=""/>
        </parameters>
        <schemas>
          <schema name="tDBInput_4">
            <column name="codeset_id" key="true" type="int" length="19" precision="" nullable="false" comment=""/>
            <column name="codeset_group" key="false" type="String" length="50" precision="" nullable="true" comment=""/>
            <column name="codeset_display" key="false" type="String" length="50" precision="" nullable="true" comment=""/>
            <column name="code" key="false" type="String" length="50" precision="" nullable="true" comment=""/>
          </schema>
        </schemas>
      </component>
      <component icon="pictures/tDBInput_5.png" uniqueName="tDBInput_5" label="Type_Counseling_Codeset">
        <input>none</input>
        <output link="tMap_2">tMap_2</output>
        <componentType>tPostgresqlInput</componentType>
        <parameters>
          <column name="Database" value="tPostgresqlInput"/>
          <column name="Unique Name" value="tDBInput_5"/>
          <column name="Component Name" value="tPostgresqlInput"/>
          <column name="Version" value="0.102 (ALPHA)"/>
          <column name="Family" value="Databases/DB Specifics/PostgreSQL"/>
          <column name="Start" value="false"/>
          <column name="Startable" value="true"/>
          <column name="SUBTREE_START" value="false"/>
          <column name="END_OF_FLOW" value="false"/>
          <column name="Activate" value="true"/>
          <column name="DUMMY" value="false"/>
          <column name="tStatCatcher Statistics" value="false"/>
          <column name="Help" value="org.talend.help.tPostgresqlInput"/>
          <column name="Update components" value="true"/>
          <column name="IREPORT_PATH" value=""/>
          <column name="JAVA_LIBRARY_PATH" value="C:\Users\A\Documents\TOS_BD-20200219_1130-V7.3.1\configuration\lib\java"/>
          <column name="Subjob color" value=""/>
          <column name="Title color" value=""/>
          <column name="Property Type" value="repository: DB (POSTGRESQL):LAMISPlus"/>
          <column name="Use an existing connection" value="false"/>
          <column name="Component List" value=""/>
          <column name="DB Version" value="V9_X"/>
          <column name="Host" value="context.LAMISPlus_Server"/>
          <column name="Database Driver" value="POSTGRESQL"/>
          <column name="Port" value="context.LAMISPlus_Port"/>
          <column name="Database" value="context.LAMISPlus_Database"/>
          <column name="Schema" value="context.LAMISPlus_Schema"/>
          <column name="Username" value="context.LAMISPlus_Login"/>
          <column name="Password" value="context.LAMISPlus_Password"/>
          <column name="REPOSITORY_ALLOW_AUTO_SWITCH" value="true"/>
          <column name="Schema" value="Built-In"/>
          <column name="Table Name" value="&quot;&quot;"/>
          <column name="Query Type" value="Built-In"/>
          <column name="Guess Schema" value="&quot;&quot;"/>
          <column name="Query" value="&quot;SELECT DISTINCT c.id as codeset_id,codeset_group,lower(left(c.display,4)) as codeset_display, code
FROM public.base_application_codeset c
WHERE c.codeset_group='COUNSELING_TYPE';&quot;"/>
          <column name="Specify a data source alias" value="false"/>
          <column name="Data source alias" value="&quot;&quot;"/>
          <column name="Mapping" value="postgres_id"/>
          <column name="Additional JDBC Parameters" value="context.LAMISPlus_AdditionalParams"/>
          <column name="Encoding" value="&quot;ISO-8859-15&quot;"/>
          <column name="Use fetch size" value="false"/>
          <column name="Fetch size" value="1000"/>
          <column name="Trim all the String/Char columns" value="false"/>
          <column name="Trim column" value="[{SCHEMA_COLUMN=codeset_id, TRIM=false}, {SCHEMA_COLUMN=codeset_group, TRIM=false}, {SCHEMA_COLUMN=codeset_display, TRIM=false}, {SCHEMA_COLUMN=code, TRIM=false}]"/>
          <column name="Label format" value="Type_Counseling_Codeset"/>
          <column name="Hint format" value="&lt;b&gt;__UNIQUE_NAME__&lt;/b&gt;&lt;br&gt;__COMMENT__"/>
          <column name="Connection format" value="row"/>
          <column name="Show Information" value="false"/>
          <column name="Comment" value=""/>
          <column name="Use an existing validation rule" value="false"/>
          <column name="Validation Rule Type" value=""/>
        </parameters>
        <schemas>
          <schema name="tDBInput_5">
            <column name="codeset_id" key="true" type="int" length="19" precision="" nullable="false" comment=""/>
            <column name="codeset_group" key="false" type="String" length="50" precision="" nullable="true" comment=""/>
            <column name="codeset_display" key="false" type="String" length="50" precision="" nullable="true" comment=""/>
            <column name="code" key="false" type="String" length="50" precision="" nullable="true" comment=""/>
          </schema>
        </schemas>
      </component>
      <component icon="pictures/tDBInput_6.png" uniqueName="tDBInput_6" label="Facility">
        <input>none</input>
        <output link="tMap_3">tMap_3</output>
        <componentType>tPostgresqlInput</componentType>
        <parameters>
          <column name="Database" value="tPostgresqlInput"/>
          <column name="Unique Name" value="tDBInput_6"/>
          <column name="Component Name" value="tPostgresqlInput"/>
          <column name="Version" value="0.102 (ALPHA)"/>
          <column name="Family" value="Databases/DB Specifics/PostgreSQL"/>
          <column name="Start" value="false"/>
          <column name="Startable" value="true"/>
          <column name="SUBTREE_START" value="false"/>
          <column name="END_OF_FLOW" value="false"/>
          <column name="Activate" value="true"/>
          <column name="DUMMY" value="false"/>
          <column name="tStatCatcher Statistics" value="false"/>
          <column name="Help" value="org.talend.help.tPostgresqlInput"/>
          <column name="Update components" value="true"/>
          <column name="IREPORT_PATH" value=""/>
          <column name="JAVA_LIBRARY_PATH" value="C:\Users\A\Documents\TOS_BD-20200219_1130-V7.3.1\configuration\lib\java"/>
          <column name="Subjob color" value=""/>
          <column name="Title color" value=""/>
          <column name="Property Type" value="repository: DB (POSTGRESQL):LAMISPlus"/>
          <column name="Use an existing connection" value="false"/>
          <column name="Component List" value=""/>
          <column name="DB Version" value="V9_X"/>
          <column name="Host" value="context.LAMISPlus_Server"/>
          <column name="Database Driver" value="POSTGRESQL"/>
          <column name="Port" value="context.LAMISPlus_Port"/>
          <column name="Database" value="context.LAMISPlus_Database"/>
          <column name="Schema" value="context.LAMISPlus_Schema"/>
          <column name="Username" value="context.LAMISPlus_Login"/>
          <column name="Password" value="context.LAMISPlus_Password"/>
          <column name="REPOSITORY_ALLOW_AUTO_SWITCH" value="true"/>
          <column name="Schema" value="Built-In"/>
          <column name="Table Name" value="&quot;&quot;"/>
          <column name="Query Type" value="Built-In"/>
          <column name="Guess Schema" value="&quot;&quot;"/>
          <column name="Query" value="&quot;SELECT iden.organisation_unit_id as id, ef.facility_name, ef.lga_name, ef.datim_id FROM etl_facility ef 
INNER JOIN base_organisation_unit_identifier iden ON iden.code = ef.datim_id&quot;"/>
          <column name="Specify a data source alias" value="false"/>
          <column name="Data source alias" value="&quot;&quot;"/>
          <column name="Mapping" value="postgres_id"/>
          <column name="Additional JDBC Parameters" value="context.LAMISPlus_AdditionalParams"/>
          <column name="Encoding" value="&quot;ISO-8859-15&quot;"/>
          <column name="Use fetch size" value="false"/>
          <column name="Fetch size" value="1000"/>
          <column name="Trim all the String/Char columns" value="false"/>
          <column name="Trim column" value="[{SCHEMA_COLUMN=id, TRIM=false}, {SCHEMA_COLUMN=facility_name, TRIM=false}, {SCHEMA_COLUMN=lga_name, TRIM=false}, {SCHEMA_COLUMN=datim_id, TRIM=false}]"/>
          <column name="Label format" value="Facility"/>
          <column name="Hint format" value="&lt;b&gt;__UNIQUE_NAME__&lt;/b&gt;&lt;br&gt;__COMMENT__"/>
          <column name="Connection format" value="row"/>
          <column name="Show Information" value="false"/>
          <column name="Comment" value=""/>
          <column name="Use an existing validation rule" value="false"/>
          <column name="Validation Rule Type" value=""/>
        </parameters>
        <schemas>
          <schema name="tDBInput_6">
            <column name="id" key="true" type="Integer" length="19" precision="" nullable="true" comment=""/>
            <column name="facility_name" key="false" type="String" length="100" precision="" nullable="false" comment=""/>
            <column name="lga_name" key="false" type="String" length="45" precision="" nullable="false" comment=""/>
            <column name="datim_id" key="false" type="String" length="32" precision="" nullable="false" comment=""/>
          </schema>
        </schemas>
      </component>
      <component icon="pictures/tDBInput_7.png" uniqueName="tDBInput_7" label="Facilities_filtered">
        <input>none</input>
        <output link="tDBOutput_2">tDBOutput_2</output>
        <output link="tJava_3">tJava_3</output>
        <output link="tDBInput_1">tDBInput_1</output>
        <componentType>tPostgresqlInput</componentType>
        <parameters>
          <column name="Database" value="tPostgresqlInput"/>
          <column name="Unique Name" value="tDBInput_7"/>
          <column name="Component Name" value="tPostgresqlInput"/>
          <column name="Version" value="0.102 (ALPHA)"/>
          <column name="Family" value="Databases/DB Specifics/PostgreSQL"/>
          <column name="Start" value="true"/>
          <column name="Startable" value="true"/>
          <column name="SUBTREE_START" value="true"/>
          <column name="END_OF_FLOW" value="false"/>
          <column name="Activate" value="true"/>
          <column name="DUMMY" value="false"/>
          <column name="tStatCatcher Statistics" value="false"/>
          <column name="Help" value="org.talend.help.tPostgresqlInput"/>
          <column name="Update components" value="true"/>
          <column name="IREPORT_PATH" value=""/>
          <column name="JAVA_LIBRARY_PATH" value="C:\Users\A\Documents\TOS_BD-20200219_1130-V7.3.1\configuration\lib\java"/>
          <column name="Subjob color" value=""/>
          <column name="Title color" value=""/>
          <column name="Property Type" value="repository: DB (POSTGRESQL):LAMIS3"/>
          <column name="Use an existing connection" value="false"/>
          <column name="Component List" value=""/>
          <column name="DB Version" value="V9_X"/>
          <column name="Host" value="context.LAMIS3_Server"/>
          <column name="Database Driver" value="POSTGRESQL"/>
          <column name="Port" value="context.LAMIS3_Port"/>
          <column name="Database" value="context.LAMIS3_Database"/>
          <column name="Schema" value="context.LAMIS3_Schema"/>
          <column name="Username" value="context.LAMIS3_Login"/>
          <column name="Password" value="context.LAMIS3_Password"/>
          <column name="REPOSITORY_ALLOW_AUTO_SWITCH" value="true"/>
          <column name="Schema" value="Built-In"/>
          <column name="Table Name" value="&quot;&quot;"/>
          <column name="Query Type" value="Built-In"/>
          <column name="Guess Schema" value="&quot;&quot;"/>
          <column name="Query" value="&quot;SELECT DISTINCT 
	fc.id as id, 
	fc.name AS facility_name,
	lg.name AS lga_name, 
	nf.datim_id AS datim_id
 FROM public.patient ps
 INNER JOIN facility fc
  ON ps.facility_id=fc.id
 INNER JOIN lga lg
  ON fc.lga_id=lg.id
INNER JOIN ndr_facility nf
  ON nf.id=ps.facility_id&quot;"/>
          <column name="Specify a data source alias" value="false"/>
          <column name="Data source alias" value="&quot;&quot;"/>
          <column name="Mapping" value="postgres_id"/>
          <column name="Additional JDBC Parameters" value="context.LAMIS3_AdditionalParams"/>
          <column name="Encoding" value="&quot;ISO-8859-15&quot;"/>
          <column name="Use fetch size" value="false"/>
          <column name="Fetch size" value="1000"/>
          <column name="Trim all the String/Char columns" value="false"/>
          <column name="Trim column" value="[{SCHEMA_COLUMN=id, TRIM=false}, {SCHEMA_COLUMN=facility_name, TRIM=false}, {SCHEMA_COLUMN=lga_name, TRIM=false}, {SCHEMA_COLUMN=datim_id, TRIM=false}]"/>
          <column name="Label format" value="Facilities_filtered"/>
          <column name="Hint format" value="&lt;b&gt;__UNIQUE_NAME__&lt;/b&gt;&lt;br&gt;__COMMENT__"/>
          <column name="Connection format" value="row"/>
          <column name="Show Information" value="false"/>
          <column name="Comment" value=""/>
          <column name="Use an existing validation rule" value="false"/>
          <column name="Validation Rule Type" value=""/>
        </parameters>
        <schemas>
          <schema name="tDBInput_7">
            <column name="id" key="false" type="long" length="19" precision="" nullable="false" comment=""/>
            <column name="facility_name" key="false" type="String" length="100" precision="" nullable="false" comment=""/>
            <column name="lga_name" key="false" type="String" length="45" precision="" nullable="false" comment=""/>
            <column name="datim_id" key="true" type="String" length="32" precision="" nullable="false" comment=""/>
          </schema>
        </schemas>
      </component>
      <component icon="pictures/tDBInput_8.png" uniqueName="tDBInput_8" label="Sequence_Update">
        <input link="tDBInput_1">tDBInput_1</input>
        <output link="tMap_4">tMap_4</output>
        <componentType>tPostgresqlInput</componentType>
        <parameters>
          <column name="Database" value="tPostgresqlInput"/>
          <column name="Unique Name" value="tDBInput_8"/>
          <column name="Component Name" value="tPostgresqlInput"/>
          <column name="Version" value="0.102 (ALPHA)"/>
          <column name="Family" value="Databases/DB Specifics/PostgreSQL"/>
          <column name="Start" value="false"/>
          <column name="Startable" value="true"/>
          <column name="SUBTREE_START" value="true"/>
          <column name="END_OF_FLOW" value="false"/>
          <column name="Activate" value="true"/>
          <column name="DUMMY" value="false"/>
          <column name="tStatCatcher Statistics" value="false"/>
          <column name="Help" value="org.talend.help.tPostgresqlInput"/>
          <column name="Update components" value="true"/>
          <column name="IREPORT_PATH" value=""/>
          <column name="JAVA_LIBRARY_PATH" value="C:\Users\A\Documents\TOS_BD-20200219_1130-V7.3.1\configuration\lib\java"/>
          <column name="Subjob color" value=""/>
          <column name="Title color" value=""/>
          <column name="Property Type" value="repository: DB (POSTGRESQL):LAMISPlus"/>
          <column name="Use an existing connection" value="false"/>
          <column name="Component List" value=""/>
          <column name="DB Version" value="V9_X"/>
          <column name="Host" value="context.LAMISPlus_Server"/>
          <column name="Database Driver" value="POSTGRESQL"/>
          <column name="Port" value="context.LAMISPlus_Port"/>
          <column name="Database" value="context.LAMISPlus_Database"/>
          <column name="Schema" value="context.LAMISPlus_Schema"/>
          <column name="Username" value="context.LAMISPlus_Login"/>
          <column name="Password" value="context.LAMISPlus_Password"/>
          <column name="REPOSITORY_ALLOW_AUTO_SWITCH" value="true"/>
          <column name="Schema" value="Built-In"/>
          <column name="Table Name" value="&quot;&quot;"/>
          <column name="Query Type" value="Built-In"/>
          <column name="Guess Schema" value="&quot;&quot;"/>
          <column name="Query" value="&quot;SELECT pg_catalog.setval('hts_client_id_seq', (SELECT MAX(id) FROM hts_client), true);&quot;"/>
          <column name="Specify a data source alias" value="false"/>
          <column name="Data source alias" value="&quot;&quot;"/>
          <column name="Mapping" value="postgres_id"/>
          <column name="Additional JDBC Parameters" value="context.LAMISPlus_AdditionalParams"/>
          <column name="Encoding" value="&quot;ISO-8859-15&quot;"/>
          <column name="Use fetch size" value="false"/>
          <column name="Fetch size" value="1000"/>
          <column name="Trim all the String/Char columns" value="false"/>
          <column name="Trim column" value="[{SCHEMA_COLUMN=sequence_count, TRIM=false}]"/>
          <column name="Label format" value="Sequence_Update"/>
          <column name="Hint format" value="&lt;b&gt;__UNIQUE_NAME__&lt;/b&gt;&lt;br&gt;__COMMENT__"/>
          <column name="Connection format" value="row"/>
          <column name="Show Information" value="false"/>
          <column name="Comment" value=""/>
          <column name="Use an existing validation rule" value="false"/>
          <column name="Validation Rule Type" value=""/>
        </parameters>
        <schemas>
          <schema name="tDBInput_8">
            <column name="sequence_count" key="false" type="Long" length="19" precision="" nullable="true" comment=""/>
          </schema>
        </schemas>
      </component>
      <component icon="pictures/tDBOutput_1.png" uniqueName="tDBOutput_1" label="Hts_Client">
        <input link="tMap_3">tMap_3</input>
        <input link="tDBInput_6">tDBInput_6</input>
        <output>none</output>
        <componentType>tPostgresqlOutput</componentType>
        <parameters>
          <column name="Database" value="tPostgresqlOutput"/>
          <column name="Unique Name" value="tDBOutput_1"/>
          <column name="Component Name" value="tPostgresqlOutput"/>
          <column name="Version" value="0.102 (ALPHA)"/>
          <column name="Family" value="Databases/DB Specifics/PostgreSQL"/>
          <column name="Startable" value="false"/>
          <column name="SUBTREE_START" value="false"/>
          <column name="END_OF_FLOW" value="true"/>
          <column name="Activate" value="true"/>
          <column name="DUMMY" value="false"/>
          <column name="tStatCatcher Statistics" value="false"/>
          <column name="Help" value="org.talend.help.tPostgresqlOutput"/>
          <column name="Update components" value="true"/>
          <column name="IREPORT_PATH" value=""/>
          <column name="JAVA_LIBRARY_PATH" value="C:\Users\A\Documents\TOS_BD-20200219_1130-V7.3.1\configuration\lib\java"/>
          <column name="Subjob color" value=""/>
          <column name="Title color" value=""/>
          <column name="Property Type" value="repository: DB (POSTGRESQL):LAMISPlus"/>
          <column name="Use an existing connection" value="false"/>
          <column name="Component List" value=""/>
          <column name="DB Version" value="V9_X"/>
          <column name="Host" value="context.LAMISPlus_Server"/>
          <column name="Port" value="context.LAMISPlus_Port"/>
          <column name="Database" value="context.LAMISPlus_Database"/>
          <column name="Database Driver" value="POSTGRESQL"/>
          <column name="Schema" value="context.LAMISPlus_Schema"/>
          <column name="Username" value="context.LAMISPlus_Login"/>
          <column name="Password" value="context.LAMISPlus_Password"/>
          <column name="Table" value="&quot;hts_client&quot;"/>
          <column name="Action on table" value="NONE"/>
          <column name="Action on data" value="INSERT_OR_UPDATE"/>
          <column name="REPOSITORY_ALLOW_AUTO_SWITCH" value="true"/>
          <column name="Schema" value="Built-In"/>
          <column name="Reject Schema" value="Built-In"/>
          <column name="Use spatial options" value="false"/>
          <column name="Create Spatial index" value="false"/>
          <column name="Create geometry columns reference" value="false"/>
          <column name="Specify a data source alias" value="false"/>
          <column name="Data source alias" value="&quot;&quot;"/>
          <column name="Die on error" value="false"/>
          <column name="Mapping" value="postgres_id"/>
          <column name="Use alternate schema" value="false"/>
          <column name="Schema" value="&quot;&quot;"/>
          <column name="Additional JDBC Parameters" value="context.LAMISPlus_AdditionalParams"/>
          <column name="Use save point" value="false"/>
          <column name="Encoding" value="&quot;ISO-8859-15&quot;"/>
          <column name="Commit every" value="10000"/>
          <column name="Additional columns" value="[{NAME=&quot;extra&quot;, DATATYPE=VARCHAR(50), SQL=&quot;?::json&quot;, POS=REPLACE, REFCOL=extra}, {NAME=&quot;test1&quot;, DATATYPE=VARCHAR(50), SQL=&quot;?::json&quot;, POS=REPLACE, REFCOL=test1}, {NAME=&quot;confirmatory_test&quot;, DATATYPE=VARCHAR(50), SQL=&quot;?::json&quot;, POS=REPLACE, REFCOL=confirmatory_test}, {NAME=&quot;tie_breaker_test&quot;, DATATYPE=VARCHAR(50), SQL=&quot;?::json&quot;, POS=REPLACE, REFCOL=tie_breaker_test}, {NAME=&quot;knowledge_assessment&quot;, DATATYPE=VARCHAR(50), SQL=&quot;?::json&quot;, POS=REPLACE, REFCOL=knowledge_assessment}, {NAME=&quot;risk_assessment&quot;, DATATYPE=VARCHAR(50), SQL=&quot;?::json&quot;, POS=REPLACE, REFCOL=risk_assessment}, {NAME=&quot;tb_screening&quot;, DATATYPE=VARCHAR(50), SQL=&quot;?::json&quot;, POS=REPLACE, REFCOL=tb_screening}, {NAME=&quot;sti_screening&quot;, DATATYPE=VARCHAR(50), SQL=&quot;?::json&quot;, POS=REPLACE, REFCOL=sti_screening}, {NAME=&quot;recency&quot;, DATATYPE=VARCHAR(50), SQL=&quot;?::json&quot;, POS=REPLACE, REFCOL=recency}, {NAME=&quot;post_test_counseling&quot;, DATATYPE=VARCHAR(50), SQL=&quot;?::json&quot;, POS=REPLACE, REFCOL=post_test_counseling}]"/>
          <column name="Use field options" value="false"/>
          <column name="Field options" value="[{SCHEMA_COLUMN=id, UPDATE_KEY=false, DELETE_KEY=false, UPDATABLE=true, INSERTABLE=true}, {SCHEMA_COLUMN=test1, UPDATE_KEY=false, DELETE_KEY=false, UPDATABLE=true, INSERTABLE=true}, {SCHEMA_COLUMN=confirmatory_test, UPDATE_KEY=false, DELETE_KEY=false, UPDATABLE=true, INSERTABLE=true}, {SCHEMA_COLUMN=tie_breaker_test, UPDATE_KEY=false, DELETE_KEY=false, UPDATABLE=true, INSERTABLE=true}, {SCHEMA_COLUMN=client_code, UPDATE_KEY=false, DELETE_KEY=false, UPDATABLE=true, INSERTABLE=true}, {SCHEMA_COLUMN=date_visit, UPDATE_KEY=false, DELETE_KEY=false, UPDATABLE=true, INSERTABLE=true}, {SCHEMA_COLUMN=archived, UPDATE_KEY=false, DELETE_KEY=false, UPDATABLE=true, INSERTABLE=true}, {SCHEMA_COLUMN=date_created, UPDATE_KEY=false, DELETE_KEY=false, UPDATABLE=true, INSERTABLE=true}, {SCHEMA_COLUMN=date_modified, UPDATE_KEY=false, DELETE_KEY=false, UPDATABLE=true, INSERTABLE=true}, {SCHEMA_COLUMN=created_by, UPDATE_KEY=false, DELETE_KEY=false, UPDATABLE=true, INSERTABLE=true}, {SCHEMA_COLUMN=modified_by, UPDATE_KEY=false, DELETE_KEY=false, UPDATABLE=true, INSERTABLE=true}, {SCHEMA_COLUMN=captured_by, UPDATE_KEY=false, DELETE_KEY=false, UPDATABLE=true, INSERTABLE=true}, {SCHEMA_COLUMN=uuid, UPDATE_KEY=false, DELETE_KEY=false, UPDATABLE=true, INSERTABLE=true}, {SCHEMA_COLUMN=previously_tested, UPDATE_KEY=false, DELETE_KEY=false, UPDATABLE=true, INSERTABLE=true}, {SCHEMA_COLUMN=index_client, UPDATE_KEY=false, DELETE_KEY=false, UPDATABLE=true, INSERTABLE=true}, {SCHEMA_COLUMN=num_children, UPDATE_KEY=false, DELETE_KEY=false, UPDATABLE=true, INSERTABLE=true}, {SCHEMA_COLUMN=num_wives, UPDATE_KEY=false, DELETE_KEY=false, UPDATABLE=true, INSERTABLE=true}, {SCHEMA_COLUMN=first_time_visit, UPDATE_KEY=false, DELETE_KEY=false, UPDATABLE=true, INSERTABLE=true}, {SCHEMA_COLUMN=index_client_code, UPDATE_KEY=false, DELETE_KEY=false, UPDATABLE=true, INSERTABLE=true}, {SCHEMA_COLUMN=extra, UPDATE_KEY=false, DELETE_KEY=false, UPDATABLE=true, INSERTABLE=true}, {SCHEMA_COLUMN=post_test_counseling, UPDATE_KEY=false, DELETE_KEY=false, UPDATABLE=true, INSERTABLE=true}, {SCHEMA_COLUMN=knowledge_assessment, UPDATE_KEY=false, DELETE_KEY=false, UPDATABLE=true, INSERTABLE=true}, {SCHEMA_COLUMN=tb_screening, UPDATE_KEY=false, DELETE_KEY=false, UPDATABLE=true, INSERTABLE=true}, {SCHEMA_COLUMN=sti_screening, UPDATE_KEY=false, DELETE_KEY=false, UPDATABLE=true, INSERTABLE=true}, {SCHEMA_COLUMN=risk_assessment, UPDATE_KEY=false, DELETE_KEY=false, UPDATABLE=true, INSERTABLE=true}, {SCHEMA_COLUMN=target_group, UPDATE_KEY=false, DELETE_KEY=false, UPDATABLE=true, INSERTABLE=true}, {SCHEMA_COLUMN=testing_setting, UPDATE_KEY=false, DELETE_KEY=false, UPDATABLE=true, INSERTABLE=true}, {SCHEMA_COLUMN=referred_from, UPDATE_KEY=false, DELETE_KEY=false, UPDATABLE=true, INSERTABLE=true}, {SCHEMA_COLUMN=type_counseling, UPDATE_KEY=false, DELETE_KEY=false, UPDATABLE=true, INSERTABLE=true}, {SCHEMA_COLUMN=facility_id, UPDATE_KEY=false, DELETE_KEY=false, UPDATABLE=true, INSERTABLE=true}, {SCHEMA_COLUMN=recency, UPDATE_KEY=false, DELETE_KEY=false, UPDATABLE=true, INSERTABLE=true}]"/>
          <column name="Debug query mode" value="false"/>
          <column name="Support null in &quot;SQL WHERE&quot; statement" value="false"/>
          <column name="Convert columns and table to lowercase" value="false"/>
          <column name="Use Batch Size" value="true"/>
          <column name="Batch Size" value="10000"/>
          <column name="Label format" value="Hts_Client"/>
          <column name="Hint format" value="&lt;b&gt;__UNIQUE_NAME__&lt;/b&gt;&lt;br&gt;__COMMENT__"/>
          <column name="Connection format" value="row"/>
          <column name="Show Information" value="false"/>
          <column name="Comment" value=""/>
          <column name="Use an existing validation rule" value="false"/>
          <column name="Validation Rule Type" value=""/>
        </parameters>
        <schemas>
          <schema name="tDBOutput_1">
            <column name="id" key="true" type="long" length="" precision="" nullable="false" comment=""/>
            <column name="test1" key="false" type="String" length="1000" precision="" nullable="true" comment=""/>
            <column name="confirmatory_test" key="false" type="String" length="1000" precision="" nullable="true" comment=""/>
            <column name="tie_breaker_test" key="false" type="String" length="1000" precision="" nullable="true" comment=""/>
            <column name="client_code" key="false" type="String" length="50" precision="" nullable="false" comment=""/>
            <column name="date_visit" key="false" type="java.util.Date" length="50" precision="" nullable="false" comment=""/>
            <column name="archived" key="false" type="int" length="10" precision="" nullable="false" comment=""/>
            <column name="date_created" key="false" type="java.util.Date" length="50" precision="6" nullable="false" comment=""/>
            <column name="date_modified" key="false" type="java.util.Date" length="50" precision="6" nullable="false" comment=""/>
            <column name="created_by" key="false" type="String" length="50" precision="" nullable="true" comment=""/>
            <column name="modified_by" key="false" type="String" length="50" precision="" nullable="true" comment=""/>
            <column name="captured_by" key="false" type="String" length="150" precision="" nullable="true" comment=""/>
            <column name="uuid" key="false" type="String" length="36" precision="" nullable="false" comment=""/>
            <column name="previously_tested" key="false" type="Boolean" length="1" precision="" nullable="true" comment=""/>
            <column name="index_client" key="false" type="Boolean" length="1" precision="" nullable="true" comment=""/>
            <column name="num_children" key="false" type="Integer" length="19" precision="" nullable="true" comment=""/>
            <column name="num_wives" key="false" type="Integer" length="19" precision="" nullable="true" comment=""/>
            <column name="first_time_visit" key="false" type="Boolean" length="1" precision="" nullable="true" comment=""/>
            <column name="index_client_code" key="false" type="String" length="50" precision="" nullable="true" comment=""/>
            <column name="extra" key="false" type="String" length="1000" precision="" nullable="true" comment=""/>
            <column name="post_test_counseling" key="false" type="String" length="1000" precision="" nullable="true" comment=""/>
            <column name="knowledge_assessment" key="false" type="String" length="1000" precision="" nullable="true" comment=""/>
            <column name="tb_screening" key="false" type="String" length="1000" precision="" nullable="true" comment=""/>
            <column name="sti_screening" key="false" type="String" length="1000" precision="" nullable="true" comment=""/>
            <column name="risk_assessment" key="false" type="String" length="1000" precision="" nullable="true" comment=""/>
            <column name="target_group" key="false" type="String" length="50" precision="" nullable="true" comment=""/>
            <column name="testing_setting" key="false" type="String" length="50" precision="" nullable="true" comment=""/>
            <column name="referred_from" key="false" type="Integer" length="50" precision="" nullable="true" comment=""/>
            <column name="type_counseling" key="false" type="Integer" length="50" precision="" nullable="true" comment=""/>
            <column name="facility_id" key="false" type="Integer" length="50" precision="" nullable="true" comment=""/>
            <column name="recency" key="false" type="String" length="1000" precision="" nullable="true" comment=""/>
          </schema>
        </schemas>
      </component>
      <component icon="pictures/tDBOutput_2.png" uniqueName="tDBOutput_2" label="Facility">
        <input link="tDBInput_7">tDBInput_7</input>
        <output>none</output>
        <componentType>tPostgresqlOutput</componentType>
        <parameters>
          <column name="Database" value="tPostgresqlOutput"/>
          <column name="Unique Name" value="tDBOutput_2"/>
          <column name="Component Name" value="tPostgresqlOutput"/>
          <column name="Version" value="0.102 (ALPHA)"/>
          <column name="Family" value="Databases/DB Specifics/PostgreSQL"/>
          <column name="Startable" value="false"/>
          <column name="SUBTREE_START" value="false"/>
          <column name="END_OF_FLOW" value="true"/>
          <column name="Activate" value="true"/>
          <column name="DUMMY" value="false"/>
          <column name="tStatCatcher Statistics" value="false"/>
          <column name="Help" value="org.talend.help.tPostgresqlOutput"/>
          <column name="Update components" value="true"/>
          <column name="IREPORT_PATH" value=""/>
          <column name="JAVA_LIBRARY_PATH" value="C:\Users\A\Documents\TOS_BD-20200219_1130-V7.3.1\configuration\lib\java"/>
          <column name="Subjob color" value=""/>
          <column name="Title color" value=""/>
          <column name="Property Type" value="repository: DB (POSTGRESQL):LAMISPlus"/>
          <column name="Use an existing connection" value="false"/>
          <column name="Component List" value=""/>
          <column name="DB Version" value="V9_X"/>
          <column name="Host" value="context.LAMISPlus_Server"/>
          <column name="Port" value="context.LAMISPlus_Port"/>
          <column name="Database" value="context.LAMISPlus_Database"/>
          <column name="Database Driver" value="POSTGRESQL"/>
          <column name="Schema" value="context.LAMISPlus_Schema"/>
          <column name="Username" value="context.LAMISPlus_Login"/>
          <column name="Password" value="context.LAMISPlus_Password"/>
          <column name="Table" value="&quot;etl_facility&quot;"/>
          <column name="Action on table" value="CREATE_IF_NOT_EXISTS"/>
          <column name="Action on data" value="INSERT_OR_UPDATE"/>
          <column name="REPOSITORY_ALLOW_AUTO_SWITCH" value="true"/>
          <column name="Schema" value="Built-In"/>
          <column name="Reject Schema" value="Built-In"/>
          <column name="Use spatial options" value="false"/>
          <column name="Create Spatial index" value="false"/>
          <column name="Create geometry columns reference" value="false"/>
          <column name="Specify a data source alias" value="false"/>
          <column name="Data source alias" value="&quot;&quot;"/>
          <column name="Die on error" value="false"/>
          <column name="Mapping" value="postgres_id"/>
          <column name="Use alternate schema" value="false"/>
          <column name="Schema" value="&quot;&quot;"/>
          <column name="Additional JDBC Parameters" value="context.LAMISPlus_AdditionalParams"/>
          <column name="Use save point" value="false"/>
          <column name="Encoding" value="&quot;ISO-8859-15&quot;"/>
          <column name="Commit every" value="10000"/>
          <column name="Additional columns" value="[]"/>
          <column name="Use field options" value="false"/>
          <column name="Field options" value="[{SCHEMA_COLUMN=id, UPDATE_KEY=false, DELETE_KEY=false, UPDATABLE=true, INSERTABLE=true}, {SCHEMA_COLUMN=facility_name, UPDATE_KEY=false, DELETE_KEY=false, UPDATABLE=true, INSERTABLE=true}, {SCHEMA_COLUMN=lga_name, UPDATE_KEY=false, DELETE_KEY=false, UPDATABLE=true, INSERTABLE=true}, {SCHEMA_COLUMN=datim_id, UPDATE_KEY=false, DELETE_KEY=false, UPDATABLE=true, INSERTABLE=true}]"/>
          <column name="Debug query mode" value="false"/>
          <column name="Support null in &quot;SQL WHERE&quot; statement" value="false"/>
          <column name="Convert columns and table to lowercase" value="false"/>
          <column name="Use Batch Size" value="true"/>
          <column name="Batch Size" value="10000"/>
          <column name="Label format" value="Facility"/>
          <column name="Hint format" value="&lt;b&gt;__UNIQUE_NAME__&lt;/b&gt;&lt;br&gt;__COMMENT__"/>
          <column name="Connection format" value="row"/>
          <column name="Show Information" value="false"/>
          <column name="Comment" value=""/>
          <column name="Use an existing validation rule" value="false"/>
          <column name="Validation Rule Type" value=""/>
        </parameters>
        <schemas>
          <schema name="tDBOutput_2">
            <column name="id" key="false" type="long" length="19" precision="" nullable="false" comment=""/>
            <column name="facility_name" key="false" type="String" length="100" precision="" nullable="false" comment=""/>
            <column name="lga_name" key="false" type="String" length="45" precision="" nullable="false" comment=""/>
            <column name="datim_id" key="true" type="String" length="32" precision="" nullable="false" comment=""/>
          </schema>
        </schemas>
      </component>
      <component icon="pictures/tDBOutput_3.png" uniqueName="tDBOutput_3" label="Etl_Sequence">
        <input link="tMap_4">tMap_4</input>
        <output link="tJava_2">tJava_2</output>
        <componentType>tPostgresqlOutput</componentType>
        <parameters>
          <column name="Database" value="tPostgresqlOutput"/>
          <column name="Unique Name" value="tDBOutput_3"/>
          <column name="Component Name" value="tPostgresqlOutput"/>
          <column name="Version" value="0.102 (ALPHA)"/>
          <column name="Family" value="Databases/DB Specifics/PostgreSQL"/>
          <column name="Startable" value="false"/>
          <column name="SUBTREE_START" value="false"/>
          <column name="END_OF_FLOW" value="true"/>
          <column name="Activate" value="true"/>
          <column name="DUMMY" value="false"/>
          <column name="tStatCatcher Statistics" value="false"/>
          <column name="Help" value="org.talend.help.tPostgresqlOutput"/>
          <column name="Update components" value="true"/>
          <column name="IREPORT_PATH" value=""/>
          <column name="JAVA_LIBRARY_PATH" value="C:\Users\A\Documents\TOS_BD-20200219_1130-V7.3.1\configuration\lib\java"/>
          <column name="Subjob color" value=""/>
          <column name="Title color" value=""/>
          <column name="Property Type" value="repository: DB (POSTGRESQL):LAMISPlus"/>
          <column name="Use an existing connection" value="false"/>
          <column name="Component List" value=""/>
          <column name="DB Version" value="V9_X"/>
          <column name="Host" value="context.LAMISPlus_Server"/>
          <column name="Port" value="context.LAMISPlus_Port"/>
          <column name="Database" value="context.LAMISPlus_Database"/>
          <column name="Database Driver" value="POSTGRESQL"/>
          <column name="Schema" value="context.LAMISPlus_Schema"/>
          <column name="Username" value="context.LAMISPlus_Login"/>
          <column name="Password" value="context.LAMISPlus_Password"/>
          <column name="Table" value="&quot;etl_sequence&quot;"/>
          <column name="Action on table" value="CREATE_IF_NOT_EXISTS"/>
          <column name="Action on data" value="INSERT_OR_UPDATE"/>
          <column name="REPOSITORY_ALLOW_AUTO_SWITCH" value="true"/>
          <column name="Schema" value="Built-In"/>
          <column name="Reject Schema" value="Built-In"/>
          <column name="Use spatial options" value="false"/>
          <column name="Create Spatial index" value="false"/>
          <column name="Create geometry columns reference" value="false"/>
          <column name="Specify a data source alias" value="false"/>
          <column name="Data source alias" value="&quot;&quot;"/>
          <column name="Die on error" value="false"/>
          <column name="Mapping" value="postgres_id"/>
          <column name="Use alternate schema" value="false"/>
          <column name="Schema" value="&quot;&quot;"/>
          <column name="Additional JDBC Parameters" value="context.LAMISPlus_AdditionalParams"/>
          <column name="Use save point" value="false"/>
          <column name="Encoding" value="&quot;ISO-8859-15&quot;"/>
          <column name="Commit every" value="10000"/>
          <column name="Additional columns" value="[]"/>
          <column name="Use field options" value="false"/>
          <column name="Field options" value="[{SCHEMA_COLUMN=sequence_count, UPDATE_KEY=false, DELETE_KEY=false, UPDATABLE=true, INSERTABLE=true}, {SCHEMA_COLUMN=table_name, UPDATE_KEY=false, DELETE_KEY=false, UPDATABLE=true, INSERTABLE=true}, {SCHEMA_COLUMN=date_time, UPDATE_KEY=false, DELETE_KEY=false, UPDATABLE=true, INSERTABLE=true}]"/>
          <column name="Debug query mode" value="false"/>
          <column name="Support null in &quot;SQL WHERE&quot; statement" value="false"/>
          <column name="Convert columns and table to lowercase" value="false"/>
          <column name="Use Batch Size" value="true"/>
          <column name="Batch Size" value="10000"/>
          <column name="Label format" value="Etl_Sequence"/>
          <column name="Hint format" value="&lt;b&gt;__UNIQUE_NAME__&lt;/b&gt;&lt;br&gt;__COMMENT__"/>
          <column name="Connection format" value="row"/>
          <column name="Show Information" value="false"/>
          <column name="Comment" value=""/>
          <column name="Use an existing validation rule" value="false"/>
          <column name="Validation Rule Type" value=""/>
        </parameters>
        <schemas>
          <schema name="tDBOutput_3">
            <column name="sequence_count" key="false" type="Long" length="19" precision="" nullable="true" comment=""/>
            <column name="table_name" key="true" type="String" length="" precision="" nullable="true" comment=""/>
            <column name="date_time" key="false" type="java.util.Date" length="" precision="" nullable="true" comment=""/>
          </schema>
        </schemas>
      </component>
      <component icon="pictures/tJava_1.png" uniqueName="tJava_1" label="__UNIQUE_NAME__">
        <input link="tDBInput_1">tDBInput_1</input>
        <output>none</output>
        <componentType>tJava</componentType>
        <parameters>
          <column name="Unique Name" value="tJava_1"/>
          <column name="Component Name" value="tJava"/>
          <column name="Version" value="0.101 (ALPHA)"/>
          <column name="Family" value="Custom_Code"/>
          <column name="Start" value="false"/>
          <column name="Startable" value="true"/>
          <column name="SUBTREE_START" value="true"/>
          <column name="END_OF_FLOW" value="true"/>
          <column name="Activate" value="true"/>
          <column name="DUMMY" value="false"/>
          <column name="tStatCatcher Statistics" value="false"/>
          <column name="Help" value="org.talend.help.tJava"/>
          <column name="Update components" value="true"/>
          <column name="IREPORT_PATH" value=""/>
          <column name="JAVA_LIBRARY_PATH" value="C:\Users\A\Documents\TOS_BD-20200219_1130-V7.3.1\configuration\lib\java"/>
          <column name="Subjob color" value=""/>
          <column name="Title color" value=""/>
          <column name="Code" value="System.out.println(&quot;Total HTS records fetched from LAMIS3 hts_new table - &quot;+globalMap.get(&quot;tDBInput_1_NB_LINE&quot;));
System.out.println();"/>
          <column name="Import" value="//import java.util.List;"/>
          <column name="Schema" value="Built-In"/>
          <column name="Label format" value="__UNIQUE_NAME__"/>
          <column name="Hint format" value="&lt;b&gt;__UNIQUE_NAME__&lt;/b&gt;&lt;br&gt;__COMMENT__"/>
          <column name="Connection format" value="row"/>
          <column name="Show Information" value="false"/>
          <column name="Comment" value=""/>
          <column name="Use an existing validation rule" value="false"/>
          <column name="Validation Rule Type" value=""/>
        </parameters>
        <schemas>
          <schema name="tJava_1"/>
        </schemas>
      </component>
      <component icon="pictures/tJava_2.png" uniqueName="tJava_2" label="__UNIQUE_NAME__">
        <input link="tDBOutput_3">tDBOutput_3</input>
        <output>none</output>
        <componentType>tJava</componentType>
        <parameters>
          <column name="Unique Name" value="tJava_2"/>
          <column name="Component Name" value="tJava"/>
          <column name="Version" value="0.101 (ALPHA)"/>
          <column name="Family" value="Custom_Code"/>
          <column name="Start" value="false"/>
          <column name="Startable" value="true"/>
          <column name="SUBTREE_START" value="true"/>
          <column name="END_OF_FLOW" value="true"/>
          <column name="Activate" value="true"/>
          <column name="DUMMY" value="false"/>
          <column name="tStatCatcher Statistics" value="false"/>
          <column name="Help" value="org.talend.help.tJava"/>
          <column name="Update components" value="true"/>
          <column name="IREPORT_PATH" value=""/>
          <column name="JAVA_LIBRARY_PATH" value="C:\Users\A\Documents\TOS_BD-20200219_1130-V7.3.1\configuration\lib\java"/>
          <column name="Subjob color" value=""/>
          <column name="Title color" value=""/>
          <column name="Code" value="int totalMigrated = globalMap.get(&quot;tDBOutput_1_NB_LINE_UPDATED&quot;) != null ? (Integer)globalMap.get(&quot;tDBOutput_1_NB_LINE_UPDATED&quot;) : 0;

System.out.println(&quot;Total HTS already migrated &quot;+totalMigrated);

System.out.println(&quot;Total new records migrated - &quot;+globalMap.get(&quot;tDBOutput_1_NB_LINE_INSERTED&quot;));
if(globalMap.get(&quot;tDBOutput_1_ERROR_MESSAGE&quot;) != null){
System.out.println(&quot;Migration Error - &quot;+globalMap.get(&quot;tDBOutput_1_ERROR_MESSAGE&quot;));
}
System.out.println(&quot;Total erroneous records not migrated - &quot;+globalMap.get(&quot;tFileOutputDelimited_1_NB_LINE&quot;));
System.out.println();
java.time.LocalDateTime endTime = java.time.LocalDateTime.now();
System.out.println(&quot;End time - &quot;+ endTime);
java.time.LocalDateTime statTime = (java.time.LocalDateTime)globalMap.get(&quot;startTime&quot;);

java.time.Duration duration = java.time.Duration.between(statTime, endTime);
System.out.println(&quot;Duration - &quot;+ duration);
System.out.println(&quot;*************HTS SESSION MIGRATION REPORT END*****************&quot;);
System.out.println(&quot;**************************************************************&quot;);

"/>
          <column name="Import" value="//import java.util.List;"/>
          <column name="Schema" value="Built-In"/>
          <column name="Label format" value="__UNIQUE_NAME__"/>
          <column name="Hint format" value="&lt;b&gt;__UNIQUE_NAME__&lt;/b&gt;&lt;br&gt;__COMMENT__"/>
          <column name="Connection format" value="row"/>
          <column name="Show Information" value="false"/>
          <column name="Comment" value=""/>
          <column name="Use an existing validation rule" value="false"/>
          <column name="Validation Rule Type" value=""/>
        </parameters>
        <schemas>
          <schema name="schema_create_transform_jsonfield">
            <column name="id" key="true" type="int" length="10" precision="" nullable="false" comment=""/>
            <column name="hospital_number" key="false" type="String" length="25" precision="" nullable="false" comment=""/>
            <column name="uuid" key="false" type="String" length="36" precision="" nullable="true" comment=""/>
            <column name="first_name" key="false" type="String" length="230" precision="" nullable="true" comment=""/>
            <column name="surname" key="false" type="String" length="45" precision="" nullable="true" comment=""/>
            <column name="other_name" key="false" type="String" length="75" precision="" nullable="true" comment=""/>
            <column name="gender" key="false" type="String" length="500" precision="" nullable="true" comment=""/>
            <column name="date_of_birth" key="false" type="java.util.Date" length="13" precision="" nullable="true" comment=""/>
            <column name="is_date_of_birth_estimated" key="false" type="Boolean" length="1" precision="" nullable="true" comment=""/>
            <column name="education" key="false" type="String" length="1500" precision="" nullable="true" comment=""/>
            <column name="marital_status" key="false" type="String" length="1500" precision="" nullable="true" comment=""/>
            <column name="employment_status" key="false" type="String" length="1500" precision="" nullable="true" comment=""/>
            <column name="address" key="false" type="String" length="1500" precision="" nullable="true" comment=""/>
            <column name="contact_point" key="false" type="String" length="1500" precision="" nullable="true" comment=""/>
            <column name="contact" key="false" type="String" length="1500" precision="" nullable="true" comment=""/>
            <column name="date_of_registration" key="false" type="java.util.Date" length="13" precision="" nullable="false" comment=""/>
            <column name="archived" key="false" type="Integer" length="1" precision="" nullable="true" comment=""/>
            <column name="active" key="false" type="boolean" length="" precision="" nullable="false" comment=""/>
            <column name="deceased" key="false" type="Boolean" length="" precision="" nullable="true" comment=""/>
            <column name="deceased_date_time" key="false" type="java.util.Date" length="" precision="" nullable="true" comment=""/>
            <column name="created_date" key="false" type="java.util.Date" length="" precision="" nullable="true" comment=""/>
            <column name="last_modified_date" key="false" type="java.util.Date" length="29" precision="6" nullable="true" comment=""/>
            <column name="created_by" key="false" type="String" length="" precision="" nullable="true" comment=""/>
            <column name="last_modified_by" key="false" type="String" length="" precision="" nullable="true" comment=""/>
            <column name="identifier" key="false" type="String" length="25" precision="" nullable="true" comment=""/>
            <column name="facility_id" key="false" type="long" length="19" precision="" nullable="false" comment=""/>
            <column name="organization" key="false" type="String" length="" precision="" nullable="true" comment=""/>
            <column name="sex" key="false" type="String" length="230" precision="" nullable="true" comment=""/>
          </schema>
        </schemas>
      </component>
      <component icon="pictures/tJava_3.png" uniqueName="tJava_3" label="__UNIQUE_NAME__">
        <input link="tDBInput_7">tDBInput_7</input>
        <output>none</output>
        <componentType>tJava</componentType>
        <parameters>
          <column name="Unique Name" value="tJava_3"/>
          <column name="Component Name" value="tJava"/>
          <column name="Version" value="0.101 (ALPHA)"/>
          <column name="Family" value="Custom_Code"/>
          <column name="Start" value="false"/>
          <column name="Startable" value="true"/>
          <column name="SUBTREE_START" value="true"/>
          <column name="END_OF_FLOW" value="true"/>
          <column name="Activate" value="true"/>
          <column name="DUMMY" value="false"/>
          <column name="tStatCatcher Statistics" value="false"/>
          <column name="Help" value="org.talend.help.tJava"/>
          <column name="Update components" value="true"/>
          <column name="IREPORT_PATH" value=""/>
          <column name="JAVA_LIBRARY_PATH" value="C:\Users\A\Documents\TOS_BD-20200219_1130-V7.3.1\configuration\lib\java"/>
          <column name="Subjob color" value=""/>
          <column name="Title color" value=""/>
          <column name="Code" value="System.out.println(&quot;*****************************************************************&quot;);
System.out.println(&quot;*****************HTS MIGRATION REPORT START**********************&quot;);
java.time.LocalDateTime startTime = java.time.LocalDateTime.now();
globalMap.put(&quot;startTime&quot;, startTime);
System.out.println(&quot;Start time - &quot;+ startTime);
"/>
          <column name="Import" value="//import java.util.List;"/>
          <column name="Schema" value="Built-In"/>
          <column name="Label format" value="__UNIQUE_NAME__"/>
          <column name="Hint format" value="&lt;b&gt;__UNIQUE_NAME__&lt;/b&gt;&lt;br&gt;__COMMENT__"/>
          <column name="Connection format" value="row"/>
          <column name="Show Information" value="false"/>
          <column name="Comment" value=""/>
          <column name="Use an existing validation rule" value="false"/>
          <column name="Validation Rule Type" value=""/>
        </parameters>
        <schemas>
          <schema name="tJava_3"/>
        </schemas>
      </component>
    </internalNodeComponents>
    <externalNodeComponents>
      <component icon="pictures/tMap_1.png" uniqueName="tMap_1" label="hts_target_group_testing_setting_merge">
        <input link="tMap_1">tMap_1</input>
        <input link="tDBInput_2">tDBInput_2</input>
        <input link="tDBInput_3">tDBInput_3</input>
        <output link="tMap_2">tMap_2</output>
        <componentType>tMap</componentType>
        <!--tMap_1-->
      </component>
      <component icon="pictures/tMap_2.png" uniqueName="tMap_2" label="Hts_Referred_From_Type_Counseling">
        <input link="tMap_2">tMap_2</input>
        <input link="tDBInput_4">tDBInput_4</input>
        <input link="tDBInput_5">tDBInput_5</input>
        <output link="tMap_3">tMap_3</output>
        <componentType>tMap</componentType>
        <!--tMap_2-->
      </component>
      <component icon="pictures/tMap_3.png" uniqueName="tMap_3" label="Hts_Facility_Map">
        <input link="tMap_3">tMap_3</input>
        <input link="tDBInput_6">tDBInput_6</input>
        <output link="tDBOutput_1">tDBOutput_1</output>
        <componentType>tMap</componentType>
        <!--tMap_3-->
      </component>
      <component icon="pictures/tMap_4.png" uniqueName="tMap_4" label="update_sequence">
        <input link="tDBInput_8">tDBInput_8</input>
        <output link="tDBOutput_3">tDBOutput_3</output>
        <componentType>tMap</componentType>
        <!--tMap_4-->
      </component>
    </externalNodeComponents>
    <connections>
      <connection label="hts_extract" lineStyle="0" metaname="tDBInput_1" offsetLabelX="0" offsetLabelY="0" source="tDBInput_1" target="tMap_1"/>
      <connection label="If" lineStyle="6" metaname="tDBInput_1" offsetLabelX="0" offsetLabelY="0" source="tDBInput_1" target="tJava_1"/>
      <connection label="OnSubjobOk" lineStyle="1" metaname="tDBInput_1" offsetLabelX="0" offsetLabelY="0" source="tDBInput_1" target="tDBInput_8"/>
      <connection label="hts_target_group_setting_map" lineStyle="0" metaname="hts_target_group_setting_map" offsetLabelX="0" offsetLabelY="0" source="tMap_1" target="tMap_2"/>
      <connection label="Target_Group_Codeset" lineStyle="8" metaname="tDBInput_2" offsetLabelX="0" offsetLabelY="0" source="tDBInput_2" target="tMap_1"/>
      <connection label="Testing_Setting_Codeset" lineStyle="8" metaname="tDBInput_3" offsetLabelX="-45" offsetLabelY="3" source="tDBInput_3" target="tMap_1"/>
      <connection label="hts_extract_before_final" lineStyle="0" metaname="hts_extract_before_final" offsetLabelX="0" offsetLabelY="0" source="tMap_2" target="tMap_3"/>
      <connection label="referred_from_codeset" lineStyle="8" metaname="tDBInput_4" offsetLabelX="0" offsetLabelY="0" source="tDBInput_4" target="tMap_2"/>
      <connection label="row1" lineStyle="8" metaname="tDBInput_5" offsetLabelX="0" offsetLabelY="0" source="tDBInput_5" target="tMap_2"/>
      <connection label="hts_final" lineStyle="0" metaname="hts_final" offsetLabelX="0" offsetLabelY="0" source="tMap_3" target="tDBOutput_1"/>
      <connection label="row3" lineStyle="8" metaname="tDBInput_6" offsetLabelX="0" offsetLabelY="0" source="tDBInput_6" target="tMap_3"/>
      <connection label="facility_extraction" lineStyle="0" metaname="tDBInput_7" offsetLabelX="0" offsetLabelY="0" source="tDBInput_7" target="tDBOutput_2"/>
      <connection label="If" lineStyle="6" metaname="tDBInput_7" offsetLabelX="0" offsetLabelY="0" source="tDBInput_7" target="tJava_3"/>
      <connection label="OnSubjobOk" lineStyle="1" metaname="tDBInput_7" offsetLabelX="0" offsetLabelY="0" source="tDBInput_7" target="tDBInput_1"/>
      <connection label="row6" lineStyle="0" metaname="tDBInput_8" offsetLabelX="-12" offsetLabelY="8" source="tDBInput_8" target="tMap_4"/>
      <connection label="sequence_extra" lineStyle="0" metaname="sequence_extra" offsetLabelX="-11" offsetLabelY="3" source="tMap_4" target="tDBOutput_3"/>
      <connection label="OnComponentOk" lineStyle="3" metaname="tDBOutput_3" offsetLabelX="0" offsetLabelY="0" source="tDBOutput_3" target="tJava_2"/>
    </connections>
  </job>
</project>
