<?xml version="1.1" encoding="UTF-8"?>

<externalNode i18n.job.component.parameters="Component Parameters:" i18n.job.properties="Properties" i18n.job.values="Values" i18n.mapper.table.for="Mapper table for " i18n.mapper.table.properties="Mapper table Properties" i18n.job.name="Name" i18n.tmap.matching.mode="Matching-mode" i18n.mapper.table.isminimized="isMinimized" i18n.tmap.isreject="isReject" i18n.tmap.isrejectinnnerjoin="isRejectInnerJoin" i18n.tmap.isinnerjoin="isInnerJoin" i18n.tmap.expressionfilter="expressionFilter" i18n.mapper.table.metadata.entries="Metadata Table Entries" i18n.job.type="Type" i18n.mapper.table.expression="Expression" i18n.tmap.isnullable="isNullable" i18n.tmap.constraint.entries="Constraint Table Entries" name="tMap_3" preview="pictures/_bs0A8F0nEe2ds-zC4PBZLg-tMap_3-PREVIEW.bmp">
  <parameters>
    <column name="tStatCatcher Statistics">false</column>
    <column name="Mapping links display as:">AUTO</column>
    <column name="Temp data directory path:"></column>
    <column name="Max buffer size (nb of rows):">2000000</column>
    <column name="Ignore trailing zeros for BigDecimal">true</column>
    <column name="Show Information">false</column>
    <column name="Comment"><![CDATA[]]></column>
    <column name="Use an existing validation rule">false</column>
  </parameters>
  <mapperTable type="input">
    <table name="hts_extract_before_final" matching-mode="UNIQUE_MATCH" lookup-mode="LOAD_ONCE" isMinimized="false" isReject="false" isRejectInnerJoin="false" isInnerJoin="false" isPersistent="false" expressionFilter="null" activateExpressionFilter="false" activateCondensedTool="false" activateColumnNameFilter="false" columnNameFilter="null">
      <metadataTableEntries>
        <entry name="id" type="int" expression="" isNullable="false"/>
        <entry name="test1" type="String" expression="" isNullable="true"/>
        <entry name="confirmatory_test" type="String" expression="" isNullable="true"/>
        <entry name="tie_breaker_test" type="String" expression="" isNullable="true"/>
        <entry name="client_code" type="String" expression="" isNullable="false"/>
        <entry name="date_visit" type="java.util.Date" expression="" isNullable="false"/>
        <entry name="archived" type="Integer" expression="" isNullable="true"/>
        <entry name="date_created" type="java.util.Date" expression="" isNullable="false"/>
        <entry name="date_modified" type="java.util.Date" expression="" isNullable="false"/>
        <entry name="created_by" type="String" expression="" isNullable="true"/>
        <entry name="modified_by" type="String" expression="" isNullable="true"/>
        <entry name="captured_by" type="String" expression="" isNullable="true"/>
        <entry name="uuid" type="String" expression="" isNullable="false"/>
        <entry name="previously_tested" type="Boolean" expression="" isNullable="true"/>
        <entry name="index_testing" type="Boolean" expression="" isNullable="true"/>
        <entry name="num_children" type="Integer" expression="" isNullable="true"/>
        <entry name="num_wives" type="Integer" expression="" isNullable="true"/>
        <entry name="first_time_visit" type="Boolean" expression="" isNullable="true"/>
        <entry name="index_client_code" type="String" expression="" isNullable="true"/>
        <entry name="extra" type="String" expression="" isNullable="true"/>
        <entry name="post_test_counseling" type="String" expression="" isNullable="true"/>
        <entry name="knowledge_assessment" type="String" expression="" isNullable="true"/>
        <entry name="tb_screening" type="String" expression="" isNullable="true"/>
        <entry name="sti_screening" type="String" expression="" isNullable="true"/>
        <entry name="risk_assessment" type="String" expression="" isNullable="true"/>
        <entry name="target_group" type="String" expression="" isNullable="true"/>
        <entry name="testing_setting" type="String" expression="" isNullable="true"/>
        <entry name="referred_from" type="Integer" expression="" isNullable="true"/>
        <entry name="type_counseling" type="Integer" expression="" isNullable="true"/>
        <entry name="datim_id" type="String" expression="" isNullable="false"/>
        <entry name="recency" type="String" expression="" isNullable="true"/>
      </metadataTableEntries>
    </table>
    <table name="row3" matching-mode="UNIQUE_MATCH" lookup-mode="LOAD_ONCE" isMinimized="false" isReject="false" isRejectInnerJoin="false" isInnerJoin="false" isPersistent="false" expressionFilter="null" activateExpressionFilter="false" activateCondensedTool="false" activateColumnNameFilter="false" columnNameFilter="null">
      <metadataTableEntries>
        <entry name="id" type="Integer" expression="" isNullable="true"/>
        <entry name="facility_name" type="String" expression="" isNullable="false"/>
        <entry name="lga_name" type="String" expression="" isNullable="false"/>
        <entry name="datim_id" type="String" expression="hts_extract_before_final.datim_id " isNullable="false"/>
      </metadataTableEntries>
    </table>
  </mapperTable>
  <mapperTable type="output">
    <table name="hts_final" isMinimized="false" isReject="false" isRejectInnerJoin="false" isInnerJoin="false" isPersistent="false" expressionFilter="null" activateExpressionFilter="false" activateCondensedTool="false" activateColumnNameFilter="false" columnNameFilter="null">
      <metadataTableEntries>
        <entry name="id" type="long" expression="hts_extract_before_final.id " isNullable="false"/>
        <entry name="test1" type="String" expression="hts_extract_before_final.test1 " isNullable="true"/>
        <entry name="confirmatory_test" type="String" expression="hts_extract_before_final.confirmatory_test " isNullable="true"/>
        <entry name="tie_breaker_test" type="String" expression="hts_extract_before_final.tie_breaker_test " isNullable="true"/>
        <entry name="client_code" type="String" expression="hts_extract_before_final.client_code " isNullable="false"/>
        <entry name="date_visit" type="java.util.Date" expression="hts_extract_before_final.date_visit " isNullable="false"/>
        <entry name="archived" type="int" expression="hts_extract_before_final.archived " isNullable="false"/>
        <entry name="date_created" type="java.util.Date" expression="hts_extract_before_final.date_created " isNullable="false"/>
        <entry name="date_modified" type="java.util.Date" expression="hts_extract_before_final.date_modified " isNullable="false"/>
        <entry name="created_by" type="String" expression="hts_extract_before_final.created_by " isNullable="true"/>
        <entry name="modified_by" type="String" expression="hts_extract_before_final.modified_by " isNullable="true"/>
        <entry name="captured_by" type="String" expression="hts_extract_before_final.captured_by " isNullable="true"/>
        <entry name="uuid" type="String" expression="hts_extract_before_final.uuid " isNullable="false"/>
        <entry name="previously_tested" type="Boolean" expression="hts_extract_before_final.previously_tested " isNullable="true"/>
        <entry name="index_client" type="Boolean" expression="hts_extract_before_final.index_testing " isNullable="true"/>
        <entry name="num_children" type="Integer" expression="hts_extract_before_final.num_children " isNullable="true"/>
        <entry name="num_wives" type="Integer" expression="hts_extract_before_final.num_wives " isNullable="true"/>
        <entry name="first_time_visit" type="Boolean" expression="hts_extract_before_final.first_time_visit " isNullable="true"/>
        <entry name="index_client_code" type="String" expression="hts_extract_before_final.index_client_code " isNullable="true"/>
        <entry name="extra" type="String" expression="hts_extract_before_final.extra " isNullable="true"/>
        <entry name="post_test_counseling" type="String" expression="hts_extract_before_final.post_test_counseling " isNullable="true"/>
        <entry name="knowledge_assessment" type="String" expression="hts_extract_before_final.knowledge_assessment " isNullable="true"/>
        <entry name="tb_screening" type="String" expression="hts_extract_before_final.tb_screening " isNullable="true"/>
        <entry name="sti_screening" type="String" expression="hts_extract_before_final.sti_screening " isNullable="true"/>
        <entry name="risk_assessment" type="String" expression="hts_extract_before_final.risk_assessment " isNullable="true"/>
        <entry name="target_group" type="String" expression="hts_extract_before_final.target_group " isNullable="true"/>
        <entry name="testing_setting" type="String" expression="hts_extract_before_final.testing_setting " isNullable="true"/>
        <entry name="referred_from" type="Integer" expression="(hts_extract_before_final.referred_from==null ||hts_extract_before_final.referred_from==0) ? null: hts_extract_before_final.referred_from; " isNullable="true"/>
        <entry name="type_counseling" type="Integer" expression="(hts_extract_before_final.type_counseling==0)?null: hts_extract_before_final.type_counseling; " isNullable="true"/>
        <entry name="facility_id" type="Integer" expression="(row3.id==null)?0:row3.id " isNullable="true"/>
        <entry name="recency" type="String" expression="hts_extract_before_final.recency " isNullable="true"/>
      </metadataTableEntries>
    </table>
  </mapperTable>
  <mapperTable type="var">
    <table name="Var" isMinimized="true" isReject="false" isRejectInnerJoin="false" isInnerJoin="false" isPersistent="false" expressionFilter="null" activateExpressionFilter="false" activateCondensedTool="false" activateColumnNameFilter="false" columnNameFilter="null"/>
  </mapperTable>
</externalNode>
