<?xml version="1.1" encoding="UTF-8"?>

<externalNode i18n.job.component.parameters="Component Parameters:" i18n.job.properties="Properties" i18n.job.values="Values" i18n.mapper.table.for="Mapper table for " i18n.mapper.table.properties="Mapper table Properties" i18n.job.name="Name" i18n.tmap.matching.mode="Matching-mode" i18n.mapper.table.isminimized="isMinimized" i18n.tmap.isreject="isReject" i18n.tmap.isrejectinnnerjoin="isRejectInnerJoin" i18n.tmap.isinnerjoin="isInnerJoin" i18n.tmap.expressionfilter="expressionFilter" i18n.mapper.table.metadata.entries="Metadata Table Entries" i18n.job.type="Type" i18n.mapper.table.expression="Expression" i18n.tmap.isnullable="isNullable" i18n.tmap.constraint.entries="Constraint Table Entries" name="tMap_1" preview="pictures/_bs0A8F0nEe2ds-zC4PBZLg-tMap_1-PREVIEW.bmp">
  <parameters>
    <column name="tStatCatcher Statistics">false</column>
    <column name="Mapping links display as:">AUTO</column>
    <column name="Temp data directory path:"></column>
    <column name="Max buffer size (nb of rows):">2000000</column>
    <column name="Ignore trailing zeros for BigDecimal">true</column>
    <column name="Show Information">false</column>
    <column name="Comment"><![CDATA[]]></column>
    <column name="Use an existing validation rule">false</column>
  </parameters>
  <mapperTable type="input">
    <table name="hts_extract" matching-mode="UNIQUE_MATCH" lookup-mode="LOAD_ONCE" isMinimized="false" isReject="false" isRejectInnerJoin="false" isInnerJoin="false" isPersistent="false" expressionFilter="null" activateExpressionFilter="false" activateCondensedTool="false" activateColumnNameFilter="false" columnNameFilter="null">
      <metadataTableEntries>
        <entry name="id" type="int" expression="" isNullable="false"/>
        <entry name="test1" type="String" expression="" isNullable="true"/>
        <entry name="confirmatory_test" type="String" expression="" isNullable="true"/>
        <entry name="tie_breaker_test" type="String" expression="" isNullable="true"/>
        <entry name="date_visit" type="java.util.Date" expression="" isNullable="false"/>
        <entry name="archived" type="Integer" expression="" isNullable="true"/>
        <entry name="date_created" type="java.util.Date" expression="" isNullable="false"/>
        <entry name="date_modified" type="java.util.Date" expression="" isNullable="false"/>
        <entry name="created_by" type="String" expression="" isNullable="true"/>
        <entry name="modified_by" type="String" expression="" isNullable="true"/>
        <entry name="captured_by" type="String" expression="" isNullable="true"/>
        <entry name="uuid" type="String" expression="" isNullable="false"/>
        <entry name="previously_tested" type="Boolean" expression="" isNullable="true"/>
        <entry name="index_testing" type="Boolean" expression="" isNullable="true"/>
        <entry name="num_children" type="Integer" expression="" isNullable="true"/>
        <entry name="num_wives" type="Integer" expression="" isNullable="true"/>
        <entry name="first_time_visit" type="Boolean" expression="" isNullable="true"/>
        <entry name="client_code" type="String" expression="" isNullable="true"/>
        <entry name="index_client_code" type="String" expression="" isNullable="true"/>
        <entry name="type_counseling" type="String" expression="" isNullable="true"/>
        <entry name="referred_from" type="String" expression="" isNullable="true"/>
        <entry name="testing_setting" type="String" expression="" isNullable="true"/>
        <entry name="target_group" type="String" expression="" isNullable="true"/>
        <entry name="extra" type="String" expression="" isNullable="true"/>
        <entry name="post_test_counseling" type="String" expression="" isNullable="true"/>
        <entry name="knowledge_assessment" type="String" expression="" isNullable="true"/>
        <entry name="tb_screening" type="String" expression="" isNullable="true"/>
        <entry name="sti_screening" type="String" expression="" isNullable="true"/>
        <entry name="risk_assessment" type="String" expression="" isNullable="true"/>
        <entry name="recency" type="String" expression="" isNullable="true"/>
        <entry name="datim_id" type="String" expression="" isNullable="false"/>
      </metadataTableEntries>
    </table>
    <table name="Target_Group_Codeset" matching-mode="UNIQUE_MATCH" lookup-mode="LOAD_ONCE" isMinimized="false" isReject="false" isRejectInnerJoin="false" isInnerJoin="false" isPersistent="false" expressionFilter="null" activateExpressionFilter="false" activateCondensedTool="false" activateColumnNameFilter="false" columnNameFilter="null">
      <metadataTableEntries>
        <entry name="codeset_id" type="long" expression="" isNullable="false"/>
        <entry name="codeset_group" type="String" expression="" isNullable="true"/>
        <entry name="codeset_display" type="String" expression="hts_extract.target_group " isNullable="true"/>
        <entry name="code" type="String" expression="" isNullable="true"/>
      </metadataTableEntries>
    </table>
    <table name="Testing_Setting_Codeset" matching-mode="UNIQUE_MATCH" lookup-mode="LOAD_ONCE" isMinimized="false" isReject="false" isRejectInnerJoin="false" isInnerJoin="false" isPersistent="false" expressionFilter="null" activateExpressionFilter="false" activateCondensedTool="false" activateColumnNameFilter="false" columnNameFilter="null">
      <metadataTableEntries>
        <entry name="codeset_id" type="long" expression="" isNullable="false"/>
        <entry name="codeset_group" type="String" expression="" isNullable="true"/>
        <entry name="codeset_display" type="String" expression="hts_extract.testing_setting" isNullable="true"/>
        <entry name="code" type="String" expression="" isNullable="true"/>
      </metadataTableEntries>
    </table>
  </mapperTable>
  <mapperTable type="output">
    <table name="hts_target_group_setting_map" isMinimized="false" isReject="false" isRejectInnerJoin="false" isInnerJoin="false" isPersistent="false" expressionFilter="null" activateExpressionFilter="false" activateCondensedTool="false" activateColumnNameFilter="false" columnNameFilter="null">
      <metadataTableEntries>
        <entry name="id" type="int" expression="hts_extract.id " isNullable="false"/>
        <entry name="test1" type="String" expression="hts_extract.test1 " isNullable="true"/>
        <entry name="confirmatory_test" type="String" expression="hts_extract.confirmatory_test " isNullable="true"/>
        <entry name="tie_breaker_test" type="String" expression="hts_extract.tie_breaker_test " isNullable="true"/>
        <entry name="client_code" type="String" expression="hts_extract.client_code " isNullable="false"/>
        <entry name="date_visit" type="java.util.Date" expression="hts_extract.date_visit " isNullable="false"/>
        <entry name="archived" type="Integer" expression="hts_extract.archived " isNullable="true"/>
        <entry name="date_created" type="java.util.Date" expression="hts_extract.date_created " isNullable="false"/>
        <entry name="date_modified" type="java.util.Date" expression="hts_extract.date_modified " isNullable="false"/>
        <entry name="created_by" type="String" expression="hts_extract.created_by " isNullable="true"/>
        <entry name="modified_by" type="String" expression="hts_extract.modified_by " isNullable="true"/>
        <entry name="captured_by" type="String" expression="hts_extract.captured_by " isNullable="true"/>
        <entry name="uuid" type="String" expression="hts_extract.uuid " isNullable="false"/>
        <entry name="previously_tested" type="Boolean" expression="hts_extract.previously_tested " isNullable="true"/>
        <entry name="index_testing" type="Boolean" expression="hts_extract.index_testing " isNullable="true"/>
        <entry name="num_children" type="Integer" expression="hts_extract.num_children " isNullable="true"/>
        <entry name="num_wives" type="Integer" expression="hts_extract.num_wives " isNullable="true"/>
        <entry name="first_time_visit" type="Boolean" expression="hts_extract.first_time_visit " isNullable="true"/>
        <entry name="index_client_code" type="String" expression="hts_extract.index_client_code " isNullable="true"/>
        <entry name="type_counseling" type="String" expression="hts_extract.type_counseling " isNullable="true"/>
        <entry name="referred_from" type="String" expression="hts_extract.referred_from " isNullable="true"/>
        <entry name="extra" type="String" expression="hts_extract.extra " isNullable="true"/>
        <entry name="post_test_counseling" type="String" expression="hts_extract.post_test_counseling " isNullable="true"/>
        <entry name="knowledge_assessment" type="String" expression="hts_extract.knowledge_assessment " isNullable="true"/>
        <entry name="tb_screening" type="String" expression="hts_extract.tb_screening " isNullable="true"/>
        <entry name="sti_screening" type="String" expression="hts_extract.sti_screening " isNullable="true"/>
        <entry name="risk_assessment" type="String" expression="hts_extract.risk_assessment " isNullable="true"/>
        <entry name="target_group" type="String" expression="Target_Group_Codeset.code " isNullable="true"/>
        <entry name="testing_setting" type="String" expression="Testing_Setting_Codeset.code " isNullable="true"/>
        <entry name="datim_id" type="String" expression="hts_extract.datim_id " isNullable="false"/>
        <entry name="recency" type="String" expression="hts_extract.recency " isNullable="true"/>
      </metadataTableEntries>
    </table>
  </mapperTable>
  <mapperTable type="var">
    <table name="Var" isMinimized="true" isReject="false" isRejectInnerJoin="false" isInnerJoin="false" isPersistent="false" expressionFilter="null" activateExpressionFilter="false" activateCondensedTool="false" activateColumnNameFilter="false" columnNameFilter="null"/>
  </mapperTable>
</externalNode>
