<?xml version="1.1" encoding="UTF-8"?>

<externalNode i18n.job.component.parameters="Component Parameters:" i18n.job.properties="Properties" i18n.job.values="Values" i18n.mapper.table.for="Mapper table for " i18n.mapper.table.properties="Mapper table Properties" i18n.job.name="Name" i18n.tmap.matching.mode="Matching-mode" i18n.mapper.table.isminimized="isMinimized" i18n.tmap.isreject="isReject" i18n.tmap.isrejectinnnerjoin="isRejectInnerJoin" i18n.tmap.isinnerjoin="isInnerJoin" i18n.tmap.expressionfilter="expressionFilter" i18n.mapper.table.metadata.entries="Metadata Table Entries" i18n.job.type="Type" i18n.mapper.table.expression="Expression" i18n.tmap.isnullable="isNullable" i18n.tmap.constraint.entries="Constraint Table Entries" name="tMap_3" preview="pictures/_McFhkHTQEe2l44IvRynIiQ-tMap_3-PREVIEW.bmp">
  <parameters>
    <column name="tStatCatcher Statistics">false</column>
    <column name="Mapping links display as:">AUTO</column>
    <column name="Temp data directory path:"></column>
    <column name="Max buffer size (nb of rows):">2000000</column>
    <column name="Ignore trailing zeros for BigDecimal">true</column>
    <column name="Show Information">false</column>
    <column name="Comment"><![CDATA[]]></column>
    <column name="Use an existing validation rule">false</column>
  </parameters>
  <mapperTable type="input">
    <table name="biometric_record" matching-mode="UNIQUE_MATCH" lookup-mode="LOAD_ONCE" isMinimized="false" isReject="false" isRejectInnerJoin="false" isInnerJoin="false" isPersistent="false" expressionFilter="null" activateExpressionFilter="false" activateCondensedTool="false" activateColumnNameFilter="false" columnNameFilter="null">
      <metadataTableEntries>
        <entry name="id" type="String" expression="" isNullable="false"/>
        <entry name="person_uuid" type="String" expression="" isNullable="false"/>
        <entry name="facility_id" type="long" expression="" isNullable="false"/>
        <entry name="template_type" type="String" expression="" isNullable="false"/>
        <entry name="biometric_type" type="String" expression="" isNullable="false"/>
        <entry name="enrollment_date" type="java.util.Date" expression="" isNullable="false"/>
        <entry name="last_modified" type="java.util.Date" expression="" isNullable="true"/>
        <entry name="template" type="byte[]" expression="" isNullable="false"/>
        <entry name="archived" type="Integer" expression="" isNullable="true"/>
        <entry name="iso" type="boolean" expression="" isNullable="false"/>
        <entry name="datim_id" type="String" expression="" isNullable="false"/>
        <entry name="version_iso_20" type="Boolean" expression="" isNullable="true"/>
        <entry name="device_name" type="String" expression="" isNullable="true"/>
      </metadataTableEntries>
    </table>
    <table name="facility_records" matching-mode="UNIQUE_MATCH" lookup-mode="LOAD_ONCE" isMinimized="false" isReject="false" isRejectInnerJoin="false" isInnerJoin="false" isPersistent="false" expressionFilter="null" activateExpressionFilter="false" activateCondensedTool="false" activateColumnNameFilter="false" columnNameFilter="null">
      <metadataTableEntries>
        <entry name="id" type="long" expression="" isNullable="false"/>
        <entry name="name" type="String" expression="" isNullable="true"/>
        <entry name="orgunit_name" type="String" expression="" isNullable="true"/>
        <entry name="datim_code" type="String" expression="biometric_record.datim_id " isNullable="true"/>
      </metadataTableEntries>
    </table>
  </mapperTable>
  <mapperTable type="output">
    <table name="extract_biometric" isMinimized="false" isReject="false" isRejectInnerJoin="false" isInnerJoin="false" isPersistent="false" expressionFilter="null" activateExpressionFilter="false" activateCondensedTool="false" activateColumnNameFilter="false" columnNameFilter="null">
      <metadataTableEntries>
        <entry name="id" type="String" expression="biometric_record.id " isNullable="false"/>
        <entry name="person_uuid" type="String" expression="biometric_record.person_uuid " isNullable="true"/>
        <entry name="facility_id" type="Long" expression="facility_records.id " isNullable="true"/>
        <entry name="template_type" type="String" expression="biometric_record.template_type " isNullable="true"/>
        <entry name="biometric_type" type="String" expression="biometric_record.biometric_type " isNullable="true"/>
        <entry name="enrollment_date" type="java.util.Date" expression="biometric_record.enrollment_date " isNullable="true"/>
        <entry name="created_date" type="java.util.Date" expression="biometric_record.last_modified " isNullable="true"/>
        <entry name="last_modified_date" type="java.util.Date" expression="biometric_record.last_modified " isNullable="true"/>
        <entry name="template" type="byte[]" expression="biometric_record.template " isNullable="true"/>
        <entry name="archived" type="Integer" expression="biometric_record.archived" isNullable="true"/>
        <entry name="iso" type="Boolean" expression="biometric_record.iso " isNullable="true"/>
        <entry name="version_iso_20" type="Boolean" expression="biometric_record.version_iso_20 " isNullable="true"/>
        <entry name="created_by" type="String" expression="&quot;ETL&quot;" isNullable="true"/>
        <entry name="last_modified_by" type="String" expression="&quot;ETL&quot;" isNullable="true"/>
        <entry name="device_name" type="String" expression="biometric_record.device_name " isNullable="true"/>
      </metadataTableEntries>
    </table>
  </mapperTable>
  <mapperTable type="var">
    <table name="Var" isMinimized="true" isReject="false" isRejectInnerJoin="false" isInnerJoin="false" isPersistent="false" expressionFilter="null" activateExpressionFilter="false" activateCondensedTool="false" activateColumnNameFilter="false" columnNameFilter="null"/>
  </mapperTable>
</externalNode>
