<?xml version="1.1" encoding="UTF-8"?>

<externalNode i18n.job.component.parameters="Component Parameters:" i18n.job.properties="Properties" i18n.job.values="Values" i18n.mapper.table.for="Mapper table for " i18n.mapper.table.properties="Mapper table Properties" i18n.job.name="Name" i18n.tmap.matching.mode="Matching-mode" i18n.mapper.table.isminimized="isMinimized" i18n.tmap.isreject="isReject" i18n.tmap.isrejectinnnerjoin="isRejectInnerJoin" i18n.tmap.isinnerjoin="isInnerJoin" i18n.tmap.expressionfilter="expressionFilter" i18n.mapper.table.metadata.entries="Metadata Table Entries" i18n.job.type="Type" i18n.mapper.table.expression="Expression" i18n.tmap.isnullable="isNullable" i18n.tmap.constraint.entries="Constraint Table Entries" name="tMap_4" preview="pictures/_gRdRMJWYEe2kAdz9jwLxNQ-tMap_4-PREVIEW.bmp">
  <parameters>
    <column name="tStatCatcher Statistics">false</column>
    <column name="Mapping links display as:">AUTO</column>
    <column name="Temp data directory path:"></column>
    <column name="Max buffer size (nb of rows):">2000000</column>
    <column name="Ignore trailing zeros for BigDecimal">true</column>
    <column name="Show Information">false</column>
    <column name="Comment"><![CDATA[]]></column>
    <column name="Use an existing validation rule">false</column>
  </parameters>
  <mapperTable type="input">
    <table name="HIV_Art_clinical" matching-mode="UNIQUE_MATCH" lookup-mode="LOAD_ONCE" isMinimized="false" isReject="false" isRejectInnerJoin="false" isInnerJoin="false" isPersistent="false" expressionFilter="null" activateExpressionFilter="false" activateCondensedTool="false" activateColumnNameFilter="false" columnNameFilter="null">
      <metadataTableEntries>
        <entry name="id" type="long" expression="" isNullable="false"/>
        <entry name="created_date" type="java.util.Date" expression="" isNullable="true"/>
        <entry name="created_by" type="String" expression="" isNullable="true"/>
        <entry name="last_modified_date" type="java.util.Date" expression="" isNullable="true"/>
        <entry name="last_modified_by" type="String" expression="" isNullable="true"/>
        <entry name="person_uuid" type="String" expression="" isNullable="false"/>
        <entry name="uuid" type="String" expression="" isNullable="false"/>
        <entry name="archived" type="Integer" expression="" isNullable="true"/>
        <entry name="visit_id" type="String" expression="" isNullable="false"/>
        <entry name="visit_date" type="java.util.Date" expression="" isNullable="true"/>
        <entry name="cd_4" type="Double" expression="" isNullable="true"/>
        <entry name="cd_4_percentage" type="Double" expression="" isNullable="true"/>
        <entry name="is_commencement" type="Boolean" expression="" isNullable="true"/>
        <entry name="oi_screened" type="String" expression="" isNullable="true"/>
        <entry name="sti_ids" type="String" expression="" isNullable="true"/>
        <entry name="sti_treated" type="String" expression="" isNullable="true"/>
        <entry name="opportunistic_infections" type="String" expression="" isNullable="true"/>
        <entry name="adr_screened" type="String" expression="" isNullable="true"/>
        <entry name="adverse_drug_reactions" type="String" expression="" isNullable="true"/>
        <entry name="adherence_level" type="String" expression="" isNullable="true"/>
        <entry name="adheres" type="String" expression="" isNullable="true"/>
        <entry name="next_appointment" type="java.util.Date" expression="" isNullable="true"/>
        <entry name="lmp_date" type="java.util.Date" expression="" isNullable="true"/>
        <entry name="functional_status" type="String" expression="" isNullable="true"/>
        <entry name="clinical_stage" type="String" expression="" isNullable="true"/>
        <entry name="facility_id" type="long" expression="" isNullable="false"/>
        <entry name="hiv_enrollment_uuid" type="String" expression="" isNullable="true"/>
        <entry name="vital_sign_uuid" type="String" expression="" isNullable="true"/>
        <entry name="regimen_type_id" type="Integer" expression="" isNullable="true"/>
        <entry name="regimen_id" type="Integer" expression="" isNullable="true"/>
        <entry name="extra" type="String" expression="" isNullable="true"/>
        <entry name="clinical_note" type="String" expression="" isNullable="true"/>
        <entry name="tb_status" type="String" expression="" isNullable="true"/>
        <entry name="tb_screen" type="String" expression="" isNullable="true"/>
        <entry name="pregnancy_status" type="String" expression="" isNullable="true"/>
      </metadataTableEntries>
    </table>
    <table name="funtional_status_lookup" matching-mode="UNIQUE_MATCH" lookup-mode="LOAD_ONCE" isMinimized="false" isReject="false" isRejectInnerJoin="false" isInnerJoin="false" isPersistent="false" expressionFilter="null" activateExpressionFilter="false" activateCondensedTool="false" activateColumnNameFilter="false" columnNameFilter="null">
      <metadataTableEntries>
        <entry name="person_uuid" type="String" expression="HIV_Art_clinical.person_uuid " isNullable="true"/>
        <entry name="functional_status_id" type="long" expression="" isNullable="false"/>
        <entry name="functional_status" type="String" expression="" isNullable="true"/>
      </metadataTableEntries>
    </table>
    <table name="hiv_stage_lookup" matching-mode="UNIQUE_MATCH" lookup-mode="LOAD_ONCE" isMinimized="false" isReject="false" isRejectInnerJoin="false" isInnerJoin="false" isPersistent="false" expressionFilter="null" activateExpressionFilter="false" activateCondensedTool="false" activateColumnNameFilter="false" columnNameFilter="null">
      <metadataTableEntries>
        <entry name="person_uuid" type="String" expression="HIV_Art_clinical.person_uuid " isNullable="true"/>
        <entry name="clinical_stage_id" type="long" expression="" isNullable="false"/>
      </metadataTableEntries>
    </table>
  </mapperTable>
  <mapperTable type="output">
    <table name="load_art_clinicals" isMinimized="false" isReject="false" isRejectInnerJoin="false" isInnerJoin="false" isPersistent="false" expressionFilter="null" activateExpressionFilter="false" activateCondensedTool="false" activateColumnNameFilter="false" columnNameFilter="null">
      <metadataTableEntries>
        <entry name="id" type="long" expression="HIV_Art_clinical.id " isNullable="false"/>
        <entry name="created_date" type="java.util.Date" expression="HIV_Art_clinical.created_date " isNullable="true"/>
        <entry name="created_by" type="String" expression="HIV_Art_clinical.created_by " isNullable="true"/>
        <entry name="last_modified_date" type="java.util.Date" expression="HIV_Art_clinical.last_modified_date " isNullable="true"/>
        <entry name="last_modified_by" type="String" expression="HIV_Art_clinical.last_modified_by " isNullable="true"/>
        <entry name="person_uuid" type="String" expression="HIV_Art_clinical.person_uuid " isNullable="false"/>
        <entry name="hiv_enrollment_uuid" type="String" expression="HIV_Art_clinical.hiv_enrollment_uuid " isNullable="true"/>
        <entry name="uuid" type="String" expression="HIV_Art_clinical.uuid " isNullable="false"/>
        <entry name="archived" type="Integer" expression="HIV_Art_clinical.archived " isNullable="true"/>
        <entry name="visit_id" type="String" expression="HIV_Art_clinical.visit_id " isNullable="false"/>
        <entry name="visit_date" type="java.util.Date" expression="HIV_Art_clinical.visit_date " isNullable="true"/>
        <entry name="cd_4" type="Double" expression="HIV_Art_clinical.cd_4 " isNullable="true"/>
        <entry name="cd_4_percentage" type="Double" expression="HIV_Art_clinical.cd_4_percentage " isNullable="true"/>
        <entry name="is_commencement" type="Boolean" expression="HIV_Art_clinical.is_commencement " isNullable="true"/>
        <entry name="oi_screened" type="String" expression="HIV_Art_clinical.oi_screened " isNullable="true"/>
        <entry name="sti_ids" type="String" expression="HIV_Art_clinical.sti_ids " isNullable="true"/>
        <entry name="sti_treated" type="String" expression="HIV_Art_clinical.sti_treated " isNullable="true"/>
        <entry name="opportunistic_infections" type="String" expression="HIV_Art_clinical.opportunistic_infections " isNullable="true"/>
        <entry name="adr_screened" type="String" expression="HIV_Art_clinical.adr_screened " isNullable="true"/>
        <entry name="adverse_drug_reactions" type="String" expression="HIV_Art_clinical.adverse_drug_reactions " isNullable="true"/>
        <entry name="adherence_level" type="String" expression="HIV_Art_clinical.adherence_level " isNullable="true"/>
        <entry name="adheres" type="String" expression="HIV_Art_clinical.adheres " isNullable="true"/>
        <entry name="next_appointment" type="java.util.Date" expression="HIV_Art_clinical.next_appointment " isNullable="true"/>
        <entry name="lmp_date" type="java.util.Date" expression="HIV_Art_clinical.lmp_date " isNullable="true"/>
        <entry name="facility_id" type="long" expression="HIV_Art_clinical.facility_id " isNullable="false"/>
        <entry name="functional_status_id" type="long" expression="funtional_status_lookup.functional_status_id " isNullable="false"/>
        <entry name="clinical_stage_id" type="long" expression="hiv_stage_lookup.clinical_stage_id " isNullable="false"/>
        <entry name="clinical_note" type="String" expression="HIV_Art_clinical.clinical_note" isNullable="true"/>
        <entry name="regimen_id" type="Integer" expression="HIV_Art_clinical.regimen_id " isNullable="true"/>
        <entry name="regimen_type_id" type="Integer" expression="HIV_Art_clinical.regimen_type_id " isNullable="true"/>
        <entry name="art_status_id" type="Integer" expression="0" isNullable="true"/>
        <entry name="vital_sign_uuid" type="String" expression="HIV_Art_clinical.vital_sign_uuid " isNullable="true"/>
        <entry name="who_staging_id" type="Integer" expression="null" isNullable="true"/>
        <entry name="extra" type="String" expression="HIV_Art_clinical.extra " isNullable="true"/>
        <entry name="tb_status" type="String" expression="HIV_Art_clinical.tb_status " isNullable="true"/>
        <entry name="tb_screen" type="String" expression="HIV_Art_clinical.tb_screen " isNullable="true"/>
        <entry name="pregnancy_status" type="String" expression="HIV_Art_clinical.pregnancy_status " isNullable="true"/>
      </metadataTableEntries>
    </table>
  </mapperTable>
  <mapperTable type="var">
    <table name="Var" isMinimized="true" isReject="false" isRejectInnerJoin="false" isInnerJoin="false" isPersistent="false" expressionFilter="null" activateExpressionFilter="false" activateCondensedTool="false" activateColumnNameFilter="false" columnNameFilter="null"/>
  </mapperTable>
</externalNode>
