<?xml version="1.1" encoding="UTF-8"?>

<externalNode i18n.job.component.parameters="Component Parameters:" i18n.job.properties="Properties" i18n.job.values="Values" i18n.mapper.table.for="Mapper table for " i18n.mapper.table.properties="Mapper table Properties" i18n.job.name="Name" i18n.tmap.matching.mode="Matching-mode" i18n.mapper.table.isminimized="isMinimized" i18n.tmap.isreject="isReject" i18n.tmap.isrejectinnnerjoin="isRejectInnerJoin" i18n.tmap.isinnerjoin="isInnerJoin" i18n.tmap.expressionfilter="expressionFilter" i18n.mapper.table.metadata.entries="Metadata Table Entries" i18n.job.type="Type" i18n.mapper.table.expression="Expression" i18n.tmap.isnullable="isNullable" i18n.tmap.constraint.entries="Constraint Table Entries" name="tMap_5" preview="pictures/_gRdRMJWYEe2kAdz9jwLxNQ-tMap_5-PREVIEW.bmp">
  <parameters>
    <column name="tStatCatcher Statistics">false</column>
    <column name="Mapping links display as:">AUTO</column>
    <column name="Temp data directory path:"></column>
    <column name="Max buffer size (nb of rows):">2000000</column>
    <column name="Ignore trailing zeros for BigDecimal">true</column>
    <column name="Show Information">false</column>
    <column name="Comment"><![CDATA[]]></column>
    <column name="Use an existing validation rule">false</column>
  </parameters>
  <mapperTable type="input">
    <table name="clinic" matching-mode="UNIQUE_MATCH" lookup-mode="LOAD_ONCE" isMinimized="false" isReject="false" isRejectInnerJoin="false" isInnerJoin="false" isPersistent="false" expressionFilter="null" activateExpressionFilter="false" activateCondensedTool="false" activateColumnNameFilter="false" columnNameFilter="null">
      <metadataTableEntries>
        <entry name="tb_status" type="String" expression="" isNullable="true"/>
        <entry name="description" type="String" expression="" isNullable="false"/>
        <entry name="composition" type="String" expression="" isNullable="true"/>
        <entry name="created_date" type="java.util.Date" expression="" isNullable="true"/>
        <entry name="created_by" type="String" expression="" isNullable="true"/>
        <entry name="last_modified_date" type="java.util.Date" expression="" isNullable="true"/>
        <entry name="last_modified_by" type="String" expression="" isNullable="true"/>
        <entry name="person_uuid" type="String" expression="" isNullable="true"/>
        <entry name="archived" type="Integer" expression="" isNullable="true"/>
        <entry name="uuid" type="String" expression="" isNullable="true"/>
        <entry name="visit_date" type="java.util.Date" expression="" isNullable="false"/>
        <entry name="cd_4" type="Double" expression="" isNullable="true"/>
        <entry name="cd_4_percentage" type="Double" expression="" isNullable="true"/>
        <entry name="is_commencement" type="boolean" expression="" isNullable="false"/>
        <entry name="oi_screened" type="String" expression="" isNullable="true"/>
        <entry name="sti_ids" type="String" expression="" isNullable="true"/>
        <entry name="sti_treated" type="String" expression="" isNullable="true"/>
        <entry name="opportunistic_infections" type="String" expression="" isNullable="true"/>
        <entry name="adr_screened" type="String" expression="" isNullable="true"/>
        <entry name="adverse_drug_reactions" type="String" expression="" isNullable="true"/>
        <entry name="adherence_level" type="String" expression="" isNullable="true"/>
        <entry name="adheres" type="String" expression="" isNullable="true"/>
        <entry name="next_appointment" type="java.util.Date" expression="" isNullable="true"/>
        <entry name="lmp_date" type="java.util.Date" expression="" isNullable="true"/>
        <entry name="functional_status" type="String" expression="" isNullable="true"/>
        <entry name="clinical_stage" type="String" expression="" isNullable="true"/>
        <entry name="datim_id" type="String" expression="" isNullable="false"/>
        <entry name="extra" type="String" expression="" isNullable="true"/>
        <entry name="notes" type="String" expression="" isNullable="true"/>
        <entry name="pregnancy_status" type="String" expression="" isNullable="true"/>
      </metadataTableEntries>
    </table>
    <table name="hiv_enrollment" matching-mode="UNIQUE_MATCH" lookup-mode="LOAD_ONCE" isMinimized="false" isReject="false" isRejectInnerJoin="false" isInnerJoin="false" isPersistent="false" expressionFilter="null" activateExpressionFilter="false" activateCondensedTool="false" activateColumnNameFilter="false" columnNameFilter="null">
      <metadataTableEntries>
        <entry name="person_uuid" type="String" expression="clinic.person_uuid " isNullable="false"/>
        <entry name="uuid" type="String" expression="" isNullable="false"/>
        <entry name="date_of_registration" type="java.util.Date" expression="" isNullable="true"/>
      </metadataTableEntries>
    </table>
    <table name="Compostion" matching-mode="UNIQUE_MATCH" lookup-mode="LOAD_ONCE" isMinimized="false" isReject="false" isRejectInnerJoin="false" isInnerJoin="false" isPersistent="false" expressionFilter="null" activateExpressionFilter="false" activateCondensedTool="false" activateColumnNameFilter="false" columnNameFilter="null">
      <metadataTableEntries>
        <entry name="id" type="int" expression="" isNullable="false"/>
        <entry name="regimen_type_id" type="int" expression="" isNullable="false"/>
        <entry name="description" type="String" expression="clinic.description " isNullable="true"/>
        <entry name="composition" type="String" expression="clinic.composition " isNullable="true"/>
      </metadataTableEntries>
    </table>
  </mapperTable>
  <mapperTable type="output">
    <table name="hiv_art_clinic_data" isMinimized="false" isReject="false" isRejectInnerJoin="false" isInnerJoin="false" isPersistent="false" expressionFilter="null" activateExpressionFilter="false" activateCondensedTool="false" activateColumnNameFilter="false" columnNameFilter="null">
      <metadataTableEntries>
        <entry name="created_date" type="java.util.Date" expression="clinic.created_date " isNullable="true"/>
        <entry name="created_by" type="String" expression="clinic.created_by " isNullable="true"/>
        <entry name="last_modified_date" type="java.util.Date" expression="clinic.last_modified_date " isNullable="true"/>
        <entry name="last_modified_by" type="String" expression="clinic.last_modified_by " isNullable="true"/>
        <entry name="person_uuid" type="String" expression="clinic.person_uuid " isNullable="true"/>
        <entry name="uuid" type="String" expression="java.util.UUID.randomUUID().toString() " isNullable="true"/>
        <entry name="archived" type="Integer" expression="clinic.archived " isNullable="true"/>
        <entry name="visit_date" type="java.util.Date" expression="clinic.visit_date " isNullable="false"/>
        <entry name="cd_4" type="Double" expression="(clinic.cd_4 == null)? 0.0 : clinic.cd_4 " isNullable="true"/>
        <entry name="cd_4_percentage" type="Double" expression="(clinic.cd_4_percentage==null)? 0.0 : clinic.cd_4_percentage " isNullable="true"/>
        <entry name="is_commencement" type="Boolean" expression="clinic.is_commencement " isNullable="true"/>
        <entry name="oi_screened" type="String" expression="clinic.oi_screened " isNullable="true"/>
        <entry name="sti_ids" type="String" expression="clinic.sti_ids " isNullable="true"/>
        <entry name="sti_treated" type="String" expression="clinic.sti_treated " isNullable="true"/>
        <entry name="opportunistic_infections" type="String" expression="clinic.opportunistic_infections " isNullable="true"/>
        <entry name="adr_screened" type="String" expression="clinic.adr_screened " isNullable="true"/>
        <entry name="adverse_drug_reactions" type="String" expression="clinic.adverse_drug_reactions " isNullable="true"/>
        <entry name="adherence_level" type="String" expression="clinic.adherence_level " isNullable="true"/>
        <entry name="adheres" type="String" expression="clinic.adheres " isNullable="true"/>
        <entry name="next_appointment" type="java.util.Date" expression="clinic.next_appointment " isNullable="true"/>
        <entry name="lmp_date" type="java.util.Date" expression="clinic.lmp_date " isNullable="true"/>
        <entry name="functional_status" type="String" expression="clinic.functional_status " isNullable="true"/>
        <entry name="clinical_stage" type="String" expression="clinic.clinical_stage " isNullable="true"/>
        <entry name="datim_id" type="String" expression="clinic.datim_id " isNullable="false"/>
        <entry name="hiv_enrollment_uuid" type="String" expression="hiv_enrollment.uuid " isNullable="true"/>
        <entry name="regimen_id" type="int" expression="Compostion.id " isNullable="false"/>
        <entry name="regimen_type_id" type="int" expression="Compostion.regimen_type_id " isNullable="false"/>
        <entry name="extra" type="String" expression="clinic.extra " isNullable="true"/>
        <entry name="notes" type="String" expression="clinic.notes " isNullable="true"/>
        <entry name="tb_status" type="String" expression="clinic.tb_status " isNullable="true"/>
        <entry name="pregnancy_status" type="String" expression="clinic.pregnancy_status " isNullable="true"/>
      </metadataTableEntries>
    </table>
  </mapperTable>
  <mapperTable type="var">
    <table name="Var" isMinimized="true" isReject="false" isRejectInnerJoin="false" isInnerJoin="false" isPersistent="false" expressionFilter="null" activateExpressionFilter="false" activateCondensedTool="false" activateColumnNameFilter="false" columnNameFilter="null"/>
  </mapperTable>
</externalNode>
