<?xml version="1.1" encoding="UTF-8"?>

<externalNode i18n.job.component.parameters="Component Parameters:" i18n.job.properties="Properties" i18n.job.values="Values" i18n.mapper.table.for="Mapper table for " i18n.mapper.table.properties="Mapper table Properties" i18n.job.name="Name" i18n.tmap.matching.mode="Matching-mode" i18n.mapper.table.isminimized="isMinimized" i18n.tmap.isreject="isReject" i18n.tmap.isrejectinnnerjoin="isRejectInnerJoin" i18n.tmap.isinnerjoin="isInnerJoin" i18n.tmap.expressionfilter="expressionFilter" i18n.mapper.table.metadata.entries="Metadata Table Entries" i18n.job.type="Type" i18n.mapper.table.expression="Expression" i18n.tmap.isnullable="isNullable" i18n.tmap.constraint.entries="Constraint Table Entries" name="tMap_6" preview="pictures/_gRdRMJWYEe2kAdz9jwLxNQ-tMap_6-PREVIEW.bmp">
  <parameters>
    <column name="tStatCatcher Statistics">false</column>
    <column name="Mapping links display as:">AUTO</column>
    <column name="Temp data directory path:"></column>
    <column name="Max buffer size (nb of rows):">2000000</column>
    <column name="Ignore trailing zeros for BigDecimal">true</column>
    <column name="Show Information">false</column>
    <column name="Comment"><![CDATA[]]></column>
    <column name="Use an existing validation rule">false</column>
  </parameters>
  <mapperTable type="input">
    <table name="hiv_art_clinic_data" matching-mode="UNIQUE_MATCH" lookup-mode="LOAD_ONCE" isMinimized="false" isReject="false" isRejectInnerJoin="false" isInnerJoin="false" isPersistent="false" expressionFilter="null" activateExpressionFilter="false" activateCondensedTool="false" activateColumnNameFilter="false" columnNameFilter="null">
      <metadataTableEntries>
        <entry name="created_date" type="java.util.Date" expression="" isNullable="true"/>
        <entry name="created_by" type="String" expression="" isNullable="true"/>
        <entry name="last_modified_date" type="java.util.Date" expression="" isNullable="true"/>
        <entry name="last_modified_by" type="String" expression="" isNullable="true"/>
        <entry name="person_uuid" type="String" expression="" isNullable="true"/>
        <entry name="uuid" type="String" expression="" isNullable="true"/>
        <entry name="archived" type="Integer" expression="" isNullable="true"/>
        <entry name="visit_date" type="java.util.Date" expression="" isNullable="false"/>
        <entry name="cd_4" type="Double" expression="" isNullable="true"/>
        <entry name="cd_4_percentage" type="Double" expression="" isNullable="true"/>
        <entry name="is_commencement" type="Boolean" expression="" isNullable="true"/>
        <entry name="oi_screened" type="String" expression="" isNullable="true"/>
        <entry name="sti_ids" type="String" expression="" isNullable="true"/>
        <entry name="sti_treated" type="String" expression="" isNullable="true"/>
        <entry name="opportunistic_infections" type="String" expression="" isNullable="true"/>
        <entry name="adr_screened" type="String" expression="" isNullable="true"/>
        <entry name="adverse_drug_reactions" type="String" expression="" isNullable="true"/>
        <entry name="adherence_level" type="String" expression="" isNullable="true"/>
        <entry name="adheres" type="String" expression="" isNullable="true"/>
        <entry name="next_appointment" type="java.util.Date" expression="" isNullable="true"/>
        <entry name="lmp_date" type="java.util.Date" expression="" isNullable="true"/>
        <entry name="functional_status" type="String" expression="" isNullable="true"/>
        <entry name="clinical_stage" type="String" expression="" isNullable="true"/>
        <entry name="datim_id" type="String" expression="" isNullable="false"/>
        <entry name="hiv_enrollment_uuid" type="String" expression="" isNullable="true"/>
        <entry name="regimen_id" type="int" expression="" isNullable="false"/>
        <entry name="regimen_type_id" type="int" expression="" isNullable="false"/>
        <entry name="extra" type="String" expression="" isNullable="true"/>
        <entry name="notes" type="String" expression="" isNullable="true"/>
        <entry name="tb_status" type="String" expression="" isNullable="true"/>
        <entry name="pregnancy_status" type="String" expression="" isNullable="true"/>
      </metadataTableEntries>
    </table>
    <table name="patient_visit_for_clinic" matching-mode="UNIQUE_MATCH" lookup-mode="LOAD_ONCE" isMinimized="false" isReject="false" isRejectInnerJoin="false" isInnerJoin="false" isPersistent="false" expressionFilter="null" activateExpressionFilter="false" activateCondensedTool="false" activateColumnNameFilter="false" columnNameFilter="null">
      <metadataTableEntries>
        <entry name="person_uuid" type="String" expression="hiv_art_clinic_data.person_uuid " isNullable="false"/>
        <entry name="visit_start_date" type="java.util.Date" expression="hiv_art_clinic_data.visit_date" isNullable="false"/>
        <entry name="visit_id" type="String" expression="" isNullable="false"/>
      </metadataTableEntries>
    </table>
    <table name="row1" matching-mode="UNIQUE_MATCH" lookup-mode="LOAD_ONCE" isMinimized="false" isReject="false" isRejectInnerJoin="false" isInnerJoin="false" isPersistent="false" expressionFilter="null" activateExpressionFilter="false" activateCondensedTool="false" activateColumnNameFilter="false" columnNameFilter="null">
      <metadataTableEntries>
        <entry name="id" type="int" expression="" isNullable="false"/>
        <entry name="display" type="String" expression="hiv_art_clinic_data.tb_status" isNullable="true"/>
        <entry name="code" type="String" expression="" isNullable="true"/>
      </metadataTableEntries>
    </table>
  </mapperTable>
  <mapperTable type="output">
    <table name="clinic_stage_record" isMinimized="false" isReject="false" isRejectInnerJoin="false" isInnerJoin="false" isPersistent="false" expressionFilter="null" activateExpressionFilter="false" activateCondensedTool="false" activateColumnNameFilter="false" columnNameFilter="null">
      <metadataTableEntries>
        <entry name="created_date" type="java.util.Date" expression="hiv_art_clinic_data.created_date " isNullable="false"/>
        <entry name="created_by" type="String" expression="hiv_art_clinic_data.created_by " isNullable="true"/>
        <entry name="last_modified_date" type="java.util.Date" expression="hiv_art_clinic_data.last_modified_date " isNullable="false"/>
        <entry name="last_modified_by" type="String" expression="hiv_art_clinic_data.last_modified_by " isNullable="true"/>
        <entry name="uuid" type="String" expression="hiv_art_clinic_data.uuid " isNullable="true"/>
        <entry name="archived" type="Integer" expression="hiv_art_clinic_data.archived " isNullable="true"/>
        <entry name="visit_date" type="java.util.Date" expression="hiv_art_clinic_data.visit_date " isNullable="true"/>
        <entry name="cd_4" type="Double" expression="hiv_art_clinic_data.cd_4 " isNullable="true"/>
        <entry name="cd_4_percentage" type="Double" expression="hiv_art_clinic_data.cd_4_percentage " isNullable="true"/>
        <entry name="is_commencement" type="Boolean" expression="hiv_art_clinic_data.is_commencement " isNullable="true"/>
        <entry name="oi_screened" type="String" expression="hiv_art_clinic_data.oi_screened " isNullable="true"/>
        <entry name="sti_ids" type="String" expression="hiv_art_clinic_data.sti_ids " isNullable="true"/>
        <entry name="sti_treated" type="String" expression="hiv_art_clinic_data.sti_treated " isNullable="true"/>
        <entry name="opportunistic_infections" type="String" expression="hiv_art_clinic_data.opportunistic_infections " isNullable="true"/>
        <entry name="adr_screened" type="String" expression="hiv_art_clinic_data.adr_screened " isNullable="true"/>
        <entry name="adverse_drug_reactions" type="String" expression="hiv_art_clinic_data.adverse_drug_reactions " isNullable="true"/>
        <entry name="adherence_level" type="String" expression="hiv_art_clinic_data.adherence_level " isNullable="true"/>
        <entry name="adheres" type="String" expression="hiv_art_clinic_data.adheres " isNullable="true"/>
        <entry name="next_appointment" type="java.util.Date" expression="hiv_art_clinic_data.next_appointment " isNullable="true"/>
        <entry name="lmp_date" type="java.util.Date" expression="hiv_art_clinic_data.lmp_date " isNullable="true"/>
        <entry name="functional_status" type="String" expression="hiv_art_clinic_data.functional_status " isNullable="true"/>
        <entry name="clinical_stage" type="String" expression="hiv_art_clinic_data.clinical_stage " isNullable="true"/>
        <entry name="datim_id" type="String" expression="hiv_art_clinic_data.datim_id " isNullable="false"/>
        <entry name="hiv_enrollment_uuid" type="String" expression="hiv_art_clinic_data.hiv_enrollment_uuid " isNullable="false"/>
        <entry name="visit_id" type="String" expression="patient_visit_for_clinic.visit_id " isNullable="false"/>
        <entry name="person_uuid" type="String" expression="patient_visit_for_clinic.person_uuid " isNullable="false"/>
        <entry name="id" type="Integer" expression="Numeric.sequence(&quot;id&quot;,1,1)" isNullable="true"/>
        <entry name="regimen_id" type="int" expression="hiv_art_clinic_data.regimen_id " isNullable="false"/>
        <entry name="regimen_type_id" type="int" expression="hiv_art_clinic_data.regimen_type_id " isNullable="false"/>
        <entry name="extra" type="String" expression="hiv_art_clinic_data.extra " isNullable="true"/>
        <entry name="notes" type="String" expression="hiv_art_clinic_data.notes " isNullable="true"/>
        <entry name="tb_status" type="Integer" expression="row1.id" isNullable="true"/>
        <entry name="pregnancy_status" type="String" expression="hiv_art_clinic_data.pregnancy_status " isNullable="true"/>
      </metadataTableEntries>
    </table>
  </mapperTable>
  <mapperTable type="var">
    <table name="Var" isMinimized="true" isReject="false" isRejectInnerJoin="false" isInnerJoin="false" isPersistent="false" expressionFilter="null" activateExpressionFilter="false" activateCondensedTool="false" activateColumnNameFilter="false" columnNameFilter="null"/>
  </mapperTable>
</externalNode>
