<?xml version="1.1" encoding="UTF-8"?>

<project i18n.job.generated.documetation="Generated documentation" i18n.job.project.name="Project Name" i18n.job.generated.date="GENERATION DATE" i18n.job.author="AUTHOR" i18n.job.summary="Summary" i18n.job.project.description="Project Description" i18n.job.job.description="Description" i18n.job.job.preview.picture="Preview Picture" i18n.job.job.setting="Settings" i18n.job.context.list="Context List" i18n.job.component.list="Component List" i18n.job.components.description="Components Description" i18n.job.source.code="Source Code" i18n.job.properties="Properties" i18n.job.values="Values" i18n.job.name="Name" i18n.job.language="Language" i18n.job.description="Description" i18n.job.author.min="Author" i18n.job.version="Version" i18n.job.purpose="Purpose" i18n.job.status="Status" i18n.job.creation="Creation" i18n.job.modification="Modification" i18n.job.extract.settings="Extra settings" i18n.job.value="Value" i18n.job.stats.logs="Status &amp; Logs" i18n.job.context="Context" i18n.job.promt="Prompt" i18n.job.need.promt="Need Prompt?" i18n.job.type="Type" i18n.job.source="Source" i18n.job.component.name="Component Name" i18n.job.component.type="Component Type" i18n.job.component="Component" i18n.job.unique.name="UNIQUE NAME" i18n.job.input="INPUT(S)" i18n.job.label="LABEL" i18n.job.output="OUTPUT(S)" i18n.job.component.parameters="Component Parameters:" i18n.job.schema.for="Schema for " i18n.job.column="Column" i18n.job.key="Key" i18n.job.length="Length" i18n.job.precision="Precision" i18n.job.nullable="Nullable" i18n.job.comment="Comment" i18n.job.original.function.parameters="Original Function Parameters:" i18n.job.ended="ended" i18n.job.content="content" i18n.route.manifest.type="Type" i18n.route.manifest.value="Value" i18n.route.resource.name="Name" i18n.route.resource.version="Version" i18n.route.resource.path="Path" name="LAMISPlus_ETL" logo="pictures/logo.jpg" title="Generated by Talend Open Studio for Big Data" link="http://www.talend.com" language="java" generatedDate="Mar 20, 2023 10:41:02 PM" versionName="Talend Open Studio VERSION " version="7.3.1.20200219_1130" docType="Jobs" company="">
  <pro-description><![CDATA[]]></pro-description>
  <job name="H_Biometric_Secugen" author="user@talend.com" i18n.job.extract.settings.type="i18n.job.extract.settings" i18n.job.stats.logs.type="i18n.job.stats.logs" version="6.0" purpose="ETL Tool for Secugen biometric migration" status="" creation="Oct 7, 2022 11:08:11 PM" modification="Mar 20, 2023 10:40:49 PM">
    <description><![CDATA[This ETL tool is used for the migration of biometric data captured using secugen from LAMIS 3 to LAMISPlus biometric tab<br/>le]]></description>
    <preview picture="pictures/H_Biometric_Secugen_6.0.png"/>
    <contextList>
      <context name="Lamisplus">
        <contextParameter name="LAMISPlus_Schema" prompt="LAMISPlus_Schema?" promptNeeded="false" type="id_String" value="public"/>
        <contextParameter name="LAMISPlus_AdditionalParams" prompt="LAMISPlus_AdditionalParams?" promptNeeded="false" type="id_String" value=""/>
        <contextParameter name="LAMISPlus_Database" prompt="LAMISPlus_Database?" promptNeeded="true" type="id_String" value="test"/>
        <contextParameter name="LAMISPlus_Login" prompt="LAMISPlus_Login?" promptNeeded="false" type="id_String" value="postgres"/>
        <contextParameter name="LAMISPlus_Server" prompt="LAMISPlus_Server?" promptNeeded="false" type="id_String" value="localhost"/>
        <contextParameter name="LAMISPlus_Password" prompt="LAMISPlus_Password?" promptNeeded="true" type="id_Password" value="*****"/>
        <contextParameter name="LAMISPlus_Port" prompt="LAMISPlus_Port?" promptNeeded="false" type="id_String" value="5432"/>
        <contextParameter name="LAMIS3_Login" prompt="LAMIS3_Login?" promptNeeded="false" type="id_String" value="postgres" source="LAMIS3"/>
        <contextParameter name="LAMIS3_Port" prompt="LAMIS3_Port?" promptNeeded="false" type="id_String" value="5432" source="LAMIS3"/>
        <contextParameter name="LAMIS3_AdditionalParams" prompt="LAMIS3_AdditionalParams?" promptNeeded="false" type="id_String" value="" source="LAMIS3"/>
        <contextParameter name="LAMIS3_Database" prompt="LAMIS3_Database?" promptNeeded="true" type="id_String" value="lamis-aminu" source="LAMIS3"/>
        <contextParameter name="LAMIS3_Password" prompt="LAMIS3_Password?" promptNeeded="true" type="id_Password" value="*****" source="LAMIS3"/>
        <contextParameter name="LAMIS3_Server" prompt="LAMIS3_Server?" promptNeeded="false" type="id_String" value="localhost" source="LAMIS3"/>
        <contextParameter name="LAMIS3_Schema" prompt="LAMIS3_Schema?" promptNeeded="false" type="id_String" value="public" source="LAMIS3"/>
      </context>
      <context name="Default">
        <contextParameter name="LAMIS3_Database" prompt="LAMIS3_Database?" promptNeeded="true" type="id_String" value="lamis-aminu" source="LAMIS3"/>
        <contextParameter name="LAMIS3_Port" prompt="LAMIS3_Port?" promptNeeded="false" type="id_String" value="5432" source="LAMIS3"/>
        <contextParameter name="LAMIS3_AdditionalParams" prompt="LAMIS3_AdditionalParams?" promptNeeded="false" type="id_String" value="" source="LAMIS3"/>
        <contextParameter name="LAMIS3_Schema" prompt="LAMIS3_Schema?" promptNeeded="false" type="id_String" value="public" source="LAMIS3"/>
        <contextParameter name="LAMIS3_Password" prompt="LAMIS3_Password?" promptNeeded="true" type="id_Password" value="*****" source="LAMIS3"/>
        <contextParameter name="LAMIS3_Server" prompt="LAMIS3_Server?" promptNeeded="false" type="id_String" value="localhost" source="LAMIS3"/>
        <contextParameter name="LAMIS3_Login" prompt="LAMIS3_Login?" promptNeeded="false" type="id_String" value="postgres" source="LAMIS3"/>
        <contextParameter name="LAMISPlus_Port" prompt="LAMISPlus_Port?" promptNeeded="false" type="id_String" value="5432"/>
        <contextParameter name="LAMISPlus_Server" prompt="LAMISPlus_Server?" promptNeeded="false" type="id_String" value="localhost"/>
        <contextParameter name="LAMISPlus_Schema" prompt="LAMISPlus_Schema?" promptNeeded="false" type="id_String" value="public"/>
        <contextParameter name="LAMISPlus_Login" prompt="LAMISPlus_Login?" promptNeeded="false" type="id_String" value="postgres"/>
        <contextParameter name="LAMISPlus_AdditionalParams" prompt="LAMISPlus_AdditionalParams?" promptNeeded="false" type="id_String" value=""/>
        <contextParameter name="LAMISPlus_Password" prompt="LAMISPlus_Password?" promptNeeded="true" type="id_Password" value="*****"/>
        <contextParameter name="LAMISPlus_Database" prompt="LAMISPlus_Database?" promptNeeded="true" type="id_String" value="test"/>
      </context>
    </contextList>
    <jobSetting>
      <extra>
        <jobParameter name="COMP_DEFAULT_FILE_DIR" value=""/>
        <jobParameter name="Multi thread execution" value="false"/>
        <jobParameter name="Implicit tContextLoad" value="false"/>
      </extra>
      <Statslogs>
        <jobParameter name="Use statistics (tStatCatcher)" value="false"/>
        <jobParameter name="Use logs (tLogCatcher)" value="false"/>
        <jobParameter name="Use volumetrics (tFlowMeterCatcher)" value="false"/>
        <jobParameter name="On Console" value="false"/>
        <jobParameter name="On Files" value="false"/>
        <jobParameter name="On Databases" value="false"/>
        <jobParameter name="Catch components statistics" value="false"/>
        <jobParameter name="Catch runtime errors" value="true"/>
        <jobParameter name="Catch user errors" value="true"/>
        <jobParameter name="Catch user warnings" value="true"/>
      </Statslogs>
    </jobSetting>
    <componentList>
      <componentItem name="tDBInput_1" link="tDBInput_1" type="tPostgresqlInput" leftTopX="160" leftTopY="64" rightBottomX="192" rightBottomY="96"/>
      <componentItem name="tDBInput_2" link="tDBInput_2" type="tPostgresqlInput" leftTopX="288" leftTopY="192" rightBottomX="320" rightBottomY="224"/>
      <componentItem name="tDBOutput_1" link="tDBOutput_1" type="tPostgresqlOutput" leftTopX="736" leftTopY="96" rightBottomX="768" rightBottomY="128"/>
      <componentItem name="tJava_1" link="tJava_1" type="tJava" leftTopX="32" leftTopY="64" rightBottomX="64" rightBottomY="96"/>
      <componentItem name="tJava_2" link="tJava_2" type="tJava" leftTopX="928" leftTopY="96" rightBottomX="960" rightBottomY="128"/>
      <componentItem name="tMap_3" link="tMap_3" type="tMap" leftTopX="480" leftTopY="96" rightBottomX="512" rightBottomY="128"/>
    </componentList>
    <internalNodeComponents>
      <component icon="pictures/tDBInput_1.png" uniqueName="tDBInput_1" label="Biometric">
        <input>none</input>
        <output link="tMap_3">tMap_3</output>
        <output link="tJava_1">tJava_1</output>
        <componentType>tPostgresqlInput</componentType>
        <parameters>
          <column name="Database" value="tPostgresqlInput"/>
          <column name="Unique Name" value="tDBInput_1"/>
          <column name="Component Name" value="tPostgresqlInput"/>
          <column name="Version" value="0.102 (ALPHA)"/>
          <column name="Family" value="Databases/DB Specifics/PostgreSQL"/>
          <column name="Start" value="true"/>
          <column name="Startable" value="true"/>
          <column name="SUBTREE_START" value="true"/>
          <column name="END_OF_FLOW" value="false"/>
          <column name="Activate" value="true"/>
          <column name="DUMMY" value="false"/>
          <column name="tStatCatcher Statistics" value="false"/>
          <column name="Help" value="org.talend.help.tPostgresqlInput"/>
          <column name="Update components" value="true"/>
          <column name="IREPORT_PATH" value=""/>
          <column name="JAVA_LIBRARY_PATH" value="C:\Users\A\Documents\TOS_BD-20200219_1130-V7.3.1\configuration\lib\java"/>
          <column name="Subjob color" value=""/>
          <column name="Title color" value=""/>
          <column name="Property Type" value="repository: DB (POSTGRESQL):LAMIS3"/>
          <column name="Use an existing connection" value="false"/>
          <column name="Component List" value=""/>
          <column name="DB Version" value="V9_X"/>
          <column name="Host" value="context.LAMIS3_Server"/>
          <column name="Database Driver" value="POSTGRESQL"/>
          <column name="Port" value="context.LAMIS3_Port"/>
          <column name="Database" value="context.LAMIS3_Database"/>
          <column name="Schema" value="context.LAMIS3_Schema"/>
          <column name="Username" value="context.LAMIS3_Login"/>
          <column name="Password" value="context.LAMIS3_Password"/>
          <column name="REPOSITORY_ALLOW_AUTO_SWITCH" value="true"/>
          <column name="Schema" value="Built-In"/>
          <column name="Table Name" value="&quot;biometric&quot;"/>
          <column name="Query Type" value="Built-In"/>
          <column name="Guess Schema" value="&quot;&quot;"/>
          <column name="Query" value="&quot;SELECT b.id as id, patient_id as person_uuid, facility_id, template_type, 'Secugen' AS device_name,
biometric_type, enrollment_date, to_char(last_modified,'YYYY-MM-DD HH:SS:MM')::TIMESTAMP As last_modified, template, archived::integer, iso, nf.datim_id, TRUE AS  version_iso_20
	FROM biometric b
	INNER JOIN ndr_facility nf
  ON nf.id=b.facility_id&quot;"/>
          <column name="Specify a data source alias" value="false"/>
          <column name="Data source alias" value="&quot;&quot;"/>
          <column name="Mapping" value="postgres_id"/>
          <column name="Additional JDBC Parameters" value="context.LAMIS3_AdditionalParams"/>
          <column name="Encoding" value="&quot;ISO-8859-15&quot;"/>
          <column name="Use fetch size" value="false"/>
          <column name="Fetch size" value="1000"/>
          <column name="Trim all the String/Char columns" value="false"/>
          <column name="Trim column" value="[{SCHEMA_COLUMN=id, TRIM=false}, {SCHEMA_COLUMN=person_uuid, TRIM=false}, {SCHEMA_COLUMN=facility_id, TRIM=false}, {SCHEMA_COLUMN=template_type, TRIM=false}, {SCHEMA_COLUMN=device_name, TRIM=false}, {SCHEMA_COLUMN=biometric_type, TRIM=false}, {SCHEMA_COLUMN=enrollment_date, TRIM=false}, {SCHEMA_COLUMN=last_modified, TRIM=false}, {SCHEMA_COLUMN=template, TRIM=false}, {SCHEMA_COLUMN=archived, TRIM=false}, {SCHEMA_COLUMN=iso, TRIM=false}, {SCHEMA_COLUMN=datim_id, TRIM=false}, {SCHEMA_COLUMN=version_iso_20, TRIM=false}]"/>
          <column name="Label format" value="Biometric"/>
          <column name="Hint format" value="&lt;b&gt;__UNIQUE_NAME__&lt;/b&gt;&lt;br&gt;__COMMENT__"/>
          <column name="Connection format" value="row"/>
          <column name="Show Information" value="false"/>
          <column name="Comment" value=""/>
          <column name="Use an existing validation rule" value="false"/>
          <column name="Validation Rule Type" value=""/>
        </parameters>
        <schemas>
          <schema name="tDBInput_1">
            <column name="id" key="true" type="String" length="36" precision="" nullable="false" comment=""/>
            <column name="person_uuid" key="false" type="String" length="36" precision="" nullable="false" comment=""/>
            <column name="facility_id" key="false" type="long" length="19" precision="" nullable="false" comment=""/>
            <column name="template_type" key="false" type="String" length="36" precision="" nullable="false" comment=""/>
            <column name="device_name" key="false" type="String" length="100" precision="" nullable="true" comment=""/>
            <column name="biometric_type" key="false" type="String" length="36" precision="" nullable="false" comment=""/>
            <column name="enrollment_date" key="false" type="java.util.Date" length="13" precision="" nullable="false" comment=""/>
            <column name="last_modified" key="false" type="java.util.Date" length="29" precision="6" nullable="true" comment=""/>
            <column name="template" key="false" type="byte[]" length="5000" precision="" nullable="false" comment=""/>
            <column name="archived" key="false" type="Integer" length="10" precision="" nullable="true" comment=""/>
            <column name="iso" key="false" type="boolean" length="1" precision="" nullable="false" comment=""/>
            <column name="datim_id" key="false" type="String" length="32" precision="" nullable="false" comment=""/>
            <column name="version_iso_20" key="false" type="Boolean" length="1" precision="" nullable="true" comment=""/>
          </schema>
        </schemas>
      </component>
      <component icon="pictures/tDBInput_2.png" uniqueName="tDBInput_2" label="Facilities_filtered">
        <input>none</input>
        <output link="tMap_3">tMap_3</output>
        <componentType>tPostgresqlInput</componentType>
        <parameters>
          <column name="Database" value="tPostgresqlInput"/>
          <column name="Unique Name" value="tDBInput_2"/>
          <column name="Component Name" value="tPostgresqlInput"/>
          <column name="Version" value="0.102 (ALPHA)"/>
          <column name="Family" value="Databases/DB Specifics/PostgreSQL"/>
          <column name="Start" value="false"/>
          <column name="Startable" value="true"/>
          <column name="SUBTREE_START" value="false"/>
          <column name="END_OF_FLOW" value="false"/>
          <column name="Activate" value="true"/>
          <column name="DUMMY" value="false"/>
          <column name="tStatCatcher Statistics" value="false"/>
          <column name="Help" value="org.talend.help.tPostgresqlInput"/>
          <column name="Update components" value="true"/>
          <column name="IREPORT_PATH" value=""/>
          <column name="JAVA_LIBRARY_PATH" value="C:\Users\A\Documents\TOS_BD-20200219_1130-V7.3.1\configuration\lib\java"/>
          <column name="Subjob color" value=""/>
          <column name="Title color" value=""/>
          <column name="Property Type" value="repository: DB (POSTGRESQL):LAMISPlus"/>
          <column name="Use an existing connection" value="false"/>
          <column name="Component List" value=""/>
          <column name="DB Version" value="V9_X"/>
          <column name="Host" value="context.LAMISPlus_Server"/>
          <column name="Database Driver" value="POSTGRESQL"/>
          <column name="Port" value="context.LAMISPlus_Port"/>
          <column name="Database" value="context.LAMISPlus_Database"/>
          <column name="Schema" value="context.LAMISPlus_Schema"/>
          <column name="Username" value="context.LAMISPlus_Login"/>
          <column name="Password" value="context.LAMISPlus_Password"/>
          <column name="REPOSITORY_ALLOW_AUTO_SWITCH" value="true"/>
          <column name="Schema" value="Built-In"/>
          <column name="Table Name" value="&quot;&quot;"/>
          <column name="Query Type" value="Built-In"/>
          <column name="Guess Schema" value="&quot;&quot;"/>
          <column name="Query" value="&quot;SELECT iden.organisation_unit_id as id, ef.facility_name, ef.lga_name, ef.datim_id FROM etl_facility ef 
INNER JOIN base_organisation_unit_identifier iden ON iden.code = ef.datim_id&quot;"/>
          <column name="Specify a data source alias" value="false"/>
          <column name="Data source alias" value="&quot;&quot;"/>
          <column name="Mapping" value="postgres_id"/>
          <column name="Additional JDBC Parameters" value="context.LAMISPlus_AdditionalParams"/>
          <column name="Encoding" value="&quot;ISO-8859-15&quot;"/>
          <column name="Use fetch size" value="false"/>
          <column name="Fetch size" value="1000"/>
          <column name="Trim all the String/Char columns" value="false"/>
          <column name="Trim column" value="[{SCHEMA_COLUMN=id, TRIM=false}, {SCHEMA_COLUMN=name, TRIM=false}, {SCHEMA_COLUMN=orgunit_name, TRIM=false}, {SCHEMA_COLUMN=datim_code, TRIM=false}]"/>
          <column name="Label format" value="Facilities_filtered"/>
          <column name="Hint format" value="&lt;b&gt;__UNIQUE_NAME__&lt;/b&gt;&lt;br&gt;__COMMENT__"/>
          <column name="Connection format" value="row"/>
          <column name="Show Information" value="false"/>
          <column name="Comment" value=""/>
          <column name="Use an existing validation rule" value="false"/>
          <column name="Validation Rule Type" value=""/>
        </parameters>
        <schemas>
          <schema name="tDBInput_2">
            <column name="id" key="true" type="long" length="19" precision="" nullable="false" comment=""/>
            <column name="name" key="false" type="String" length="100" precision="" nullable="true" comment=""/>
            <column name="orgunit_name" key="false" type="String" length="100" precision="" nullable="true" comment=""/>
            <column name="datim_code" key="false" type="String" length="2" precision="" nullable="true" comment=""/>
          </schema>
        </schemas>
      </component>
      <component icon="pictures/tDBOutput_1.png" uniqueName="tDBOutput_1" label="Biometric_Lamisplus">
        <input link="tMap_3">tMap_3</input>
        <input link="tDBInput_2">tDBInput_2</input>
        <output link="tJava_2">tJava_2</output>
        <componentType>tPostgresqlOutput</componentType>
        <parameters>
          <column name="Database" value="tPostgresqlOutput"/>
          <column name="Unique Name" value="tDBOutput_1"/>
          <column name="Component Name" value="tPostgresqlOutput"/>
          <column name="Version" value="0.102 (ALPHA)"/>
          <column name="Family" value="Databases/DB Specifics/PostgreSQL"/>
          <column name="Startable" value="false"/>
          <column name="SUBTREE_START" value="false"/>
          <column name="END_OF_FLOW" value="true"/>
          <column name="Activate" value="true"/>
          <column name="DUMMY" value="false"/>
          <column name="tStatCatcher Statistics" value="false"/>
          <column name="Help" value="org.talend.help.tPostgresqlOutput"/>
          <column name="Update components" value="true"/>
          <column name="IREPORT_PATH" value=""/>
          <column name="JAVA_LIBRARY_PATH" value="C:\Users\A\Documents\TOS_BD-20200219_1130-V7.3.1\configuration\lib\java"/>
          <column name="Subjob color" value=""/>
          <column name="Title color" value=""/>
          <column name="Property Type" value="repository: DB (POSTGRESQL):LAMISPlus"/>
          <column name="Use an existing connection" value="false"/>
          <column name="Component List" value=""/>
          <column name="DB Version" value="V9_X"/>
          <column name="Host" value="context.LAMISPlus_Server"/>
          <column name="Port" value="context.LAMISPlus_Port"/>
          <column name="Database" value="context.LAMISPlus_Database"/>
          <column name="Database Driver" value="POSTGRESQL"/>
          <column name="Schema" value="context.LAMISPlus_Schema"/>
          <column name="Username" value="context.LAMISPlus_Login"/>
          <column name="Password" value="context.LAMISPlus_Password"/>
          <column name="Table" value="&quot;biometric&quot;"/>
          <column name="Action on table" value="NONE"/>
          <column name="Action on data" value="INSERT_OR_UPDATE"/>
          <column name="REPOSITORY_ALLOW_AUTO_SWITCH" value="true"/>
          <column name="Schema" value="Built-In"/>
          <column name="Reject Schema" value="Built-In"/>
          <column name="Use spatial options" value="false"/>
          <column name="Create Spatial index" value="false"/>
          <column name="Create geometry columns reference" value="false"/>
          <column name="Specify a data source alias" value="false"/>
          <column name="Data source alias" value="&quot;&quot;"/>
          <column name="Die on error" value="false"/>
          <column name="Mapping" value="postgres_id"/>
          <column name="Use alternate schema" value="false"/>
          <column name="Schema" value="&quot;&quot;"/>
          <column name="Additional JDBC Parameters" value="context.LAMISPlus_AdditionalParams"/>
          <column name="Use save point" value="false"/>
          <column name="Encoding" value="&quot;ISO-8859-15&quot;"/>
          <column name="Commit every" value="10000"/>
          <column name="Additional columns" value="[]"/>
          <column name="Use field options" value="true"/>
          <column name="Field options" value="[{SCHEMA_COLUMN=id, UPDATE_KEY=true, DELETE_KEY=false, UPDATABLE=true, INSERTABLE=true}, {SCHEMA_COLUMN=person_uuid, UPDATE_KEY=false, DELETE_KEY=false, UPDATABLE=true, INSERTABLE=true}, {SCHEMA_COLUMN=facility_id, UPDATE_KEY=false, DELETE_KEY=false, UPDATABLE=true, INSERTABLE=true}, {SCHEMA_COLUMN=template_type, UPDATE_KEY=false, DELETE_KEY=false, UPDATABLE=true, INSERTABLE=true}, {SCHEMA_COLUMN=biometric_type, UPDATE_KEY=false, DELETE_KEY=false, UPDATABLE=true, INSERTABLE=true}, {SCHEMA_COLUMN=enrollment_date, UPDATE_KEY=false, DELETE_KEY=false, UPDATABLE=true, INSERTABLE=true}, {SCHEMA_COLUMN=created_date, UPDATE_KEY=false, DELETE_KEY=false, UPDATABLE=true, INSERTABLE=true}, {SCHEMA_COLUMN=last_modified_date, UPDATE_KEY=false, DELETE_KEY=false, UPDATABLE=true, INSERTABLE=true}, {SCHEMA_COLUMN=template, UPDATE_KEY=false, DELETE_KEY=false, UPDATABLE=true, INSERTABLE=true}, {SCHEMA_COLUMN=archived, UPDATE_KEY=false, DELETE_KEY=false, UPDATABLE=true, INSERTABLE=true}, {SCHEMA_COLUMN=iso, UPDATE_KEY=false, DELETE_KEY=false, UPDATABLE=true, INSERTABLE=true}, {SCHEMA_COLUMN=created_by, UPDATE_KEY=false, DELETE_KEY=false, UPDATABLE=true, INSERTABLE=true}, {SCHEMA_COLUMN=last_modified_by, UPDATE_KEY=false, DELETE_KEY=false, UPDATABLE=true, INSERTABLE=true}, {SCHEMA_COLUMN=device_name, UPDATE_KEY=false, DELETE_KEY=false, UPDATABLE=true, INSERTABLE=true}, {SCHEMA_COLUMN=version_iso_20, UPDATE_KEY=false, DELETE_KEY=false, UPDATABLE=true, INSERTABLE=true}]"/>
          <column name="Debug query mode" value="false"/>
          <column name="Support null in &quot;SQL WHERE&quot; statement" value="false"/>
          <column name="Convert columns and table to lowercase" value="false"/>
          <column name="Use Batch Size" value="true"/>
          <column name="Batch Size" value="10000"/>
          <column name="Label format" value="Biometric_Lamisplus"/>
          <column name="Hint format" value="&lt;b&gt;__UNIQUE_NAME__&lt;/b&gt;&lt;br&gt;__COMMENT__"/>
          <column name="Connection format" value="row"/>
          <column name="Show Information" value="false"/>
          <column name="Comment" value=""/>
          <column name="Use an existing validation rule" value="false"/>
          <column name="Validation Rule Type" value=""/>
        </parameters>
        <schemas>
          <schema name="tDBOutput_1">
            <column name="id" key="true" type="String" length="" precision="" nullable="false" comment=""/>
            <column name="person_uuid" key="false" type="String" length="" precision="" nullable="true" comment=""/>
            <column name="facility_id" key="false" type="Long" length="" precision="" nullable="true" comment=""/>
            <column name="template_type" key="false" type="String" length="" precision="" nullable="true" comment=""/>
            <column name="biometric_type" key="false" type="String" length="" precision="" nullable="true" comment=""/>
            <column name="enrollment_date" key="false" type="java.util.Date" length="" precision="" nullable="true" comment=""/>
            <column name="created_date" key="false" type="java.util.Date" length="" precision="" nullable="true" comment=""/>
            <column name="last_modified_date" key="false" type="java.util.Date" length="" precision="" nullable="true" comment=""/>
            <column name="template" key="false" type="byte[]" length="" precision="" nullable="true" comment=""/>
            <column name="archived" key="false" type="Integer" length="" precision="" nullable="true" comment=""/>
            <column name="iso" key="false" type="Boolean" length="" precision="" nullable="true" comment=""/>
            <column name="created_by" key="false" type="String" length="" precision="" nullable="true" comment=""/>
            <column name="last_modified_by" key="false" type="String" length="" precision="" nullable="true" comment=""/>
            <column name="device_name" key="false" type="String" length="" precision="" nullable="true" comment=""/>
            <column name="version_iso_20" key="false" type="boolean" length="" precision="" nullable="false" comment=""/>
          </schema>
        </schemas>
      </component>
      <component icon="pictures/tJava_1.png" uniqueName="tJava_1" label="__UNIQUE_NAME__">
        <input link="tDBInput_1">tDBInput_1</input>
        <output>none</output>
        <componentType>tJava</componentType>
        <parameters>
          <column name="Unique Name" value="tJava_1"/>
          <column name="Component Name" value="tJava"/>
          <column name="Version" value="0.101 (ALPHA)"/>
          <column name="Family" value="Custom_Code"/>
          <column name="Start" value="false"/>
          <column name="Startable" value="true"/>
          <column name="SUBTREE_START" value="true"/>
          <column name="END_OF_FLOW" value="true"/>
          <column name="Activate" value="true"/>
          <column name="DUMMY" value="false"/>
          <column name="tStatCatcher Statistics" value="false"/>
          <column name="Help" value="org.talend.help.tJava"/>
          <column name="Update components" value="true"/>
          <column name="IREPORT_PATH" value=""/>
          <column name="JAVA_LIBRARY_PATH" value="C:\Users\A\Documents\TOS_BD-20200219_1130-V7.3.1\configuration\lib\java"/>
          <column name="Subjob color" value=""/>
          <column name="Title color" value=""/>
          <column name="Code" value="System.out.println(&quot;*****************************************************************&quot;);
System.out.println(&quot;***********BIOMETRIC(SECUGEN) MIGRATION REPORT START*****************&quot;);
java.time.LocalDateTime startTime = java.time.LocalDateTime.now();
globalMap.put(&quot;startTime&quot;, startTime);
System.out.println(&quot;Start time - &quot;+ startTime);

System.out.println(&quot;Total Biometric records fetched from LAMIS3 biometric - &quot;+globalMap.get(&quot;tDBInput_1_NB_LINE&quot;));"/>
          <column name="Import" value="//import java.util.List;"/>
          <column name="Schema" value="Built-In"/>
          <column name="Label format" value="__UNIQUE_NAME__"/>
          <column name="Hint format" value="&lt;b&gt;__UNIQUE_NAME__&lt;/b&gt;&lt;br&gt;__COMMENT__"/>
          <column name="Connection format" value="row"/>
          <column name="Show Information" value="false"/>
          <column name="Comment" value=""/>
          <column name="Use an existing validation rule" value="false"/>
          <column name="Validation Rule Type" value=""/>
        </parameters>
        <schemas>
          <schema name="tJava_1"/>
        </schemas>
      </component>
      <component icon="pictures/tJava_2.png" uniqueName="tJava_2" label="__UNIQUE_NAME__">
        <input link="tDBOutput_1">tDBOutput_1</input>
        <output>none</output>
        <componentType>tJava</componentType>
        <parameters>
          <column name="Unique Name" value="tJava_2"/>
          <column name="Component Name" value="tJava"/>
          <column name="Version" value="0.101 (ALPHA)"/>
          <column name="Family" value="Custom_Code"/>
          <column name="Start" value="false"/>
          <column name="Startable" value="true"/>
          <column name="SUBTREE_START" value="true"/>
          <column name="END_OF_FLOW" value="true"/>
          <column name="Activate" value="true"/>
          <column name="DUMMY" value="false"/>
          <column name="tStatCatcher Statistics" value="false"/>
          <column name="Help" value="org.talend.help.tJava"/>
          <column name="Update components" value="true"/>
          <column name="IREPORT_PATH" value=""/>
          <column name="JAVA_LIBRARY_PATH" value="C:\Users\A\Documents\TOS_BD-20200219_1130-V7.3.1\configuration\lib\java"/>
          <column name="Subjob color" value=""/>
          <column name="Title color" value=""/>
          <column name="Code" value="int totalMigrated = globalMap.get(&quot;tDBOutput_1_NB_LINE_UPDATED&quot;) != null ? (Integer)globalMap.get(&quot;tDBOutput_1_NB_LINE_UPDATED&quot;) : 0;

System.out.println(&quot;Total biometric already migrated &quot;+totalMigrated);

System.out.println(&quot;Total new records migrated - &quot;+globalMap.get(&quot;tDBOutput_1_NB_LINE_INSERTED&quot;));
if(globalMap.get(&quot;tDBOutput_1_ERROR_MESSAGE&quot;) != null){
System.out.println(&quot;Migration Error - &quot;+globalMap.get(&quot;tDBOutput_1_ERROR_MESSAGE&quot;));
}
System.out.println(&quot;Total erroneous records not migrated - &quot;+globalMap.get(&quot;tFileOutputDelimited_1_NB_LINE&quot;));
System.out.println();
java.time.LocalDateTime endTime = java.time.LocalDateTime.now();
System.out.println(&quot;End time - &quot;+ endTime);
java.time.LocalDateTime statTime = (java.time.LocalDateTime)globalMap.get(&quot;startTime&quot;);

java.time.Duration duration = java.time.Duration.between(statTime, endTime);
System.out.println(&quot;Duration - &quot;+ duration);
System.out.println(&quot;*************BIOMETRIC(SECUGEN) MIGRATION REPORT END*****************&quot;);
System.out.println(&quot;****************************************************************&quot;);"/>
          <column name="Import" value="//import java.util.List;"/>
          <column name="Schema" value="Built-In"/>
          <column name="Label format" value="__UNIQUE_NAME__"/>
          <column name="Hint format" value="&lt;b&gt;__UNIQUE_NAME__&lt;/b&gt;&lt;br&gt;__COMMENT__"/>
          <column name="Connection format" value="row"/>
          <column name="Show Information" value="false"/>
          <column name="Comment" value=""/>
          <column name="Use an existing validation rule" value="false"/>
          <column name="Validation Rule Type" value=""/>
        </parameters>
        <schemas>
          <schema name="schema_create_transform_jsonfield">
            <column name="id" key="true" type="int" length="10" precision="" nullable="false" comment=""/>
            <column name="hospital_number" key="false" type="String" length="25" precision="" nullable="false" comment=""/>
            <column name="uuid" key="false" type="String" length="36" precision="" nullable="true" comment=""/>
            <column name="first_name" key="false" type="String" length="230" precision="" nullable="true" comment=""/>
            <column name="surname" key="false" type="String" length="45" precision="" nullable="true" comment=""/>
            <column name="other_name" key="false" type="String" length="75" precision="" nullable="true" comment=""/>
            <column name="gender" key="false" type="String" length="500" precision="" nullable="true" comment=""/>
            <column name="date_of_birth" key="false" type="java.util.Date" length="13" precision="" nullable="true" comment=""/>
            <column name="is_date_of_birth_estimated" key="false" type="Boolean" length="1" precision="" nullable="true" comment=""/>
            <column name="education" key="false" type="String" length="1500" precision="" nullable="true" comment=""/>
            <column name="marital_status" key="false" type="String" length="1500" precision="" nullable="true" comment=""/>
            <column name="employment_status" key="false" type="String" length="1500" precision="" nullable="true" comment=""/>
            <column name="address" key="false" type="String" length="1500" precision="" nullable="true" comment=""/>
            <column name="contact_point" key="false" type="String" length="1500" precision="" nullable="true" comment=""/>
            <column name="contact" key="false" type="String" length="1500" precision="" nullable="true" comment=""/>
            <column name="date_of_registration" key="false" type="java.util.Date" length="13" precision="" nullable="false" comment=""/>
            <column name="archived" key="false" type="Integer" length="1" precision="" nullable="true" comment=""/>
            <column name="active" key="false" type="boolean" length="" precision="" nullable="false" comment=""/>
            <column name="deceased" key="false" type="Boolean" length="" precision="" nullable="true" comment=""/>
            <column name="deceased_date_time" key="false" type="java.util.Date" length="" precision="" nullable="true" comment=""/>
            <column name="created_date" key="false" type="java.util.Date" length="" precision="" nullable="true" comment=""/>
            <column name="last_modified_date" key="false" type="java.util.Date" length="29" precision="6" nullable="true" comment=""/>
            <column name="created_by" key="false" type="String" length="" precision="" nullable="true" comment=""/>
            <column name="last_modified_by" key="false" type="String" length="" precision="" nullable="true" comment=""/>
            <column name="identifier" key="false" type="String" length="25" precision="" nullable="true" comment=""/>
            <column name="facility_id" key="false" type="long" length="19" precision="" nullable="false" comment=""/>
            <column name="organization" key="false" type="String" length="" precision="" nullable="true" comment=""/>
            <column name="sex" key="false" type="String" length="230" precision="" nullable="true" comment=""/>
          </schema>
        </schemas>
      </component>
    </internalNodeComponents>
    <externalNodeComponents>
      <component icon="pictures/tMap_3.png" uniqueName="tMap_3" label="Biometric_Facility_Map" preview="pictures/external_preview_tMap_3.png">
        <input link="tMap_3">tMap_3</input>
        <input link="tDBInput_2">tDBInput_2</input>
        <output link="tDBOutput_1">tDBOutput_1</output>
        <componentType>tMap</componentType>
        <!--tMap_3-->
      </component>
    </externalNodeComponents>
    <connections>
      <connection label="biometric_record" lineStyle="0" metaname="tDBInput_1" offsetLabelX="0" offsetLabelY="0" source="tDBInput_1" target="tMap_3"/>
      <connection label="If" lineStyle="6" metaname="tDBInput_1" offsetLabelX="0" offsetLabelY="0" source="tDBInput_1" target="tJava_1"/>
      <connection label="extract_biometric" lineStyle="0" metaname="extract_biometric" offsetLabelX="0" offsetLabelY="0" source="tMap_3" target="tDBOutput_1"/>
      <connection label="facility_records" lineStyle="8" metaname="tDBInput_2" offsetLabelX="0" offsetLabelY="0" source="tDBInput_2" target="tMap_3"/>
      <connection label="OnComponentOk" lineStyle="3" metaname="tDBOutput_1" offsetLabelX="0" offsetLabelY="0" source="tDBOutput_1" target="tJava_2"/>
    </connections>
  </job>
</project>
