<?xml version="1.1" encoding="UTF-8"?>

<externalNode i18n.job.component.parameters="Component Parameters:" i18n.job.properties="Properties" i18n.job.values="Values" i18n.mapper.table.for="Mapper table for " i18n.mapper.table.properties="Mapper table Properties" i18n.job.name="Name" i18n.tmap.matching.mode="Matching-mode" i18n.mapper.table.isminimized="isMinimized" i18n.tmap.isreject="isReject" i18n.tmap.isrejectinnnerjoin="isRejectInnerJoin" i18n.tmap.isinnerjoin="isInnerJoin" i18n.tmap.expressionfilter="expressionFilter" i18n.mapper.table.metadata.entries="Metadata Table Entries" i18n.job.type="Type" i18n.mapper.table.expression="Expression" i18n.tmap.isnullable="isNullable" i18n.tmap.constraint.entries="Constraint Table Entries" name="tMap_8" preview="pictures/_XhZsIGOYEe2s-tcvADG5zQ-tMap_8-PREVIEW.bmp">
  <parameters>
    <column name="tStatCatcher Statistics">false</column>
    <column name="Mapping links display as:">AUTO</column>
    <column name="Temp data directory path:"></column>
    <column name="Max buffer size (nb of rows):">2000000</column>
    <column name="Ignore trailing zeros for BigDecimal">true</column>
    <column name="Show Information">false</column>
    <column name="Comment"><![CDATA[]]></column>
    <column name="Use an existing validation rule">false</column>
  </parameters>
  <mapperTable type="input">
    <table name="laboratory_test_group_codeset" matching-mode="UNIQUE_MATCH" lookup-mode="LOAD_ONCE" isMinimized="false" isReject="false" isRejectInnerJoin="false" isInnerJoin="false" isPersistent="false" expressionFilter="null" activateExpressionFilter="false" activateCondensedTool="false" activateColumnNameFilter="false" columnNameFilter="null">
      <metadataTableEntries>
        <entry name="id" type="int" expression="" isNullable="false"/>
        <entry name="description" type="String" expression="" isNullable="true"/>
        <entry name="viral_load_indication" type="int" expression="" isNullable="false"/>
        <entry name="lab_test_id" type="int" expression="" isNullable="false"/>
        <entry name="unit_measurement" type="String" expression="" isNullable="true"/>
        <entry name="lab_test_order_status" type="Integer" expression="" isNullable="true"/>
        <entry name="order_priority" type="Integer" expression="" isNullable="true"/>
        <entry name="lab_number" type="String" expression="" isNullable="true"/>
        <entry name="lab_test_group_id" type="Integer" expression="" isNullable="true"/>
        <entry name="person_uuid" type="String" expression="" isNullable="true"/>
        <entry name="uuid" type="String" expression="" isNullable="false"/>
        <entry name="patient_uuid" type="String" expression="" isNullable="true"/>
      </metadataTableEntries>
    </table>
    <table name="person" matching-mode="UNIQUE_MATCH" lookup-mode="LOAD_ONCE" isMinimized="false" isReject="false" isRejectInnerJoin="false" isInnerJoin="false" isPersistent="false" expressionFilter="null" activateExpressionFilter="false" activateCondensedTool="false" activateColumnNameFilter="false" columnNameFilter="null">
      <metadataTableEntries>
        <entry name="id" type="int" expression="" isNullable="false"/>
        <entry name="uuid" type="String" expression="laboratory_test_group_codeset.person_uuid " isNullable="false"/>
      </metadataTableEntries>
    </table>
  </mapperTable>
  <mapperTable type="output">
    <table name="laboratory_test_person" isMinimized="false" isReject="false" isRejectInnerJoin="false" isInnerJoin="false" isPersistent="false" expressionFilter="null" activateExpressionFilter="false" activateCondensedTool="false" activateColumnNameFilter="false" columnNameFilter="null">
      <metadataTableEntries>
        <entry name="id" type="int" expression="laboratory_test_group_codeset.id " isNullable="false"/>
        <entry name="description" type="String" expression="laboratory_test_group_codeset.description " isNullable="true"/>
        <entry name="viral_load_indication" type="int" expression="laboratory_test_group_codeset.viral_load_indication " isNullable="false"/>
        <entry name="lab_test_id" type="int" expression="laboratory_test_group_codeset.lab_test_id " isNullable="false"/>
        <entry name="unit_measurement" type="String" expression="laboratory_test_group_codeset.unit_measurement " isNullable="true"/>
        <entry name="lab_test_order_status" type="Integer" expression="laboratory_test_group_codeset.lab_test_order_status " isNullable="true"/>
        <entry name="order_priority" type="Integer" expression="laboratory_test_group_codeset.order_priority " isNullable="true"/>
        <entry name="lab_number" type="String" expression="laboratory_test_group_codeset.lab_number " isNullable="true"/>
        <entry name="lab_test_group_id" type="Integer" expression="laboratory_test_group_codeset.lab_test_group_id " isNullable="true"/>
        <entry name="patient_id" type="int" expression="person.id " isNullable="false"/>
        <entry name="uuid" type="String" expression="laboratory_test_group_codeset.uuid " isNullable="false"/>
        <entry name="patient_uuid" type="String" expression="laboratory_test_group_codeset.patient_uuid " isNullable="true"/>
      </metadataTableEntries>
    </table>
  </mapperTable>
  <mapperTable type="var">
    <table name="Var" isMinimized="true" isReject="false" isRejectInnerJoin="false" isInnerJoin="false" isPersistent="false" expressionFilter="null" activateExpressionFilter="false" activateCondensedTool="false" activateColumnNameFilter="false" columnNameFilter="null"/>
  </mapperTable>
</externalNode>
