<?xml version="1.1" encoding="UTF-8"?>

<externalNode i18n.job.component.parameters="Component Parameters:" i18n.job.properties="Properties" i18n.job.values="Values" i18n.mapper.table.for="Mapper table for " i18n.mapper.table.properties="Mapper table Properties" i18n.job.name="Name" i18n.tmap.matching.mode="Matching-mode" i18n.mapper.table.isminimized="isMinimized" i18n.tmap.isreject="isReject" i18n.tmap.isrejectinnnerjoin="isRejectInnerJoin" i18n.tmap.isinnerjoin="isInnerJoin" i18n.tmap.expressionfilter="expressionFilter" i18n.mapper.table.metadata.entries="Metadata Table Entries" i18n.job.type="Type" i18n.mapper.table.expression="Expression" i18n.tmap.isnullable="isNullable" i18n.tmap.constraint.entries="Constraint Table Entries" name="tMap_3" preview="pictures/_XhZsIGOYEe2s-tcvADG5zQ-tMap_3-PREVIEW.bmp">
  <parameters>
    <column name="tStatCatcher Statistics">false</column>
    <column name="Mapping links display as:">AUTO</column>
    <column name="Temp data directory path:"></column>
    <column name="Max buffer size (nb of rows):">2000000</column>
    <column name="Ignore trailing zeros for BigDecimal">true</column>
    <column name="Show Information">false</column>
    <column name="Comment"><![CDATA[]]></column>
    <column name="Use an existing validation rule">false</column>
  </parameters>
  <mapperTable type="input">
    <table name="laboratory_order_visit" matching-mode="UNIQUE_MATCH" lookup-mode="LOAD_ONCE" isMinimized="false" isReject="false" isRejectInnerJoin="false" isInnerJoin="false" isPersistent="false" expressionFilter="null" activateExpressionFilter="false" activateCondensedTool="false" activateColumnNameFilter="false" columnNameFilter="null">
      <metadataTableEntries>
        <entry name="id" type="long" expression="" isNullable="false"/>
        <entry name="date_created" type="java.util.Date" expression="" isNullable="false"/>
        <entry name="date_modified" type="java.util.Date" expression="" isNullable="false"/>
        <entry name="modified_by" type="String" expression="" isNullable="true"/>
        <entry name="created_by" type="String" expression="" isNullable="true"/>
        <entry name="archived" type="Integer" expression="" isNullable="true"/>
        <entry name="uuid" type="String" expression="" isNullable="false"/>
        <entry name="order_date" type="java.util.Date" expression="" isNullable="true"/>
        <entry name="facility_id" type="int" expression="" isNullable="false"/>
        <entry name="patient_uuid" type="String" expression="" isNullable="true"/>
        <entry name="visit_id" type="int" expression="" isNullable="false"/>
      </metadataTableEntries>
    </table>
    <table name="patient_person_lookup" matching-mode="UNIQUE_MATCH" lookup-mode="LOAD_ONCE" isMinimized="false" isReject="false" isRejectInnerJoin="false" isInnerJoin="false" isPersistent="false" expressionFilter="null" activateExpressionFilter="false" activateCondensedTool="false" activateColumnNameFilter="false" columnNameFilter="null">
      <metadataTableEntries>
        <entry name="id" type="int" expression="" isNullable="false"/>
        <entry name="uuid" type="String" expression="laboratory_order_visit.patient_uuid " isNullable="false"/>
      </metadataTableEntries>
    </table>
  </mapperTable>
  <mapperTable type="output">
    <table name="laboratory_orde_final" isMinimized="false" isReject="false" isRejectInnerJoin="false" isInnerJoin="false" isPersistent="false" expressionFilter="null" activateExpressionFilter="false" activateCondensedTool="false" activateColumnNameFilter="false" columnNameFilter="null">
      <metadataTableEntries>
        <entry name="id" type="long" expression="laboratory_order_visit.id " isNullable="false"/>
        <entry name="date_created" type="java.util.Date" expression="laboratory_order_visit.date_created " isNullable="false"/>
        <entry name="date_modified" type="java.util.Date" expression="laboratory_order_visit.date_modified " isNullable="false"/>
        <entry name="modified_by" type="String" expression="laboratory_order_visit.modified_by " isNullable="true"/>
        <entry name="created_by" type="String" expression="laboratory_order_visit.created_by " isNullable="true"/>
        <entry name="archived" type="Integer" expression="laboratory_order_visit.archived " isNullable="true"/>
        <entry name="uuid" type="String" expression="laboratory_order_visit.uuid " isNullable="false"/>
        <entry name="order_date" type="java.util.Date" expression="laboratory_order_visit.order_date " isNullable="true"/>
        <entry name="facility_id" type="int" expression="laboratory_order_visit.facility_id " isNullable="false"/>
        <entry name="patient_uuid" type="String" expression="laboratory_order_visit.patient_uuid " isNullable="true"/>
        <entry name="visit_id" type="int" expression="laboratory_order_visit.visit_id " isNullable="false"/>
        <entry name="patient_id" type="int" expression="patient_person_lookup.id " isNullable="false"/>
      </metadataTableEntries>
    </table>
  </mapperTable>
  <mapperTable type="var">
    <table name="Var" isMinimized="true" isReject="false" isRejectInnerJoin="false" isInnerJoin="false" isPersistent="false" expressionFilter="null" activateExpressionFilter="false" activateCondensedTool="false" activateColumnNameFilter="false" columnNameFilter="null"/>
  </mapperTable>
</externalNode>
