<?xml version="1.1" encoding="UTF-8"?>

<externalNode i18n.job.component.parameters="Component Parameters:" i18n.job.properties="Properties" i18n.job.values="Values" i18n.mapper.table.for="Mapper table for " i18n.mapper.table.properties="Mapper table Properties" i18n.job.name="Name" i18n.tmap.matching.mode="Matching-mode" i18n.mapper.table.isminimized="isMinimized" i18n.tmap.isreject="isReject" i18n.tmap.isrejectinnnerjoin="isRejectInnerJoin" i18n.tmap.isinnerjoin="isInnerJoin" i18n.tmap.expressionfilter="expressionFilter" i18n.mapper.table.metadata.entries="Metadata Table Entries" i18n.job.type="Type" i18n.mapper.table.expression="Expression" i18n.tmap.isnullable="isNullable" i18n.tmap.constraint.entries="Constraint Table Entries" name="tMap_12" preview="pictures/_XhZsIGOYEe2s-tcvADG5zQ-tMap_12-PREVIEW.bmp">
  <parameters>
    <column name="tStatCatcher Statistics">false</column>
    <column name="Mapping links display as:">AUTO</column>
    <column name="Temp data directory path:"></column>
    <column name="Max buffer size (nb of rows):">2000000</column>
    <column name="Ignore trailing zeros for BigDecimal">true</column>
    <column name="Show Information">false</column>
    <column name="Comment"><![CDATA[]]></column>
    <column name="Use an existing validation rule">false</column>
  </parameters>
  <mapperTable type="input">
    <table name="laboratory_result_extracts" matching-mode="UNIQUE_MATCH" lookup-mode="LOAD_ONCE" isMinimized="false" isReject="false" isRejectInnerJoin="false" isInnerJoin="false" isPersistent="false" expressionFilter="null" activateExpressionFilter="false" activateCondensedTool="false" activateColumnNameFilter="false" columnNameFilter="null">
      <metadataTableEntries>
        <entry name="id" type="int" expression="" isNullable="false"/>
        <entry name="result_reported" type="String" expression="" isNullable="true"/>
        <entry name="date_result_reported" type="java.util.Date" expression="" isNullable="true"/>
        <entry name="person_uuid" type="String" expression="" isNullable="true"/>
        <entry name="date_assayed" type="java.util.Date" expression="" isNullable="true"/>
        <entry name="facility_id" type="Integer" expression="" isNullable="true"/>
        <entry name="created_by" type="String" expression="" isNullable="true"/>
        <entry name="date_created" type="java.util.Date" expression="" isNullable="true"/>
        <entry name="modified_by" type="String" expression="" isNullable="true"/>
        <entry name="date_modified" type="java.util.Date" expression="" isNullable="true"/>
        <entry name="test_id" type="int" expression="" isNullable="false"/>
        <entry name="archived" type="Integer" expression="" isNullable="true"/>
        <entry name="date_result_received" type="java.util.Date" expression="" isNullable="true"/>
      </metadataTableEntries>
    </table>
    <table name="patient_person_data" matching-mode="UNIQUE_MATCH" lookup-mode="LOAD_ONCE" isMinimized="false" isReject="false" isRejectInnerJoin="false" isInnerJoin="false" isPersistent="false" expressionFilter="null" activateExpressionFilter="false" activateCondensedTool="false" activateColumnNameFilter="false" columnNameFilter="null">
      <metadataTableEntries>
        <entry name="id" type="int" expression="" isNullable="false"/>
        <entry name="uuid" type="String" expression="laboratory_result_extracts.person_uuid " isNullable="false"/>
      </metadataTableEntries>
    </table>
  </mapperTable>
  <mapperTable type="output">
    <table name="laboratory_result_final" isMinimized="false" isReject="false" isRejectInnerJoin="false" isInnerJoin="false" isPersistent="false" expressionFilter="null" activateExpressionFilter="false" activateCondensedTool="false" activateColumnNameFilter="false" columnNameFilter="null">
      <metadataTableEntries>
        <entry name="id" type="int" expression="laboratory_result_extracts.id " isNullable="false"/>
        <entry name="result_reported" type="String" expression="laboratory_result_extracts.result_reported " isNullable="true"/>
        <entry name="date_result_reported" type="java.util.Date" expression="laboratory_result_extracts.date_result_reported " isNullable="true"/>
        <entry name="patient_uuid" type="String" expression="laboratory_result_extracts.person_uuid " isNullable="true"/>
        <entry name="uuid" type="String" expression="java.util.UUID.randomUUID().toString() " isNullable="true"/>
        <entry name="date_assayed" type="java.util.Date" expression="laboratory_result_extracts.date_assayed " isNullable="true"/>
        <entry name="facility_id" type="Integer" expression="laboratory_result_extracts.facility_id " isNullable="true"/>
        <entry name="created_by" type="String" expression="laboratory_result_extracts.created_by " isNullable="true"/>
        <entry name="date_created" type="java.util.Date" expression="laboratory_result_extracts.date_created " isNullable="true"/>
        <entry name="modified_by" type="String" expression="laboratory_result_extracts.modified_by " isNullable="true"/>
        <entry name="date_modified" type="java.util.Date" expression="laboratory_result_extracts.date_modified " isNullable="true"/>
        <entry name="test_id" type="int" expression="laboratory_result_extracts.test_id " isNullable="false"/>
        <entry name="patient_id" type="int" expression="patient_person_data.id " isNullable="false"/>
        <entry name="archived" type="Integer" expression="laboratory_result_extracts.archived " isNullable="true"/>
        <entry name="date_result_received" type="java.util.Date" expression="laboratory_result_extracts.date_result_received " isNullable="true"/>
      </metadataTableEntries>
    </table>
  </mapperTable>
  <mapperTable type="var">
    <table name="Var" isMinimized="true" isReject="false" isRejectInnerJoin="false" isInnerJoin="false" isPersistent="false" expressionFilter="null" activateExpressionFilter="false" activateCondensedTool="false" activateColumnNameFilter="false" columnNameFilter="null"/>
  </mapperTable>
</externalNode>
