<?xml version="1.1" encoding="UTF-8"?>

<externalNode i18n.job.component.parameters="Component Parameters:" i18n.job.properties="Properties" i18n.job.values="Values" i18n.mapper.table.for="Mapper table for " i18n.mapper.table.properties="Mapper table Properties" i18n.job.name="Name" i18n.tmap.matching.mode="Matching-mode" i18n.mapper.table.isminimized="isMinimized" i18n.tmap.isreject="isReject" i18n.tmap.isrejectinnnerjoin="isRejectInnerJoin" i18n.tmap.isinnerjoin="isInnerJoin" i18n.tmap.expressionfilter="expressionFilter" i18n.mapper.table.metadata.entries="Metadata Table Entries" i18n.job.type="Type" i18n.mapper.table.expression="Expression" i18n.tmap.isnullable="isNullable" i18n.tmap.constraint.entries="Constraint Table Entries" name="tMap_7" preview="pictures/_rAAXsEiuEe2tU_X-_QVMag-tMap_7-PREVIEW.bmp">
  <parameters>
    <column name="tStatCatcher Statistics">false</column>
    <column name="Mapping links display as:">AUTO</column>
    <column name="Temp data directory path:"></column>
    <column name="Max buffer size (nb of rows):">2000000</column>
    <column name="Ignore trailing zeros for BigDecimal">true</column>
    <column name="Show Information">false</column>
    <column name="Comment"><![CDATA[]]></column>
    <column name="Use an existing validation rule">false</column>
  </parameters>
  <mapperTable type="input">
    <table name="extract_vistits" matching-mode="UNIQUE_MATCH" lookup-mode="LOAD_ONCE" isMinimized="false" isReject="false" isRejectInnerJoin="false" isInnerJoin="false" isPersistent="false" expressionFilter="null" activateExpressionFilter="false" activateCondensedTool="false" activateColumnNameFilter="false" columnNameFilter="null">
      <metadataTableEntries>
        <entry name="id" type="long" expression="" isNullable="false"/>
        <entry name="person_uuid" type="String" expression="" isNullable="false"/>
        <entry name="visit_start_date" type="java.util.Date" expression="" isNullable="false"/>
        <entry name="visit_end_date" type="java.util.Date" expression="" isNullable="false"/>
        <entry name="uuid" type="String" expression="" isNullable="false"/>
        <entry name="archived" type="Integer" expression="" isNullable="true"/>
        <entry name="datim_id" type="String" expression="" isNullable="false"/>
      </metadataTableEntries>
    </table>
    <table name="extract_facilitis" matching-mode="UNIQUE_MATCH" lookup-mode="LOAD_ONCE" isMinimized="false" isReject="false" isRejectInnerJoin="false" isInnerJoin="false" isPersistent="false" expressionFilter="null" activateExpressionFilter="false" activateCondensedTool="false" activateColumnNameFilter="false" columnNameFilter="null">
      <metadataTableEntries>
        <entry name="id" type="long" expression="" isNullable="false"/>
        <entry name="name" type="String" expression="" isNullable="true"/>
        <entry name="orgunit_name" type="String" expression="" isNullable="true"/>
        <entry name="datim_code" type="String" expression="extract_vistits.datim_id " isNullable="true"/>
      </metadataTableEntries>
    </table>
  </mapperTable>
  <mapperTable type="output">
    <table name="Sort_clinics" isMinimized="false" isReject="false" isRejectInnerJoin="false" isInnerJoin="false" isPersistent="false" expressionFilter="null" activateExpressionFilter="false" activateCondensedTool="false" activateColumnNameFilter="false" columnNameFilter="null">
      <metadataTableEntries>
        <entry name="id" type="Long" expression="extract_vistits.id " isNullable="true"/>
        <entry name="person_uuid" type="String" expression="extract_vistits.person_uuid " isNullable="true"/>
        <entry name="facility_id" type="Long" expression="extract_facilitis.id " isNullable="true"/>
        <entry name="visit_start_date" type="java.util.Date" expression="extract_vistits.visit_start_date " isNullable="true"/>
        <entry name="visit_end_date" type="java.util.Date" expression="extract_vistits.visit_end_date " isNullable="true"/>
        <entry name="archived" type="int" expression="(extract_vistits.archived==1)?0:extract_vistits.archived " isNullable="false"/>
        <entry name="created_date" type="java.util.Date" expression="extract_vistits.visit_start_date " isNullable="true"/>
        <entry name="last_modified_date" type="java.util.Date" expression="extract_vistits.visit_end_date " isNullable="true"/>
        <entry name="created_by" type="String" expression="&quot;ETL&quot;" isNullable="true"/>
        <entry name="last_modified_by" type="String" expression="&quot;ETL&quot;" isNullable="true"/>
        <entry name="uuid" type="String" expression="extract_vistits.uuid " isNullable="true"/>
      </metadataTableEntries>
    </table>
  </mapperTable>
  <mapperTable type="var">
    <table name="Var" isMinimized="true" isReject="false" isRejectInnerJoin="false" isInnerJoin="false" isPersistent="false" expressionFilter="null" activateExpressionFilter="false" activateCondensedTool="false" activateColumnNameFilter="false" columnNameFilter="null"/>
  </mapperTable>
</externalNode>
